pid,label,region,ahp_score
G000000,1,Africa,94.51678874341647
G000001,1,Africa,82.12764588037405
G000002,1,Africa,97.2223860361874
G000003,1,Africa,79.5783700529039
G000004,1,Africa,0.0
G000005,1,Africa,92.10446966981414
G000006,1,Africa,86.4506086087078
G000007,1,Africa,89.92810284165543
G000008,1,Africa,73.2126330323436
G000009,1,Africa,85.14573118863503
G000010,1,Africa,86.95954070489515
G000011,1,Africa,93.99217397202551
G000012,1,Africa,87.58398785165315
G000013,1,Africa,89.97365035104752
G000014,1,Africa,88.08561314094247
G000015,1,Africa,85.84795055522342
G000016,1,Africa,71.81948308277131
G000017,1,Africa,65.97693825611472
G000018,1,Africa,87.29299555911034
G000019,1,Africa,87.55275236185301
G000020,1,Africa,91.72232949721814
G000021,1,Africa,94.38326271292567
G000022,1,Africa,0.0
G000023,1,Africa,82.80795403973036
G000024,1,Africa,89.17118774545419
G000025,1,Africa,71.25772267830371
G000026,1,Africa,68.68574641639897
G000027,1,Africa,97.8038584266007
G000028,1,Africa,0.0
G000029,1,Africa,90.12165437875687
G000030,1,Africa,83.59863424241361
G000031,1,Africa,83.5680598119985
G000032,1,Africa,91.16853591628417
G000033,1,Africa,90.74752847015858
G000034,1,Africa,70.88454170054197
G000035,1,Africa,88.12002457231827
G000036,1,Africa,77.61837483988117
G000037,1,Africa,82.7913116684854
G000038,1,Africa,88.03706929339604
G000039,1,Africa,90.53889275164678
G000040,1,Africa,88.05705856801796
G000041,1,Africa,86.97078644160113
G000042,1,Africa,67.88284128141403
G000043,1,Africa,92.1512542554438
G000044,1,Africa,80.60668259739877
G000045,1,Africa,0.0
G000046,1,Africa,80.9170183206038
G000047,1,Africa,83.49536600691081
G000048,1,Africa,81.72002594947816
G000049,1,Africa,85.18017256569502
G000050,1,Africa,77.7800895695849
G000051,1,Africa,89.03610558864385
G000052,1,Africa,91.7769754950639
G000053,1,Africa,81.09182791828026
G000054,1,Africa,72.10721464383603
G000055,1,Africa,74.23219637280704
G000056,1,Africa,85.46033837419387
G000057,1,Africa,95.5252425544262
G000058,1,Africa,87.25428256506451
G000059,1,Africa,72.17284730148316
G000060,1,Africa,86.28571771003622
G000061,1,Africa,81.71434842476249
G000062,1,Africa,98.0595003505006
G000063,1,Africa,87.70119970843196
G000064,1,Africa,79.68292096467091
G000065,1,Africa,83.66164881593711
G000066,1,Africa,87.75969982451201
G000067,1,Africa,0.0
G000068,1,Africa,89.29927554022092
G000069,1,Africa,84.54086320430854
G000070,1,Africa,84.52878658640385
G000071,1,Africa,86.63004742039334
G000072,1,Africa,88.5189212705773
G000073,1,Africa,77.19252170363069
G000074,1,Africa,87.39689783366161
G000075,1,Africa,93.57450925930702
G000076,1,Africa,83.89944924867153
G000077,1,Africa,85.43482728785457
G000078,1,Africa,86.86001973779636
G000079,1,Africa,92.0928852333282
G000080,1,Africa,93.29900159326196
G000081,1,Africa,91.32301740925962
G000082,1,Africa,82.09257758151944
G000083,1,Africa,86.22462217139385
G000084,1,Africa,75.07055925154687
G000085,1,Africa,87.36582340408096
G000086,1,Africa,0.0
G000087,1,Africa,81.12949165388672
G000088,1,Africa,90.05424444782193
G000089,1,Africa,83.55673496584639
G000090,1,Africa,78.9392380436659
G000091,1,Africa,88.45807297121351
G000092,1,Africa,93.49941773479094
G000093,1,Africa,90.34357146310806
G000094,1,Africa,83.93070412349701
G000095,1,Africa,80.23098685634677
G000096,1,Africa,86.73182637357712
G000097,1,Africa,89.95615715095039
G000098,1,Africa,92.7980664725051
G000099,1,Africa,75.52343342199921
G000100,1,Africa,87.4531905763059
G000101,1,Africa,72.86820812547208
G000102,1,Africa,84.91424812968076
G000103,1,Africa,87.42988472518324
G000104,1,Africa,84.347090331931
G000105,1,Africa,85.11717482043396
G000106,1,Africa,87.46680418479895
G000107,1,Africa,85.59285615938902
G000108,1,Africa,0.0
G000109,1,Africa,91.70116794653643
G000110,1,Africa,86.1792981588783
G000111,1,Africa,86.25446483502515
G000112,1,Africa,82.9683091288805
G000113,1,Africa,93.75279540647567
G000114,1,Africa,75.77223066262947
G000115,1,Africa,67.83145308785727
G000116,1,Africa,84.86405787248593
G000117,1,Africa,86.99678393391859
G000118,1,Africa,86.06391722160576
G000119,1,Africa,73.44322101330756
G000120,1,Africa,93.96781826961042
G000121,1,Africa,91.73614654843509
G000122,1,Africa,85.73768410229683
G000123,1,Africa,91.34836398770862
G000124,1,Africa,70.03740024125575
G000125,1,Africa,70.43497993183136
G000126,1,Africa,74.89672577503325
G000127,1,Africa,86.60469123222612
G000128,1,Africa,70.49153632107378
G000129,1,Africa,87.0577949683847
G000130,1,Africa,93.51504767631941
G000131,1,Africa,88.9034944572819
G000132,1,Africa,85.07213581490878
G000133,1,Africa,89.73852872378177
G000134,1,Africa,67.11201701974869
G000135,1,Africa,98.38153554791212
G000136,1,Africa,85.07742259748731
G000137,1,Africa,62.51395782804489
G000138,1,Africa,86.14003731683259
G000139,1,Africa,81.09194979381562
G000140,1,Africa,91.24937008673496
G000141,1,Africa,84.75111230559963
G000142,1,Africa,92.54470308356936
G000143,1,Africa,90.63883132504672
G000144,1,Africa,53.829415958462334
G000145,1,Africa,84.01341967964173
G000146,1,Africa,74.5092071300745
G000147,1,Africa,69.92551638746262
G000148,1,Africa,83.61028177885757
G000149,1,Africa,75.6365280021375
G000150,1,Africa,83.85374313104154
G000151,1,Africa,72.52879390537738
G000152,1,Africa,84.33883032238484
G000153,1,Africa,90.23890484282374
G000154,1,Africa,90.30402506406018
G000155,1,Africa,83.02267131314314
G000156,1,Africa,88.31518360150854
G000157,1,Africa,89.99822586827206
G000158,1,Africa,76.43440098888586
G000159,1,Africa,74.33814812894842
G000160,1,Africa,90.56189574072127
G000161,1,Africa,70.57992418449936
G000162,1,Africa,87.80008324034424
G000163,1,Africa,78.48349392065407
G000164,1,Africa,85.25281887746308
G000165,1,Africa,79.89680243573045
G000166,1,Africa,84.98632247972489
G000167,1,Africa,86.81567028193852
G000168,1,Africa,86.86835655788038
G000169,1,Africa,85.87294836196304
G000170,1,Africa,91.5693601642522
G000171,1,Africa,93.458424924114
G000172,1,Africa,91.32167242507637
G000173,1,Africa,86.44336718302965
G000174,1,Africa,87.20484632251075
G000175,1,Africa,89.79998600322008
G000176,1,Africa,91.85436292759714
G000177,1,Africa,90.06507089540362
G000178,1,Africa,63.94158265876769
G000179,1,Africa,0.0
G000180,1,Africa,71.89534004259109
G000181,1,Africa,89.89886218965054
G000182,1,Africa,88.8129238555463
G000183,1,Africa,0.0
G000184,1,Africa,97.61640139615537
G000185,1,Africa,0.0
G000186,1,Africa,76.25875137341023
G000187,1,Africa,61.700474188685426
G000188,1,Africa,86.41502563935607
G000189,1,Africa,84.22026594022729
G000190,1,Africa,84.00232339249055
G000191,1,Africa,94.93689626849601
G000192,1,Africa,87.39632071792266
G000193,1,Africa,70.63589416038991
G000194,1,Africa,77.4061883649528
G000195,1,Africa,85.52545890754371
G000196,1,Africa,0.0
G000197,1,Africa,45.86741515660286
G000198,1,Africa,94.3542601427734
G000199,1,Africa,83.8218926512599
G000200,1,Africa,64.60759808811275
G000201,1,Africa,62.047511495709415
G000202,1,Africa,77.39842973530294
G000203,1,Africa,93.99403158438206
G000204,1,Africa,85.92225985643177
G000205,1,Africa,79.57954125884176
G000206,1,Africa,93.62978511968255
G000207,1,Africa,61.948564857482914
G000208,1,Africa,82.72055657963229
G000209,1,Africa,73.66004323029519
G000210,1,Africa,84.09728978323938
G000211,1,Africa,82.48981305366755
G000212,1,Africa,0.0
G000213,1,Africa,72.71513875198366
G000214,1,Africa,0.0
G000215,1,Africa,76.83791760063171
G000216,1,Africa,84.18726831185819
G000217,1,Africa,82.66738849474446
G000218,1,Africa,91.4249734279956
G000219,1,Africa,93.91227885587921
G000220,1,Africa,90.07648299269019
G000221,1,Africa,81.20983636650443
G000222,1,Africa,81.66663579597979
G000223,1,Africa,68.24802127563953
G000224,1,Africa,92.86662870944541
G000225,1,Central & North Asia,60.68577774654283
G000226,1,Central & North Asia,72.41606765124202
G000227,1,Central & North Asia,70.61158452871442
G000228,1,Central & North Asia,52.3115734148477
G000229,1,Central & North Asia,61.66025497005382
G000230,1,Central & North Asia,65.899385815913
G000231,1,Central & North Asia,64.89190685087442
G000232,1,Central & North Asia,77.96550582696091
G000233,1,Central & North Asia,67.31292130708695
G000234,1,Central & North Asia,61.95453208414353
G000235,1,Central & North Asia,70.20046513385884
G000236,1,Central & North Asia,73.64986302866629
G000237,1,Central & North Asia,65.12865144400298
G000238,1,Central & North Asia,70.77374874073269
G000239,1,Central & North Asia,80.47510617810127
G000240,1,Central & North Asia,62.849045045014584
G000241,1,East Asia,75.58712628534437
G000242,1,East Asia,81.99987745800887
G000243,1,East Asia,82.36308020243456
G000244,1,East Asia,61.48888154625893
G000245,1,East Asia,71.23041360995174
G000246,1,East Asia,79.14212672511962
G000247,1,East Asia,70.51235921359063
G000248,1,East Asia,66.73240666159987
G000249,1,East Asia,74.02741313057597
G000250,1,East Asia,71.10770711322897
G000251,1,East Asia,76.43270757013559
G000252,1,East Asia,68.80699127423765
G000253,1,East Asia,74.6710886130333
G000254,1,East Asia,50.54157922970707
G000255,1,East Asia,74.87086403116584
G000256,1,East Asia,78.71450622963184
G000257,1,East Asia,61.49383245241642
G000258,1,East Asia,64.57815669244528
G000259,1,East Asia,62.67312849533197
G000260,1,East Asia,84.38577252031908
G000261,1,East Asia,73.94138569781636
G000262,1,East Asia,83.01803099529673
G000263,1,East Asia,78.07635355409799
G000264,1,East Asia,67.9769844584763
G000265,1,East Asia,53.18243507599831
G000266,1,East Asia,58.0223393470645
G000267,1,East Asia,83.24908350788644
G000268,1,East Asia,76.74473634214294
G000269,1,East Asia,78.28266176915982
G000270,1,East Asia,59.68885675978661
G000271,1,East Asia,0.0
G000272,1,East Asia,79.55513010212779
G000273,1,East Asia,56.68999828795592
G000274,1,East Asia,54.27117420062875
G000275,1,East Asia,59.05426271940543
G000276,1,East Asia,58.048440898635164
G000277,1,East Asia,68.96388911294937
G000278,1,East Asia,65.75865751135349
G000279,1,East Asia,68.37904364523291
G000280,1,East Asia,86.04515266667173
G000281,1,East Asia,86.13221083505768
G000282,1,East Asia,66.24125175732915
G000283,1,East Asia,40.78641994297505
G000284,1,East Asia,64.47878447753192
G000285,1,East Asia,73.75849339194009
G000286,1,East Asia,65.64972116385084
G000287,1,East Asia,0.0
G000288,1,East Asia,75.45621469840407
G000289,1,East Asia,74.80371609398723
G000290,1,East Asia,0.0
G000291,1,East Asia,81.6552273490727
G000292,1,East Asia,74.35772247109269
G000293,1,East Asia,0.0
G000294,1,East Asia,74.41574116160743
G000295,1,East Asia,59.72829383939505
G000296,1,East Asia,60.506721417307865
G000297,1,East Asia,80.43887954974174
G000298,1,East Asia,60.79186447167396
G000299,1,East Asia,82.07599791936576
G000300,1,East Asia,51.098298880764936
G000301,1,East Asia,64.37674216855658
G000302,1,East Asia,84.87695078749368
G000303,1,East Asia,75.34475620138103
G000304,1,East Asia,43.42936856886835
G000305,1,East Asia,0.0
G000306,1,East Asia,66.26459496343136
G000307,1,East Asia,42.18571056604385
G000308,1,East Asia,57.7977201551795
G000309,1,East Asia,56.61861241993218
G000310,1,East Asia,66.65387922668097
G000311,1,East Asia,52.840721740471594
G000312,1,East Asia,0.0
G000313,1,East Asia,0.0
G000314,1,East Asia,69.76543834649772
G000315,1,East Asia,61.54092732214929
G000316,1,East Asia,51.20467816026644
G000317,1,East Asia,47.68856372809411
G000318,1,East Asia,48.793165075744646
G000319,1,East Asia,82.75817560886796
G000320,1,East Asia,58.26272543687351
G000321,1,East Asia,57.598115581035614
G000322,1,East Asia,64.15040704053641
G000323,1,East Asia,79.04326689454913
G000324,1,East Asia,0.0
G000325,1,East Asia,83.21567475563648
G000326,1,East Asia,55.01959113549283
G000327,1,East Asia,61.87496480500698
G000328,1,East Asia,76.07978342135837
G000329,1,East Asia,75.77214484994475
G000330,1,East Asia,69.38273953831195
G000331,1,East Asia,68.34788609487902
G000332,1,East Asia,57.851286673963074
G000333,1,East Asia,80.21622446454654
G000334,1,East Asia,59.24139253101747
G000335,1,East Asia,79.25514578834989
G000336,1,East Asia,45.231331813097
G000337,1,East Asia,70.66138419243919
G000338,1,East Asia,53.94778026952526
G000339,1,East Asia,68.31775860939243
G000340,1,East Asia,64.88013811552524
G000341,1,East Asia,57.26301727089918
G000342,1,East Asia,58.129477917432794
G000343,1,East Asia,0.0
G000344,1,East Asia,48.76045950291012
G000345,1,East Asia,71.38933457578764
G000346,1,East Asia,63.52355966502428
G000347,1,East Asia,0.0
G000348,1,East Asia,0.0
G000349,1,East Asia,55.18917002874614
G000350,1,East Asia,77.91210793094925
G000351,1,East Asia,50.27193825995923
G000352,1,East Asia,69.83605468504538
G000353,1,East Asia,43.244398156325026
G000354,1,East Asia,40.96606262207032
G000355,1,East Asia,69.17721505251436
G000356,1,East Asia,0.0
G000357,1,East Asia,0.0
G000358,1,East Asia,47.06020465534925
G000359,1,East Asia,0.0
G000360,1,East Asia,0.0
G000361,1,East Asia,55.86389109174049
G000362,1,East Asia,65.94893605499195
G000363,1,East Asia,54.39536941975355
G000364,1,East Asia,66.55983005666732
G000365,1,East Asia,88.87503616487979
G000366,1,East Asia,61.24242332148553
G000367,1,East Asia,85.39871204417943
G000368,1,East Asia,57.991466131900296
G000369,1,East Asia,65.63174563834883
G000370,1,East Asia,77.9221651185453
G000371,1,East Asia,66.86542549908162
G000372,1,East Asia,66.06102196446061
G000373,1,East Asia,53.15637032231598
G000374,1,East Asia,0.0
G000375,1,East Asia,0.0
G000376,1,East Asia,77.07342027521133
G000377,1,East Asia,58.87120706583333
G000378,1,East Asia,81.56086086095644
G000379,1,East Asia,0.0
G000380,1,East Asia,64.37176111483575
G000381,1,East Asia,79.68519569497758
G000382,1,East Asia,78.71478033441576
G000383,1,East Asia,51.60825347697735
G000384,1,East Asia,47.54009715819359
G000385,1,East Asia,0.0
G000386,1,East Asia,84.10187048006058
G000387,1,East Asia,61.14397357076407
G000388,1,East Asia,75.64870560184029
G000389,1,East Asia,79.85607918471098
G000390,1,East Asia,56.250983137168674
G000391,1,East Asia,39.527550386905666
G000392,1,East Asia,47.921067894292605
G000393,1,East Asia,67.53285236167908
G000394,1,East Asia,82.02283058860898
G000395,1,East Asia,55.59392289066315
G000396,1,East Asia,84.10435031124499
G000397,1,East Asia,78.63240336870605
G000398,1,East Asia,58.27155917400122
G000399,1,East Asia,80.09940503443778
G000400,1,East Asia,53.5618371444489
G000401,1,East Asia,79.37662148658796
G000402,1,East Asia,0.0
G000403,1,East Asia,84.72792849957943
G000404,1,East Asia,50.408644045445946
G000405,1,East Asia,0.0
G000406,1,East Asia,0.0
G000407,1,East Asia,62.40302986040711
G000408,1,East Asia,76.13676720410405
G000409,1,East Asia,37.84502519404889
G000410,1,East Asia,54.4724681285692
G000411,1,East Asia,65.07808913193688
G000412,1,East Asia,0.0
G000413,1,East Asia,0.0
G000414,1,East Asia,56.516937086690554
G000415,1,East Asia,76.03540678652399
G000416,1,East Asia,81.78438648481803
G000417,1,East Asia,0.0
G000418,1,East Asia,69.40323727393151
G000419,1,East Asia,46.38946259063483
G000420,1,East Asia,0.0
G000421,1,East Asia,73.35793458078847
G000422,1,East Asia,0.0
G000423,1,East Asia,67.74623488139746
G000424,1,East Asia,68.78390438684822
G000425,1,East Asia,0.0
G000426,1,East Asia,59.52872756886482
G000427,1,East Asia,67.70779492980242
G000428,1,East Asia,79.44200863426924
G000429,1,East Asia,55.02813464128972
G000430,1,East Asia,45.23375783642133
G000431,1,East Asia,57.92750082325935
G000432,1,East Asia,62.63047522711754
G000433,1,East Asia,47.225630792883315
G000434,1,East Asia,47.842746549010286
G000435,1,East Asia,68.40176497393847
G000436,1,East Asia,0.0
G000437,1,East Asia,77.2059552832282
G000438,1,East Asia,0.0
G000439,1,East Asia,0.0
G000440,1,East Asia,82.27372946152904
G000441,1,East Asia,51.385752874493605
G000442,1,East Asia,67.25846849179268
G000443,1,East Asia,63.24569033795595
G000444,1,East Asia,80.55584254646121
G000445,1,East Asia,0.0
G000446,1,East Asia,0.0
G000447,1,East Asia,66.75345667335392
G000448,1,East Asia,61.79262002116441
G000449,1,East Asia,61.410232123017316
G000450,1,East Asia,0.0
G000451,1,East Asia,44.396829141017164
G000452,1,East Asia,0.0
G000453,1,East Asia,51.488591396162
G000454,1,East Asia,0.0
G000455,1,East Asia,0.0
G000456,1,East Asia,60.35913651132583
G000457,1,East Asia,63.5444274595976
G000458,1,East Asia,82.11047903210286
G000459,1,East Asia,0.0
G000460,1,East Asia,67.38229801153052
G000461,1,East Asia,74.7124220047295
G000462,1,East Asia,65.811832793504
G000463,1,East Asia,56.90691124880314
G000464,1,East Asia,79.2103695445747
G000465,1,East Asia,46.0682906434536
G000466,1,East Asia,76.52385762896772
G000467,1,East Asia,63.696434770524505
G000468,1,East Asia,53.120518826842314
G000469,1,East Asia,66.15561563573462
G000470,1,East Asia,67.2690329633355
G000471,1,East Asia,38.03793222391606
G000472,1,East Asia,78.02297733360169
G000473,1,East Asia,77.39662858671402
G000474,1,East Asia,71.39646625807882
G000475,1,East Asia,58.835104258060454
G000476,1,East Asia,34.3318087539709
G000477,1,East Asia,46.15692457354069
G000478,1,East Asia,51.56570165778651
G000479,1,East Asia,46.78199612692089
G000480,1,East Asia,60.20809744615265
G000481,1,East Asia,58.95897594304157
G000482,1,East Asia,55.7053246088028
G000483,1,East Asia,0.0
G000484,1,East Asia,54.47404458674517
G000485,1,East Asia,58.38433382266851
G000486,1,East Asia,69.74180421296396
G000487,1,East Asia,72.80453718791902
G000488,1,East Asia,65.59413273525239
G000489,1,East Asia,55.28989481520653
G000490,1,East Asia,65.9925533566475
G000491,1,East Asia,43.975605554233894
G000492,1,East Asia,40.23558361291886
G000493,1,East Asia,0.0
G000494,1,East Asia,80.16772022077532
G000495,1,East Asia,81.47352016976838
G000496,1,East Asia,82.29957820765674
G000497,1,East Asia,0.0
G000498,1,East Asia,65.98376414978505
G000499,1,East Asia,62.177917460143576
G000500,1,East Asia,73.90872499355042
G000501,1,East Asia,0.0
G000502,1,East Asia,0.0
G000503,1,East Asia,83.23767996086045
G000504,1,East Asia,47.04172306907177
G000505,1,East Asia,64.51438962828752
G000506,1,East Asia,34.19047344017029
G000507,1,East Asia,80.99353071593515
G000508,1,East Asia,0.0
G000509,1,East Asia,63.21060796988011
G000510,1,East Asia,68.35735021704436
G000511,1,East Asia,0.0
G000512,1,East Asia,0.0
G000513,1,East Asia,66.3485029116571
G000514,1,East Asia,83.877568633765
G000515,1,East Asia,70.31751907928287
G000516,1,East Asia,72.9848535140396
G000517,1,East Asia,38.649448534011846
G000518,1,East Asia,33.805245168685914
G000519,1,East Asia,46.75289569222927
G000520,1,East Asia,60.62374704371438
G000521,1,East Asia,58.41978410041332
G000522,1,East Asia,57.58909315371513
G000523,1,East Asia,62.61297718375921
G000524,1,East Asia,0.0
G000525,1,East Asia,62.40442765801424
G000526,1,East Asia,73.60398911600583
G000527,1,East Asia,67.49844610530138
G000528,1,East Asia,65.08789428538084
G000529,1,East Asia,65.31214937636256
G000530,1,East Asia,38.88839606110979
G000531,1,East Asia,65.53269930738212
G000532,1,East Asia,79.35847010433403
G000533,1,East Asia,51.274499489397705
G000534,1,East Asia,65.65091516479849
G000535,1,East Asia,82.78098792505264
G000536,1,East Asia,63.04501805421982
G000537,1,East Asia,59.984830112934105
G000538,1,East Asia,56.42573809928787
G000539,1,East Asia,65.72669988441467
G000540,1,East Asia,56.83592213344575
G000541,1,East Asia,73.25123803631286
G000542,1,East Asia,72.29214880001906
G000543,1,East Asia,57.87106980741385
G000544,1,East Asia,64.13715541422367
G000545,1,East Asia,0.0
G000546,1,East Asia,63.38273842548239
G000547,1,East Asia,70.30726650372148
G000548,1,East Asia,51.59163530281637
G000549,1,East Asia,0.0
G000550,1,East Asia,0.0
G000551,1,East Asia,0.0
G000552,1,East Asia,69.74142458754237
G000553,1,East Asia,57.695137287735946
G000554,1,East Asia,0.0
G000555,1,East Asia,77.29508264052056
G000556,1,East Asia,82.72270082162186
G000557,1,East Asia,67.47750925007463
G000558,1,East Asia,63.231834614276885
G000559,1,East Asia,57.063550940096384
G000560,1,East Asia,0.0
G000561,1,East Asia,0.0
G000562,1,East Asia,68.49387788039446
G000563,1,East Asia,67.43381128060818
G000564,1,East Asia,61.667873316248254
G000565,1,East Asia,80.61064145411416
G000566,1,East Asia,64.32278922313452
G000567,1,East Asia,81.49822729129865
G000568,1,East Asia,0.0
G000569,1,East Asia,48.35826089847088
G000570,1,East Asia,0.0
G000571,1,East Asia,77.01834232159997
G000572,1,East Asia,67.4548639539182
G000573,1,East Asia,0.0
G000574,1,East Asia,0.0
G000575,1,East Asia,65.14665762446685
G000576,1,East Asia,48.45914421570301
G000577,1,East Asia,54.12241783776609
G000578,1,East Asia,78.37768417234314
G000579,1,East Asia,0.0
G000580,1,East Asia,0.0
G000581,1,East Asia,46.94783360159398
G000582,1,East Asia,59.42507947804532
G000583,1,East Asia,56.24384544014931
G000584,1,East Asia,76.00908203188759
G000585,1,East Asia,0.0
G000586,1,East Asia,65.73437568022626
G000587,1,East Asia,50.42461006909609
G000588,1,East Asia,0.0
G000589,1,East Asia,65.48970124887991
G000590,1,East Asia,42.606948592969864
G000591,1,East Asia,0.0
G000592,1,East Asia,56.2716579758525
G000593,1,East Asia,82.25625424289703
G000594,1,East Asia,81.17268523835955
G000595,1,East Asia,81.66529941527048
G000596,1,East Asia,53.136303782092796
G000597,1,East Asia,0.0
G000598,1,East Asia,64.42984788011151
G000599,1,East Asia,73.54641688215733
G000600,1,East Asia,53.92258433607492
G000601,1,East Asia,81.08791924367891
G000602,1,East Asia,61.26741209959984
G000603,1,East Asia,76.29641140952707
G000604,1,East Asia,71.00809106970286
G000605,1,East Asia,56.52197423124312
G000606,1,East Asia,66.06394262394309
G000607,1,East Asia,74.85138339413928
G000608,1,East Asia,77.7767750592602
G000609,1,East Asia,43.3938533744812
G000610,1,East Asia,58.07979378354548
G000611,1,East Asia,0.0
G000612,1,East Asia,75.29640074500261
G000613,1,East Asia,83.49210895499677
G000614,1,East Asia,63.65929725527762
G000615,1,East Asia,68.73622038334608
G000616,1,East Asia,72.88663898333458
G000617,1,East Asia,60.09827933955193
G000618,1,East Asia,0.0
G000619,1,East Asia,63.77971013060212
G000620,1,East Asia,62.48460882228613
G000621,1,East Asia,78.77547140813552
G000622,1,East Asia,65.03404874488712
G000623,1,East Asia,72.18806377051817
G000624,1,East Asia,58.33313264536858
G000625,1,East Asia,83.74553863234773
G000626,1,East Asia,80.56709462207556
G000627,1,East Asia,34.94167371201515
G000628,1,East Asia,0.0
G000629,1,East Asia,70.83724181860686
G000630,1,East Asia,72.07020801532269
G000631,1,East Asia,82.21954762395224
G000632,1,East Asia,37.79143987345696
G000633,1,East Asia,47.11468656075001
G000634,1,East Asia,0.0
G000635,1,East Asia,52.74483726155758
G000636,1,East Asia,50.71204989039898
G000637,1,East Asia,68.82206921382293
G000638,1,East Asia,0.0
G000639,1,East Asia,0.0
G000640,1,East Asia,0.0
G000641,1,East Asia,57.72442061561346
G000642,1,East Asia,69.81163102924462
G000643,1,East Asia,45.930827691912654
G000644,1,East Asia,69.56791597978771
G000645,1,East Asia,40.55479980766774
G000646,1,East Asia,63.87877167236805
G000647,1,East Asia,64.30096643859149
G000648,1,East Asia,83.10215579360364
G000649,1,East Asia,79.66720158165603
G000650,1,East Asia,66.15909832811356
G000651,1,East Asia,65.92542987028578
G000652,1,East Asia,58.244697319871555
G000653,1,East Asia,82.39537411204614
G000654,1,East Asia,86.24895458698273
G000655,1,East Asia,0.0
G000656,1,East Asia,78.87086243361236
G000657,1,East Asia,44.21792787608233
G000658,1,East Asia,52.52253168225288
G000659,1,East Asia,63.20893487906456
G000660,1,East Asia,46.9005052343607
G000661,1,East Asia,62.647832199109324
G000662,1,East Asia,69.01046642964808
G000663,1,East Asia,83.44233792459603
G000664,1,East Asia,59.46316869377728
G000665,1,East Asia,66.86308761621966
G000666,1,East Asia,51.55503027069569
G000667,1,East Asia,83.25906425595194
G000668,1,East Asia,68.68943680670858
G000669,1,East Asia,54.42925138777495
G000670,1,East Asia,64.61472782808542
G000671,1,East Asia,81.08301889774067
G000672,1,East Asia,78.79369350196195
G000673,1,East Asia,67.67476045817136
G000674,1,East Asia,83.98418527638913
G000675,1,East Asia,47.91265172123548
G000676,1,East Asia,89.28605198708178
G000677,1,East Asia,67.50014586085081
G000678,1,East Asia,51.657107125130565
G000679,1,East Asia,66.88678071618081
G000680,1,East Asia,66.94784503555297
G000681,1,East Asia,0.0
G000682,1,East Asia,0.0
G000683,1,East Asia,64.48598705267906
G000684,1,East Asia,65.5458768811226
G000685,1,East Asia,44.51899573211959
G000686,1,East Asia,82.8303730627479
G000687,1,East Asia,0.0
G000688,1,East Asia,63.99922881573258
G000689,1,East Asia,68.86523610574369
G000690,1,East Asia,67.02923634254752
G000691,1,East Asia,83.30604954580828
G000692,1,East Asia,64.41712407827377
G000693,1,East Asia,51.67069783680367
G000694,1,East Asia,57.41795656573231
G000695,1,East Asia,72.99803751222879
G000696,1,East Asia,61.89769172930718
G000697,1,East Asia,0.0
G000698,1,East Asia,86.63353428493306
G000699,1,East Asia,74.09818749901652
G000700,1,East Asia,0.0
G000701,1,East Asia,47.43809641134739
G000702,1,East Asia,39.508408602714546
G000703,1,East Asia,68.24276828156277
G000704,1,East Asia,61.419440403461444
G000705,1,East Asia,62.872095963925126
G000706,1,East Asia,79.79804724736377
G000707,1,East Asia,59.077861544455544
G000708,1,East Asia,74.49841133618355
G000709,1,East Asia,85.88049591988326
G000710,1,East Asia,0.0
G000711,1,East Asia,48.27961652836294
G000712,1,East Asia,63.81775184553863
G000713,1,East Asia,48.94718850610654
G000714,1,East Asia,0.0
G000715,1,East Asia,75.5451081832539
G000716,1,East Asia,70.23299246166556
G000717,1,East Asia,64.15676398602128
G000718,1,East Asia,69.21266784799099
G000719,1,East Asia,53.72605044826233
G000720,1,East Asia,79.76839130353927
G000721,1,East Asia,0.0
G000722,1,East Asia,65.32868457382916
G000723,1,East Asia,58.62315518295765
G000724,1,East Asia,54.22902863922986
G000725,1,East Asia,60.65045842933655
G000726,1,East Asia,50.19468994205467
G000727,1,East Asia,64.91174057173188
G000728,1,East Asia,53.68923976714501
G000729,1,East Asia,0.0
G000730,1,East Asia,0.0
G000731,1,East Asia,43.062419318556785
G000732,1,East Asia,47.37550145218228
G000733,1,East Asia,76.33867512829195
G000734,1,East Asia,66.69618679302931
G000735,1,East Asia,57.783603548169125
G000736,1,East Asia,58.978791176497936
G000737,1,East Asia,66.57876517772675
G000738,1,East Asia,49.61581936943531
G000739,1,East Asia,0.0
G000740,1,East Asia,0.0
G000741,1,East Asia,69.56509585341179
G000742,1,East Asia,62.311276867266855
G000743,1,East Asia,75.27259738252019
G000744,1,East Asia,79.21843563953043
G000745,1,East Asia,84.3915976947397
G000746,1,East Asia,54.9685246154368
G000747,1,East Asia,0.0
G000748,1,East Asia,72.14437345856427
G000749,1,East Asia,44.43777786778682
G000750,1,East Asia,0.0
G000751,1,East Asia,50.96832140576839
G000752,1,East Asia,50.01145738697051
G000753,1,East Asia,79.35320777080186
G000754,1,East Asia,63.69077702640222
G000755,1,East Asia,64.15372351408004
G000756,1,East Asia,61.972109753310676
G000757,1,East Asia,0.0
G000758,1,East Asia,73.01631174915849
G000759,1,East Asia,58.025897299587726
G000760,1,East Asia,72.03566857842515
G000761,1,East Asia,49.25270575209459
G000762,1,East Asia,43.59625927877426
G000763,1,East Asia,0.0
G000764,1,East Asia,67.11781021541357
G000765,1,East Asia,0.0
G000766,1,East Asia,60.60416491127015
G000767,1,East Asia,87.51040338958212
G000768,1,East Asia,70.72438442533215
G000769,1,East Asia,43.02873632256913
G000770,1,East Asia,63.02770904815197
G000771,1,East Asia,69.98141501599551
G000772,1,East Asia,39.640087787606504
G000773,1,East Asia,59.11870121167645
G000774,1,East Asia,70.37553304186734
G000775,1,East Asia,81.13939629303687
G000776,1,East Asia,63.76259356855984
G000777,1,East Asia,52.00144979897774
G000778,1,East Asia,43.6862068347931
G000779,1,East Asia,48.89310765564442
G000780,1,East Asia,83.10589596306555
G000781,1,East Asia,59.08586289674042
G000782,1,East Asia,74.53724748608379
G000783,1,East Asia,63.11463119827212
G000784,1,East Asia,66.60192423546314
G000785,1,East Asia,83.01289963696581
G000786,1,East Asia,48.424744855732634
G000787,1,East Asia,68.51908671968091
G000788,1,East Asia,82.05061506605149
G000789,1,East Asia,49.21817279099336
G000790,1,East Asia,56.413634743273256
G000791,1,East Asia,88.46658677601815
G000792,1,East Asia,84.98258411686123
G000793,1,East Asia,0.0
G000794,1,East Asia,68.84349156145255
G000795,1,East Asia,76.75806847536926
G000796,1,East Asia,46.8337842359543
G000797,1,East Asia,57.03695305442811
G000798,1,East Asia,45.59527263432741
G000799,1,East Asia,0.0
G000800,1,East Asia,43.56498312280756
G000801,1,East Asia,51.8793832294941
G000802,1,East Asia,60.391753460526466
G000803,1,East Asia,0.0
G000804,1,East Asia,68.1806581921284
G000805,1,East Asia,71.53975590001906
G000806,1,East Asia,64.91548729687929
G000807,1,East Asia,51.89548884439469
G000808,1,East Asia,41.033490901947026
G000809,1,East Asia,0.0
G000810,1,East Asia,84.41961322114324
G000811,1,East Asia,72.02802674590639
G000812,1,East Asia,74.81530844917171
G000813,1,East Asia,80.45549549366488
G000814,1,East Asia,79.4683891415447
G000815,1,East Asia,46.6233510581255
G000816,1,East Asia,74.81845915112712
G000817,1,East Asia,51.88098169505596
G000818,1,East Asia,51.810743181488725
G000819,1,East Asia,67.99886261713506
G000820,1,East Asia,67.15422003984452
G000821,1,East Asia,70.80200503441691
G000822,1,East Asia,0.0
G000823,1,East Asia,55.609765064958374
G000824,1,East Asia,61.785125577272126
G000825,1,East Asia,0.0
G000826,1,East Asia,0.0
G000827,1,East Asia,0.0
G000828,1,East Asia,67.95840625083447
G000829,1,East Asia,0.0
G000830,1,East Asia,69.9103990752995
G000831,1,East Asia,60.01785576438904
G000832,1,East Asia,67.90681407676095
G000833,1,East Asia,62.3624402920387
G000834,1,East Asia,68.21465807768703
G000835,1,East Asia,48.752272523880016
G000836,1,East Asia,61.40575268924236
G000837,1,East Asia,0.0
G000838,1,East Asia,70.90111538206448
G000839,1,East Asia,55.42537834560871
G000840,1,East Asia,82.57612824310227
G000841,1,East Asia,67.83115215975047
G000842,1,East Asia,82.97552174571067
G000843,1,East Asia,65.62989948132633
G000844,1,East Asia,62.609968196749676
G000845,1,East Asia,0.0
G000846,1,East Asia,0.0
G000847,1,East Asia,54.25473558371898
G000848,1,East Asia,43.936005906701084
G000849,1,East Asia,58.67810716760158
G000850,1,East Asia,79.41870715818757
G000851,1,East Asia,41.260220598220826
G000852,1,East Asia,47.96790568816662
G000853,1,East Asia,61.530439599871634
G000854,1,East Asia,56.49540070681681
G000855,1,East Asia,56.976497391104694
G000856,1,East Asia,69.50712440834805
G000857,1,East Asia,78.99025871783584
G000858,1,East Asia,54.656955528974535
G000859,1,East Asia,58.250374591469765
G000860,1,East Asia,61.51287629359962
G000861,1,East Asia,58.89609891567085
G000862,1,East Asia,70.7273312285669
G000863,1,East Asia,84.2152506952078
G000864,1,East Asia,69.26639060838023
G000865,1,East Asia,0.0
G000866,1,East Asia,0.0
G000867,1,East Asia,60.91372471358017
G000868,1,East Asia,60.18796104216576
G000869,1,East Asia,64.313687302351
G000870,1,East Asia,83.6166467155191
G000871,1,East Asia,58.3025551720695
G000872,1,East Asia,0.0
G000873,1,East Asia,0.0
G000874,1,East Asia,58.62011418688298
G000875,1,East Asia,52.323130091846004
G000876,1,East Asia,55.977189718723295
G000877,1,East Asia,62.816443473355335
G000878,1,East Asia,48.760707847833636
G000879,1,East Asia,0.0
G000880,1,East Asia,63.468181207060816
G000881,1,East Asia,0.0
G000882,1,East Asia,0.0
G000883,1,East Asia,0.0
G000884,1,East Asia,0.0
G000885,1,East Asia,70.5285097219041
G000886,1,East Asia,62.00221347793937
G000887,1,East Asia,43.423973664926756
G000888,1,East Asia,85.51075931197224
G000889,1,East Asia,0.0
G000890,1,East Asia,75.01473992663621
G000891,1,East Asia,60.49304611677654
G000892,1,East Asia,53.39295701545477
G000893,1,East Asia,59.32229651412367
G000894,1,East Asia,58.283998500347145
G000895,1,East Asia,74.52192249873279
G000896,1,East Asia,64.89794376736879
G000897,1,East Asia,62.06472707211971
G000898,1,East Asia,55.86819599163532
G000899,1,East Asia,0.0
G000900,1,East Asia,68.97763603645564
G000901,1,East Asia,72.06401852630665
G000902,1,East Asia,69.8201643892066
G000903,1,East Asia,0.0
G000904,1,East Asia,0.0
G000905,1,East Asia,71.9351747630076
G000906,1,East Asia,0.0
G000907,1,East Asia,57.2628689696545
G000908,1,East Asia,0.0
G000909,1,East Asia,88.80246062302591
G000910,1,East Asia,74.42120139542222
G000911,1,East Asia,65.25759778526425
G000912,1,East Asia,84.68727505172654
G000913,1,East Asia,42.65307961916924
G000914,1,East Asia,67.4767160590887
G000915,1,East Asia,0.0
G000916,1,East Asia,0.0
G000917,1,East Asia,0.0
G000918,1,East Asia,0.0
G000919,1,East Asia,47.23283621609211
G000920,1,East Asia,49.255605260431764
G000921,1,East Asia,64.8951047242916
G000922,1,East Asia,0.0
G000923,1,East Asia,68.70867914318768
G000924,1,East Asia,0.0
G000925,1,East Asia,0.0
G000926,1,East Asia,55.754540407538414
G000927,1,East Asia,47.92041674351151
G000928,1,East Asia,67.53608130895009
G000929,1,East Asia,79.39335131107136
G000930,1,East Asia,0.0
G000931,1,East Asia,69.67190339377522
G000932,1,East Asia,53.58558160042762
G000933,1,East Asia,0.0
G000934,1,East Asia,0.0
G000935,1,East Asia,64.02856125837565
G000936,1,East Asia,70.75894607350862
G000937,1,East Asia,50.519139934658995
G000938,1,East Asia,45.87214557523619
G000939,1,East Asia,64.72641204386768
G000940,1,East Asia,67.8428638317585
G000941,1,East Asia,74.93345926732547
G000942,1,East Asia,50.32429045462609
G000943,1,East Asia,57.69849640881112
G000944,1,East Asia,0.0
G000945,1,East Asia,85.47919553245018
G000946,1,East Asia,0.0
G000947,1,East Asia,81.40647920126266
G000948,1,East Asia,72.59909631595647
G000949,1,East Asia,71.83668090359687
G000950,1,East Asia,0.0
G000951,1,East Asia,47.64981511854403
G000952,1,East Asia,78.15276374424408
G000953,1,East Asia,49.25733774876595
G000954,1,East Asia,79.11937634966411
G000955,1,East Asia,68.1875960444212
G000956,1,East Asia,0.0
G000957,1,East Asia,65.72358632904292
G000958,1,East Asia,62.49349136638641
G000959,1,East Asia,62.921671895563605
G000960,1,East Asia,70.93073876202108
G000961,1,East Asia,44.65775479364395
G000962,1,East Asia,0.0
G000963,1,East Asia,67.01300539815426
G000964,1,East Asia,68.79961400326636
G000965,1,East Asia,60.27246778607369
G000966,1,East Asia,0.0
G000967,1,East Asia,63.16448148236672
G000968,1,East Asia,73.1473849751579
G000969,1,East Asia,84.47688320245163
G000970,1,East Asia,65.1270890158469
G000971,1,East Asia,0.0
G000972,1,East Asia,72.88775739177068
G000973,1,East Asia,70.15995546167095
G000974,1,East Asia,0.0
G000975,1,East Asia,54.231731507160454
G000976,1,East Asia,70.93590193784237
G000977,1,East Asia,79.24908620419737
G000978,1,East Asia,84.48035206546658
G000979,1,East Asia,46.88036274290086
G000980,1,East Asia,76.66703907872238
G000981,1,East Asia,49.158139201045046
G000982,1,East Asia,70.87649605846406
G000983,1,East Asia,69.38330083799362
G000984,1,East Asia,47.715319587349896
G000985,1,East Asia,82.37442471649973
G000986,1,East Asia,0.0
G000987,1,East Asia,0.0
G000988,1,East Asia,51.496078463196746
G000989,1,East Asia,68.64719582608342
G000990,1,East Asia,74.24245816608
G000991,1,East Asia,78.0348424307695
G000992,1,East Asia,0.0
G000993,1,East Asia,0.0
G000994,1,East Asia,66.31537239981013
G000995,1,East Asia,0.0
G000996,1,East Asia,62.89256713464043
G000997,1,East Asia,61.27374570681652
G000998,1,East Asia,80.77446683833185
G000999,1,East Asia,66.57349317113919
G001000,1,East Asia,0.0
G001001,1,East Asia,58.865386077821256
G001002,1,East Asia,66.63734958035205
G001003,1,East Asia,65.79967237639427
G001004,1,East Asia,55.98577085268498
G001005,1,East Asia,66.74381015491485
G001006,1,East Asia,56.97294153010846
G001007,1,East Asia,0.0
G001008,1,East Asia,0.0
G001009,1,East Asia,0.0
G001010,1,East Asia,0.0
G001011,1,East Asia,65.48935102239251
G001012,1,East Asia,45.34116331007806
G001013,1,East Asia,67.40040430510045
G001014,1,East Asia,42.89423715114594
G001015,1,East Asia,51.23308816884142
G001016,1,East Asia,70.9877063970927
G001017,1,East Asia,63.33447242638468
G001018,1,East Asia,61.486390938639644
G001019,1,East Asia,0.0
G001020,1,East Asia,80.35514425887484
G001021,1,East Asia,47.489877203226094
G001022,1,East Asia,62.09526609417796
G001023,1,East Asia,0.0
G001024,1,East Asia,0.0
G001025,1,East Asia,34.50250102937222
G001026,1,East Asia,67.57243878030596
G001027,1,East Asia,34.00532872962952
G001028,1,East Asia,79.84129827499751
G001029,1,East Asia,52.908329718112945
G001030,1,East Asia,43.618557462692266
G001031,1,East Asia,63.76660763568407
G001032,1,East Asia,80.97985419511795
G001033,1,East Asia,0.0
G001034,1,East Asia,0.0
G001035,1,East Asia,61.48470794665813
G001036,1,East Asia,0.0
G001037,1,East Asia,53.311279801166414
G001038,1,East Asia,64.5133267672658
G001039,1,East Asia,0.0
G001040,1,East Asia,65.5506214030385
G001041,1,East Asia,0.0
G001042,1,East Asia,76.26831518070807
G001043,1,East Asia,37.82707907855511
G001044,1,East Asia,84.59478358947102
G001045,1,East Asia,0.0
G001046,1,East Asia,72.3032581319809
G001047,1,East Asia,47.60572844898701
G001048,1,East Asia,40.931346655845644
G001049,1,East Asia,69.4507209810127
G001050,1,East Asia,60.98317208052856
G001051,1,East Asia,0.0
G001052,1,East Asia,80.41688772011028
G001053,1,East Asia,0.0
G001054,1,East Asia,58.039898436844354
G001055,1,East Asia,51.57156174689711
G001056,1,East Asia,64.74465944049214
G001057,1,East Asia,49.332983647205616
G001058,1,East Asia,68.71902783969045
G001059,1,East Asia,57.05745785293795
G001060,1,East Asia,83.29144339177283
G001061,1,East Asia,0.0
G001062,1,East Asia,46.82583769464854
G001063,1,East Asia,83.92888961846856
G001064,1,East Asia,83.5289949740605
G001065,1,East Asia,0.0
G001066,1,East Asia,81.11504712302306
G001067,1,East Asia,66.0409479136467
G001068,1,East Asia,69.24007212330807
G001069,1,East Asia,45.77742978858949
G001070,1,East Asia,0.0
G001071,1,East Asia,46.977365020275116
G001072,1,East Asia,41.79647286210277
G001073,1,East Asia,59.88091146135329
G001074,1,East Asia,67.45038479058309
G001075,1,East Asia,0.0
G001076,1,East Asia,63.66921486683507
G001077,1,East Asia,63.68500710224744
G001078,1,East Asia,54.3522227640152
G001079,1,East Asia,41.01626462256908
G001080,1,East Asia,53.12453817141056
G001081,1,East Asia,0.0
G001082,1,East Asia,84.00499663586916
G001083,1,East Asia,64.24362319594621
G001084,1,East Asia,68.05332239493728
G001085,1,East Asia,0.0
G001086,1,East Asia,74.96140352802115
G001087,1,East Asia,79.94571937967791
G001088,1,East Asia,74.60587325703105
G001089,1,East Asia,68.80890157228708
G001090,1,East Asia,57.13936268484593
G001091,1,East Asia,0.0
G001092,1,East Asia,69.26504538687973
G001093,1,East Asia,66.20217949199677
G001094,1,East Asia,47.46594483720534
G001095,1,East Asia,0.0
G001096,1,East Asia,80.22723038293016
G001097,1,East Asia,63.082371914744385
G001098,1,East Asia,66.74450238369496
G001099,1,East Asia,47.737362643283426
G001100,1,East Asia,58.75977246040106
G001101,1,East Asia,71.55071829217673
G001102,1,East Asia,56.64827686715126
G001103,1,East Asia,56.75746104252338
G001104,1,East Asia,62.50718852024006
G001105,1,East Asia,65.58361369386316
G001106,1,East Asia,65.82364402640226
G001107,1,East Asia,44.52727643325293
G001108,1,East Asia,75.38256303567327
G001109,1,East Asia,70.26887119337916
G001110,1,East Asia,83.60141999405442
G001111,1,East Asia,59.963885527677604
G001112,1,East Asia,71.12771764868498
G001113,1,East Asia,59.44146153907342
G001114,1,East Asia,85.28580681472836
G001115,1,East Asia,0.0
G001116,1,East Asia,65.65361718431748
G001117,1,East Asia,69.14557432323514
G001118,1,East Asia,57.93039310055972
G001119,1,East Asia,61.829903016254306
G001120,1,East Asia,62.45790630331635
G001121,1,East Asia,0.0
G001122,1,East Asia,54.03240106456748
G001123,1,East Asia,54.78464427100867
G001124,1,East Asia,0.0
G001125,1,East Asia,0.0
G001126,1,East Asia,71.11396307039351
G001127,1,East Asia,63.99129314672947
G001128,1,East Asia,58.1213233962357
G001129,1,East Asia,52.6128790550232
G001130,1,East Asia,44.776855785369875
G001131,1,East Asia,0.0
G001132,1,East Asia,67.13959926062823
G001133,1,East Asia,64.96281355745593
G001134,1,East Asia,74.88912018105388
G001135,1,East Asia,62.02769670520316
G001136,1,East Asia,61.92473346954584
G001137,1,East Asia,78.23092767540072
G001138,1,East Asia,55.51319300764076
G001139,1,East Asia,56.748529826223844
G001140,1,East Asia,0.0
G001141,1,East Asia,0.0
G001142,1,East Asia,58.9756911128344
G001143,1,East Asia,53.67643536555767
G001144,1,East Asia,68.92883155229687
G001145,1,East Asia,63.186956228958834
G001146,1,East Asia,56.468176835874715
G001147,1,East Asia,66.9346160750624
G001148,1,East Asia,34.98094021723849
G001149,1,East Asia,79.02369911294996
G001150,1,East Asia,51.92244195532799
G001151,1,East Asia,48.36868986265587
G001152,1,East Asia,57.05397959852219
G001153,1,East Asia,62.76618572208286
G001154,1,East Asia,62.27031599752109
G001155,1,East Asia,71.73328677262366
G001156,1,East Asia,60.62004495829344
G001157,1,East Asia,63.35662191508394
G001158,1,East Asia,67.15912668011407
G001159,1,East Asia,43.09778211927415
G001160,1,East Asia,83.73269881320181
G001161,1,East Asia,0.0
G001162,1,East Asia,75.88141460365057
G001163,1,East Asia,68.8116750503363
G001164,1,East Asia,50.636137462496755
G001165,1,East Asia,64.90348060154916
G001166,1,East Asia,49.05223025095463
G001167,1,East Asia,0.0
G001168,1,East Asia,76.0695415340066
G001169,1,East Asia,41.06500055098534
G001170,1,East Asia,72.18997580994981
G001171,1,East Asia,73.48526500139815
G001172,1,East Asia,50.49885136833788
G001173,1,East Asia,79.49195261090995
G001174,1,East Asia,44.05599314451218
G001175,1,East Asia,65.0410924063632
G001176,1,East Asia,0.0
G001177,1,East Asia,65.59242119182692
G001178,1,East Asia,70.22775715315342
G001179,1,East Asia,37.45927103250677
G001180,1,East Asia,0.0
G001181,1,East Asia,78.62827253603577
G001182,1,East Asia,0.0
G001183,1,East Asia,0.0
G001184,1,East Asia,53.522453420331985
G001185,1,East Asia,0.0
G001186,1,East Asia,74.53607424908877
G001187,1,East Asia,72.85183711185509
G001188,1,East Asia,50.503019616007805
G001189,1,East Asia,75.34982212143413
G001190,1,East Asia,62.79273164041837
G001191,1,East Asia,0.0
G001192,1,East Asia,66.13287550211044
G001193,1,East Asia,70.47374613207579
G001194,1,East Asia,76.93189122859185
G001195,1,East Asia,53.362197860920055
G001196,1,East Asia,81.06776822593808
G001197,1,East Asia,58.27779395430739
G001198,1,East Asia,58.927986692633475
G001199,1,East Asia,74.39135258951512
G001200,1,East Asia,49.72561577624083
G001201,1,East Asia,36.315511530269276
G001202,1,East Asia,78.656189627735
G001203,1,East Asia,64.37685275679827
G001204,1,East Asia,0.0
G001205,1,East Asia,35.932314808130265
G001206,1,East Asia,50.66694297552109
G001207,1,East Asia,65.3039740936142
G001208,1,East Asia,0.0
G001209,1,East Asia,80.26389069134991
G001210,1,East Asia,68.96774591273069
G001211,1,East Asia,65.76400187653303
G001212,1,East Asia,69.50749489015341
G001213,1,East Asia,31.654459070444112
G001214,1,East Asia,0.0
G001215,1,East Asia,86.3885406657927
G001216,1,East Asia,47.12405214532036
G001217,1,East Asia,0.0
G001218,1,East Asia,69.91978932785989
G001219,1,East Asia,55.80716600579024
G001220,1,East Asia,53.251280737508424
G001221,1,East Asia,63.40442091611479
G001222,1,East Asia,74.22429801967694
G001223,1,East Asia,0.0
G001224,1,East Asia,76.5376961310533
G001225,1,East Asia,57.91807123001236
G001226,1,East Asia,79.91281185936928
G001227,1,East Asia,66.55098172485829
G001228,1,East Asia,68.65393473386764
G001229,1,East Asia,74.91644081170361
G001230,1,East Asia,0.0
G001231,1,East Asia,71.53185747174422
G001232,1,East Asia,74.89783388624002
G001233,1,East Asia,0.0
G001234,1,East Asia,0.0
G001235,1,East Asia,57.14441351804589
G001236,1,East Asia,0.0
G001237,1,East Asia,64.01751391601563
G001238,1,East Asia,0.0
G001239,1,East Asia,81.74745863737482
G001240,1,East Asia,0.0
G001241,1,East Asia,79.19855530958645
G001242,1,East Asia,0.0
G001243,1,East Asia,0.0
G001244,1,East Asia,0.0
G001245,1,East Asia,72.25772038852807
G001246,1,East Asia,69.21298302368142
G001247,1,East Asia,32.9308285095186
G001248,1,East Asia,47.82866784107685
G001249,1,East Asia,0.0
G001250,1,East Asia,83.72945192348958
G001251,1,East Asia,61.33966034962371
G001252,1,East Asia,56.92740637791157
G001253,1,East Asia,68.8665222758714
G001254,1,East Asia,78.83346491791895
G001255,1,East Asia,79.71366007925525
G001256,1,East Asia,76.11853895823477
G001257,1,East Asia,60.81953438735008
G001258,1,East Asia,58.80883168435097
G001259,1,East Asia,69.74946052476403
G001260,1,East Asia,65.54015102058649
G001261,1,East Asia,56.97240639076089
G001262,1,East Asia,60.31438290339708
G001263,1,East Asia,84.52391666601824
G001264,1,East Asia,76.80431258280484
G001265,1,East Asia,46.39696049528772
G001266,1,East Asia,46.47293770587446
G001267,1,East Asia,79.78150854069989
G001268,1,East Asia,51.090039313852785
G001269,1,East Asia,67.3972095290646
G001270,1,East Asia,67.65208530914785
G001271,1,East Asia,69.96629528556268
G001272,1,East Asia,78.54497160934228
G001273,1,East Asia,74.40520827460651
G001274,1,East Asia,62.728953813803926
G001275,1,East Asia,78.46040245747567
G001276,1,East Asia,0.0
G001277,1,East Asia,79.74931514071697
G001278,1,East Asia,58.29597530961036
G001279,1,East Asia,46.75802788364888
G001280,1,East Asia,53.60143695428877
G001281,1,East Asia,76.7316848680973
G001282,1,East Asia,62.65233661041838
G001283,1,East Asia,64.55218678320944
G001284,1,East Asia,0.0
G001285,1,East Asia,35.259387254942546
G001286,1,East Asia,57.57225602086926
G001287,1,East Asia,57.00311517555514
G001288,1,East Asia,62.2951654496193
G001289,1,East Asia,75.63909608936311
G001290,1,East Asia,37.6348170183897
G001291,1,East Asia,52.82878416422642
G001292,1,East Asia,82.71087866143024
G001293,1,East Asia,62.50789642333985
G001294,1,East Asia,85.93496433874964
G001295,1,East Asia,0.0
G001296,1,East Asia,0.0
G001297,1,East Asia,59.91181773790717
G001298,1,East Asia,73.76450612550795
G001299,1,East Asia,59.633114837050435
G001300,1,East Asia,55.15161233305208
G001301,1,East Asia,60.22513678815962
G001302,1,East Asia,78.68140590608662
G001303,1,East Asia,63.31348467457294
G001304,1,East Asia,69.64976989917818
G001305,1,East Asia,0.0
G001306,1,East Asia,57.47759435731174
G001307,1,East Asia,0.0
G001308,1,East Asia,64.033920637846
G001309,1,East Asia,64.38342819354028
G001310,1,East Asia,49.63119036924839
G001311,1,East Asia,0.0
G001312,1,East Asia,59.79882490347189
G001313,1,East Asia,53.590662843585015
G001314,1,East Asia,65.11222602939604
G001315,1,East Asia,81.38665999862555
G001316,1,East Asia,39.27354964610302
G001317,1,East Asia,47.81352037870884
G001318,1,East Asia,80.44422372242809
G001319,1,East Asia,53.529358693001846
G001320,1,East Asia,70.33593386582127
G001321,1,East Asia,77.43665567208963
G001322,1,East Asia,62.20958879459988
G001323,1,East Asia,59.81698093223572
G001324,1,East Asia,69.12133798809937
G001325,1,East Asia,67.42192288613319
G001326,1,East Asia,0.0
G001327,1,East Asia,66.66019823479652
G001328,1,East Asia,68.77106959044934
G001329,1,East Asia,58.62385039448738
G001330,1,East Asia,56.267714051127435
G001331,1,East Asia,57.85700290089846
G001332,1,East Asia,0.0
G001333,1,East Asia,57.76065885746478
G001334,1,East Asia,59.70558075514346
G001335,1,East Asia,55.15346501926581
G001336,1,East Asia,73.31071838596914
G001337,1,East Asia,82.37203969794513
G001338,1,East Asia,60.91570623087883
G001339,1,East Asia,58.708862495422366
G001340,1,East Asia,72.09192350095512
G001341,1,East Asia,0.0
G001342,1,East Asia,74.2451628499609
G001343,1,East Asia,0.0
G001344,1,East Asia,0.0
G001345,1,East Asia,75.41701672270624
G001346,1,East Asia,72.74801207410746
G001347,1,East Asia,59.43197473549843
G001348,1,East Asia,55.88628630527403
G001349,1,East Asia,66.92675992839445
G001350,1,East Asia,55.91616558027268
G001351,1,East Asia,0.0
G001352,1,East Asia,49.67668889904023
G001353,1,East Asia,76.96024644718749
G001354,1,East Asia,61.21974383516565
G001355,1,East Asia,0.0
G001356,1,East Asia,0.0
G001357,1,East Asia,0.0
G001358,1,East Asia,0.0
G001359,1,East Asia,0.0
G001360,1,East Asia,79.29535343045268
G001361,1,East Asia,50.473966682553296
G001362,1,East Asia,68.93714137144657
G001363,1,East Asia,0.0
G001364,1,East Asia,63.64425965309144
G001365,1,East Asia,62.97617387431861
G001366,1,East Asia,84.39256704703425
G001367,1,East Asia,79.32738671141139
G001368,1,East Asia,68.82481410402059
G001369,1,East Asia,75.39666694093292
G001370,1,East Asia,49.265245064846496
G001371,1,East Asia,0.0
G001372,1,East Asia,79.62095167209795
G001373,1,East Asia,57.15723861014843
G001374,1,East Asia,60.078999891519544
G001375,1,East Asia,63.17085967153311
G001376,1,East Asia,58.62514325547218
G001377,1,East Asia,64.70090681764485
G001378,1,East Asia,0.0
G001379,1,East Asia,0.0
G001380,1,East Asia,60.7368175958395
G001381,1,East Asia,48.965487492200104
G001382,1,East Asia,55.534460450530055
G001383,1,East Asia,60.06792862093449
G001384,1,East Asia,56.1008831860423
G001385,1,East Asia,51.06834975922108
G001386,1,East Asia,64.73138827580213
G001387,1,East Asia,62.587271832346914
G001388,1,East Asia,78.01623991256773
G001389,1,East Asia,67.80801324659
G001390,1,East Asia,46.505500573873526
G001391,1,East Asia,0.0
G001392,1,East Asia,60.79725169830611
G001393,1,East Asia,61.00993205067967
G001394,1,East Asia,0.0
G001395,1,East Asia,42.43550901055336
G001396,1,East Asia,65.7186535627842
G001397,1,East Asia,80.57711026679928
G001398,1,East Asia,82.32131079816818
G001399,1,East Asia,43.731716843301605
G001400,1,East Asia,77.48669571138016
G001401,1,East Asia,36.93788588309649
G001402,1,East Asia,85.61668983614085
G001403,1,East Asia,45.10340999740543
G001404,1,East Asia,0.0
G001405,1,East Asia,77.02672749272531
G001406,1,East Asia,66.1311185348034
G001407,1,East Asia,81.71694393974724
G001408,1,East Asia,64.40799664181472
G001409,1,East Asia,44.44426276689768
G001410,1,East Asia,63.26936661045841
G001411,1,East Asia,61.45057362204428
G001412,1,East Asia,75.76950104418397
G001413,1,East Asia,82.6963198199254
G001414,1,East Asia,0.0
G001415,1,East Asia,40.339254241585735
G001416,1,East Asia,49.7190878367424
G001417,1,East Asia,66.16599079394341
G001418,1,East Asia,84.92713694235773
G001419,1,East Asia,57.05692557382584
G001420,1,East Asia,69.42160049986839
G001421,1,East Asia,67.83733784666657
G001422,1,East Asia,60.33140541005134
G001423,1,East Asia,64.8002855594682
G001424,1,East Asia,0.0
G001425,1,East Asia,63.61731411746053
G001426,1,East Asia,82.7279046966596
G001427,1,East Asia,63.1794162642125
G001428,1,East Asia,0.0
G001429,1,East Asia,66.53596588730812
G001430,1,East Asia,49.62620519584418
G001431,1,East Asia,63.9989179738015
G001432,1,East Asia,57.06104171793931
G001433,1,East Asia,60.66912422192097
G001434,1,East Asia,60.125042861580845
G001435,1,East Asia,59.5985254317522
G001436,1,East Asia,0.0
G001437,1,East Asia,81.0128014550209
G001438,1,East Asia,51.33686479693651
G001439,1,East Asia,0.0
G001440,1,East Asia,61.6444325836897
G001441,1,East Asia,0.0
G001442,1,East Asia,73.99018642284653
G001443,1,East Asia,77.37422828030587
G001444,1,East Asia,73.29003028464318
G001445,1,East Asia,78.46669264922721
G001446,1,East Asia,65.30658935129642
G001447,1,East Asia,64.02491962951422
G001448,1,East Asia,58.80683542650937
G001449,1,East Asia,50.15128146493435
G001450,1,East Asia,64.74867908999323
G001451,1,East Asia,65.80898222243786
G001452,1,East Asia,80.32540099196724
G001453,1,East Asia,64.32785895413522
G001454,1,East Asia,65.34142601978779
G001455,1,East Asia,0.0
G001456,1,East Asia,56.083866034746165
G001457,1,East Asia,61.67041275890308
G001458,1,East Asia,68.40534042561416
G001459,1,East Asia,82.94954113711732
G001460,1,East Asia,83.47394443178177
G001461,1,East Asia,82.65411382151011
G001462,1,East Asia,73.67496848902107
G001463,1,East Asia,0.0
G001464,1,East Asia,79.27816305773548
G001465,1,East Asia,69.31423042750359
G001466,1,East Asia,60.34411486481896
G001467,1,East Asia,49.47688299631079
G001468,1,East Asia,82.01477665725756
G001469,1,East Asia,53.245035716652865
G001470,1,East Asia,72.03631209365254
G001471,1,East Asia,63.370504129976034
G001472,1,East Asia,61.20138636130095
G001473,1,East Asia,70.14596781299511
G001474,1,East Asia,40.68701069894705
G001475,1,East Asia,75.23632213991881
G001476,1,East Asia,59.47080848056078
G001477,1,East Asia,0.0
G001478,1,East Asia,58.97932162200863
G001479,1,East Asia,0.0
G001480,1,East Asia,0.0
G001481,1,East Asia,82.61049610732451
G001482,1,East Asia,85.3503934391141
G001483,1,East Asia,41.60039156734944
G001484,1,East Asia,86.2039875881672
G001485,1,East Asia,79.08783036580593
G001486,1,East Asia,0.0
G001487,1,East Asia,52.68963701835907
G001488,1,East Asia,55.57129828107358
G001489,1,East Asia,57.778856879523296
G001490,1,East Asia,66.63423589926958
G001491,1,East Asia,60.61355394327641
G001492,1,East Asia,62.382908949077134
G001493,1,East Asia,0.0
G001494,1,East Asia,65.21299210828542
G001495,1,East Asia,48.157764754345926
G001496,1,East Asia,86.1110263684094
G001497,1,East Asia,66.8827709465623
G001498,1,East Asia,60.716217383265494
G001499,1,East Asia,52.261862685918814
G001500,1,East Asia,57.6339381711483
G001501,1,East Asia,56.55450761596181
G001502,1,East Asia,59.11179571182077
G001503,1,East Asia,61.22044092729417
G001504,1,East Asia,83.57245774392783
G001505,1,East Asia,62.75223705381154
G001506,1,East Asia,83.01058885119178
G001507,1,East Asia,55.41120906245709
G001508,1,East Asia,40.23581566333771
G001509,1,East Asia,65.6731980509162
G001510,1,East Asia,44.59266597044468
G001511,1,East Asia,0.0
G001512,1,East Asia,76.32880612455264
G001513,1,East Asia,64.55871150892972
G001514,1,East Asia,56.73716499173642
G001515,1,East Asia,76.12232274121497
G001516,1,East Asia,82.31706563340535
G001517,1,East Asia,75.33178631700169
G001518,1,East Asia,0.0
G001519,1,East Asia,64.46574546921254
G001520,1,East Asia,55.94408813329898
G001521,1,East Asia,65.53825601902604
G001522,1,East Asia,81.60191455578804
G001523,1,East Asia,86.52220693823831
G001524,1,East Asia,66.58903665143252
G001525,1,East Asia,79.37174263083935
G001526,1,East Asia,41.32651809751987
G001527,1,East Asia,0.0
G001528,1,East Asia,70.18809830179902
G001529,1,East Asia,68.52039669454098
G001530,1,East Asia,48.910062687397
G001531,1,East Asia,52.865746328949925
G001532,1,East Asia,76.00568010374904
G001533,1,East Asia,69.0124187315016
G001534,1,East Asia,77.74105311963956
G001535,1,East Asia,68.36353386186063
G001536,1,East Asia,48.51481907876694
G001537,1,East Asia,35.579466452479366
G001538,1,East Asia,49.302424315979984
G001539,1,East Asia,66.37716763940455
G001540,1,East Asia,81.64616405946649
G001541,1,East Asia,68.69671568691732
G001542,1,East Asia,0.0
G001543,1,East Asia,72.17869510227442
G001544,1,East Asia,0.0
G001545,1,East Asia,73.39490497225523
G001546,1,East Asia,72.99898327754212
G001547,1,East Asia,65.67682592933195
G001548,1,East Asia,83.24153195256358
G001549,1,East Asia,68.78324058020115
G001550,1,East Asia,0.0
G001551,1,East Asia,66.85990767765045
G001552,1,East Asia,60.80681020713755
G001553,1,East Asia,66.36898996453212
G001554,1,East Asia,63.16181546413898
G001555,1,East Asia,79.32188850420712
G001556,1,East Asia,69.92050396251679
G001557,1,East Asia,0.0
G001558,1,East Asia,60.11517446264625
G001559,1,East Asia,83.22251318339868
G001560,1,East Asia,64.92857139647008
G001561,1,East Asia,0.0
G001562,1,East Asia,0.0
G001563,1,East Asia,76.9249171063602
G001564,1,East Asia,59.50419976913929
G001565,1,East Asia,66.46380946442486
G001566,1,East Asia,76.7235932094753
G001567,1,East Asia,54.11386590206624
G001568,1,East Asia,47.67860279071331
G001569,1,East Asia,66.83038700747491
G001570,1,East Asia,58.48786787366868
G001571,1,East Asia,58.336693063103795
G001572,1,East Asia,66.8512928044498
G001573,1,East Asia,68.61467164063454
G001574,1,East Asia,73.28064653160355
G001575,1,East Asia,0.0
G001576,1,East Asia,76.80668447986606
G001577,1,East Asia,59.00512727867293
G001578,1,East Asia,76.92955269434958
G001579,1,East Asia,54.055322545528405
G001580,1,East Asia,66.60091036480667
G001581,1,East Asia,54.68912087672949
G001582,1,East Asia,50.35056181919575
G001583,1,East Asia,0.0
G001584,1,East Asia,57.25935625123978
G001585,1,East Asia,52.54450781447959
G001586,1,East Asia,46.52915745186806
G001587,1,East Asia,71.97074403658509
G001588,1,East Asia,53.561796140531705
G001589,1,East Asia,62.00533635590655
G001590,1,East Asia,60.17264689021219
G001591,1,East Asia,64.19557138115168
G001592,1,East Asia,70.10526485490799
G001593,1,East Asia,60.69548722216217
G001594,1,East Asia,52.7935165668726
G001595,1,East Asia,69.16084812049071
G001596,1,East Asia,55.483459148526194
G001597,1,East Asia,0.0
G001598,1,East Asia,43.190152943730354
G001599,1,East Asia,78.6583003584336
G001600,1,East Asia,53.21182078564167
G001601,1,East Asia,0.0
G001602,1,East Asia,40.87674781140775
G001603,1,East Asia,64.01579706910253
G001604,1,East Asia,55.2891266926527
G001605,1,East Asia,49.751632703423496
G001606,1,East Asia,67.12710235267878
G001607,1,East Asia,52.47209174442472
G001608,1,East Asia,0.0
G001609,1,East Asia,44.00564773332531
G001610,1,East Asia,67.96708401590585
G001611,1,East Asia,0.0
G001612,1,East Asia,81.55405122110338
G001613,1,East Asia,77.28027157729592
G001614,1,East Asia,45.221082897417475
G001615,1,East Asia,83.86545184251125
G001616,1,East Asia,63.563049139499675
G001617,1,East Asia,68.68512632828951
G001618,1,East Asia,46.08835922920704
G001619,1,East Asia,67.79819123309852
G001620,1,East Asia,63.22646455536106
G001621,1,East Asia,67.03730056882267
G001622,1,East Asia,82.92384456694849
G001623,1,East Asia,54.511745044032736
G001624,1,East Asia,55.45047749173641
G001625,1,East Asia,82.98313306827843
G001626,1,East Asia,0.0
G001627,1,East Asia,53.198909037351605
G001628,1,East Asia,58.70008739590643
G001629,1,East Asia,70.81882118788631
G001630,1,East Asia,49.93732595123486
G001631,1,East Asia,38.70501901268959
G001632,1,East Asia,70.49565831568837
G001633,1,East Asia,63.48842481964828
G001634,1,East Asia,63.420272298216815
G001635,1,East Asia,47.55767132854462
G001636,1,East Asia,48.684514329910286
G001637,1,East Asia,76.26633400990566
G001638,1,East Asia,48.02942729874272
G001639,1,East Asia,65.67944384610654
G001640,1,East Asia,55.99039458930493
G001641,1,Europe,43.921067203709576
G001642,1,Europe,56.811643915772436
G001643,1,Europe,71.97800246439739
G001644,1,Europe,0.0
G001645,1,Europe,0.0
G001646,1,Europe,62.28459540222631
G001647,1,Europe,56.79996868764633
G001648,1,Europe,66.55219983730534
G001649,1,Europe,56.56492315423489
G001650,1,Europe,59.286845194637785
G001651,1,Europe,62.66016001260281
G001652,1,Europe,60.69800396871566
G001653,1,Europe,51.5170870527318
G001654,1,Europe,71.54381423909918
G001655,1,Europe,74.27740432740704
G001656,1,Europe,57.358911585404115
G001657,1,Europe,62.90178332138062
G001658,1,Europe,61.097783527612684
G001659,1,Europe,53.75981780457497
G001660,1,Europe,77.88376807587255
G001661,1,Europe,0.0
G001662,1,Europe,60.919544297776426
G001663,1,Europe,55.7338707324788
G001664,1,Europe,66.60716170582266
G001665,1,Europe,65.43713642445478
G001666,1,Europe,65.5447717244625
G001667,1,Europe,41.590041043339355
G001668,1,Europe,0.0
G001669,1,Europe,60.9042239951374
G001670,1,Europe,53.53459219179009
G001671,1,Europe,54.724500180479254
G001672,1,Europe,0.0
G001673,1,Europe,0.0
G001674,1,Europe,71.75803863374935
G001675,1,Europe,80.12738794413752
G001676,1,Europe,61.19452220650423
G001677,1,Europe,41.8103718601718
G001678,1,Europe,56.24614882713376
G001679,1,Europe,65.20865543102857
G001680,1,Europe,0.0
G001681,1,Europe,49.076183670340164
G001682,1,Europe,69.04612632560368
G001683,1,Europe,58.8813542868197
G001684,1,Europe,0.0
G001685,1,Europe,57.29065834616893
G001686,1,Europe,70.92405011424422
G001687,1,Europe,65.50485530513525
G001688,1,Europe,45.47496115720272
G001689,1,Europe,53.97258751422167
G001690,1,Europe,63.99224188575421
G001691,1,Europe,61.16970940119029
G001692,1,Europe,61.951872406363485
G001693,1,Europe,54.71021438527107
G001694,1,Europe,67.68734725356101
G001695,1,Europe,52.38819384880499
G001696,1,Europe,53.35723175041197
G001697,1,Europe,0.0
G001698,1,Europe,70.70081987965108
G001699,1,Europe,60.94136065997138
G001700,1,Europe,0.0
G001701,1,Europe,52.696286122141466
G001702,1,Europe,56.207358873248104
G001703,1,Europe,70.88205869802199
G001704,1,Europe,63.48908170330525
G001705,1,Europe,56.17430226910115
G001706,1,Europe,58.86472211475986
G001707,1,Europe,68.52006914734841
G001708,1,Europe,50.861147261825465
G001709,1,Europe,45.21094164049626
G001710,1,Europe,70.71145230829715
G001711,1,Europe,71.04995328989897
G001712,1,Europe,59.830200448036194
G001713,1,Europe,64.74628894076564
G001714,1,Europe,53.95900310766335
G001715,1,Europe,68.56145652103423
G001716,1,Europe,47.72159905716506
G001717,1,Europe,0.0
G001718,1,Europe,57.611377436995504
G001719,1,Europe,57.51854694879055
G001720,1,Europe,56.12947484253211
G001721,1,Europe,70.25276457966096
G001722,1,Europe,45.62678937888146
G001723,1,Europe,55.16796228873731
G001724,1,Europe,75.50853332627632
G001725,1,Europe,46.275248219526176
G001726,1,Europe,61.65232495343685
G001727,1,Europe,54.53064204126596
G001728,1,Europe,53.895315658569345
G001729,1,Europe,53.97602538725914
G001730,1,Europe,55.24094740231832
G001731,1,Europe,0.0
G001732,1,Europe,51.51794985711574
G001733,1,Europe,57.969977530717856
G001734,1,Europe,74.31022849881289
G001735,1,Europe,63.573468143582346
G001736,1,Europe,46.61069197173553
G001737,1,Europe,68.16623785101103
G001738,1,Europe,51.766279304265986
G001739,1,Europe,52.30143294757424
G001740,1,Europe,37.59381446087722
G001741,1,Europe,54.68343487620353
G001742,1,Europe,65.8591309747994
G001743,1,Europe,77.26460933756107
G001744,1,Europe,55.27575923830271
G001745,1,Europe,48.44094099032879
G001746,1,Europe,0.0
G001747,1,Europe,54.181089421272276
G001748,1,Europe,81.2646053003145
G001749,1,Europe,52.65451873040199
G001750,1,Europe,55.98507418602705
G001751,1,Europe,52.42035301113129
G001752,1,Europe,49.81706734788418
G001753,1,Europe,67.2605758370757
G001754,1,Europe,0.0
G001755,1,Europe,66.47545243227482
G001756,1,Europe,75.47932865700396
G001757,1,Europe,56.57841074860096
G001758,1,Europe,54.26679588425159
G001759,1,Europe,0.0
G001760,1,Europe,69.65656842133674
G001761,1,Europe,63.27236825859547
G001762,1,Europe,60.796071540222016
G001763,1,Europe,69.988635036245
G001764,1,Europe,55.23920144176483
G001765,1,Europe,71.12138573539258
G001766,1,Europe,54.624126273762094
G001767,1,Europe,43.49094746410847
G001768,1,Europe,62.742766987237054
G001769,1,Europe,59.69237369775773
G001770,1,Europe,63.880996348410854
G001771,1,Europe,50.701009651780126
G001772,1,Europe,65.82989249765873
G001773,1,Europe,50.40661325975259
G001774,1,Europe,62.31657080058076
G001775,1,Europe,80.80360677022375
G001776,1,Europe,60.36274985829447
G001777,1,Europe,79.48983526301384
G001778,1,Europe,53.00245237755775
G001779,1,Europe,52.35564078223705
G001780,1,Europe,60.55075157041261
G001781,1,Europe,49.74648497713696
G001782,1,Europe,0.0
G001783,1,Europe,49.6533215586814
G001784,1,Europe,55.26665297424793
G001785,1,Europe,50.64298062729835
G001786,1,Europe,0.0
G001787,1,Europe,56.95221842801571
G001788,1,Europe,61.50364742650092
G001789,1,Europe,71.3186903181889
G001790,1,Europe,55.68134164982492
G001791,1,Europe,50.32110090239842
G001792,1,Europe,0.0
G001793,1,Europe,67.74693936183598
G001794,1,Europe,55.82042575725823
G001795,1,Europe,0.0
G001796,1,Europe,0.0
G001797,1,Europe,75.16718462225795
G001798,1,Europe,72.26939640772343
G001799,1,Europe,58.954758872866634
G001800,1,Europe,62.23804218947887
G001801,1,Europe,65.91683198659528
G001802,1,Europe,67.02487541514635
G001803,1,Europe,69.51853464418649
G001804,1,Europe,0.0
G001805,1,Europe,70.59349468892813
G001806,1,Europe,62.446243613332506
G001807,1,Europe,35.990716337478524
G001808,1,Europe,64.40626097506285
G001809,1,Europe,43.20511134314537
G001810,1,Europe,0.0
G001811,1,Europe,55.5212839080348
G001812,1,Europe,53.65166245609523
G001813,1,Europe,53.39083226693941
G001814,1,Europe,62.31535830461979
G001815,1,Europe,57.35733105671406
G001816,1,Europe,50.99676996440057
G001817,1,Europe,61.30223771798611
G001818,1,Europe,67.07224763536453
G001819,1,Europe,48.82692220246791
G001820,1,Europe,46.576504810629466
G001821,1,Europe,63.108736639499654
G001822,1,Europe,51.71310911793239
G001823,1,Europe,67.6207395471804
G001824,1,Europe,44.76660154676437
G001825,1,Europe,49.12537585388892
G001826,1,Europe,69.78742007161452
G001827,1,Europe,59.4772506979704
G001828,1,Europe,62.656791826296946
G001829,1,Europe,63.970265961408614
G001830,1,Europe,66.72421684002877
G001831,1,Europe,51.417795216148555
G001832,1,Europe,59.38336630272866
G001833,1,Europe,56.82634154204889
G001834,1,Europe,49.820108066002526
G001835,1,Europe,54.74508223028256
G001836,1,Europe,51.02228258192538
G001837,1,Europe,51.604304235541456
G001838,1,Europe,0.0
G001839,1,Europe,52.994985085964196
G001840,1,Europe,51.80035992240906
G001841,1,Europe,56.74851394291718
G001842,1,Europe,68.97053120219707
G001843,1,Europe,61.422674411714084
G001844,1,Europe,54.65155047404765
G001845,1,Europe,72.52936954909563
G001846,1,Europe,67.13924465829948
G001847,1,Europe,38.55273611055722
G001848,1,Europe,59.625542812631
G001849,1,Europe,61.45343228632212
G001850,1,Europe,0.0
G001851,1,Europe,51.746648973822595
G001852,1,Europe,48.72568428748846
G001853,1,Europe,50.27356628068288
G001854,1,Europe,53.88746099132299
G001855,1,Europe,75.177292532556
G001856,1,Europe,67.87336262732745
G001857,1,Europe,0.0
G001858,1,Europe,56.30669849789548
G001859,1,Europe,56.57409345079212
G001860,1,Europe,68.74928842295482
G001861,1,Europe,54.65082479834557
G001862,1,Europe,66.53606360703706
G001863,1,Europe,70.85954937851339
G001864,1,Europe,73.19443492269517
G001865,1,Europe,59.72615666166941
G001866,1,Europe,62.97154965287447
G001867,1,Europe,52.21856150388717
G001868,1,Europe,72.67444872441888
G001869,1,Europe,65.66185989257693
G001870,1,Europe,72.24430327516794
G001871,1,Europe,0.0
G001872,1,Europe,0.0
G001873,1,Europe,0.0
G001874,1,Europe,68.43251637083384
G001875,1,Europe,54.57471169424058
G001876,1,Europe,60.23572973054107
G001877,1,Europe,60.29772727228657
G001878,1,Europe,50.56154671176094
G001879,1,Europe,63.00344873539247
G001880,1,Europe,62.77329839422487
G001881,1,Europe,61.710980089485645
G001882,1,Europe,55.93434683191776
G001883,1,Europe,69.60605623700945
G001884,1,Europe,69.81187327531792
G001885,1,Europe,64.90028540172722
G001886,1,Europe,56.51715253071713
G001887,1,Europe,47.52930235216112
G001888,1,Europe,62.78505050349236
G001889,1,Europe,75.41172151313046
G001890,1,Europe,68.58470863699914
G001891,1,Europe,55.77407547426223
G001892,1,Europe,0.0
G001893,1,Europe,49.60071158031261
G001894,1,Europe,71.65337112563758
G001895,1,Europe,69.19221763190538
G001896,1,Europe,39.76570556788011
G001897,1,Europe,43.34211863791943
G001898,1,Europe,55.7185098913312
G001899,1,Europe,60.15706236778606
G001900,1,Europe,54.69052017700672
G001901,1,Europe,55.236992515796956
G001902,1,Europe,81.52340356081724
G001903,1,Europe,48.220487639109294
G001904,1,Europe,45.10382177704573
G001905,1,Europe,64.672059746316
G001906,1,Europe,57.131520597279085
G001907,1,Europe,0.0
G001908,1,Europe,44.85473857736588
G001909,1,Europe,77.89427396041155
G001910,1,Europe,52.02849605916124
G001911,1,Europe,47.34925664095445
G001912,1,Europe,0.0
G001913,1,Europe,66.2608523133397
G001914,1,Europe,66.61135623026617
G001915,1,Europe,63.27736575455918
G001916,1,Europe,61.282370522081855
G001917,1,Europe,66.51476996600628
G001918,1,Europe,63.20175771009923
G001919,1,Europe,51.69354932296276
G001920,1,Europe,0.0
G001921,1,Europe,59.04766690552235
G001922,1,Europe,73.72690926972032
G001923,1,Europe,61.90499669259787
G001924,1,Europe,68.2925002230171
G001925,1,Europe,53.622492428183556
G001926,1,Europe,65.94037982088328
G001927,1,Europe,57.900371380627156
G001928,1,Europe,57.92196713620965
G001929,1,Europe,54.934818117499354
G001930,1,Europe,49.88946552632072
G001931,1,Europe,57.40331312704087
G001932,1,Europe,55.192425824642186
G001933,1,Europe,71.95924505710603
G001934,1,Europe,49.91579767822858
G001935,1,Europe,53.521054181694986
G001936,1,Europe,63.52885488569736
G001937,1,Europe,54.9080841731122
G001938,1,Europe,74.72513671094178
G001939,1,Europe,0.0
G001940,1,Europe,54.971702971429536
G001941,1,Europe,56.70832057911158
G001942,1,Europe,54.79075127136527
G001943,1,Europe,64.90122395020543
G001944,1,Europe,54.5389146822691
G001945,1,Europe,69.43650950980187
G001946,1,Europe,56.15330831163219
G001947,1,Europe,60.88270874345303
G001948,1,Europe,59.24010146558284
G001949,1,Europe,62.216370016813286
G001950,1,Europe,67.86372694957257
G001951,1,Europe,66.96821918675123
G001952,1,Europe,73.23977769471479
G001953,1,Europe,75.5337607233696
G001954,1,Europe,74.66583377519251
G001955,1,Europe,71.69558293545246
G001956,1,Europe,68.67280721881986
G001957,1,Europe,69.61453638754472
G001958,1,Europe,49.37137336308305
G001959,1,Europe,72.96981822218046
G001960,1,Europe,60.37533318644762
G001961,1,Europe,62.159495567798615
G001962,1,Europe,39.951190156102186
G001963,1,Europe,68.24755413222313
G001964,1,Europe,68.11752750409914
G001965,1,Europe,58.21327371621132
G001966,1,Europe,54.25550369596481
G001967,1,Europe,70.07148385220768
G001968,1,Europe,60.60098297929765
G001969,1,Europe,61.36748516047001
G001970,1,Europe,74.86852703898603
G001971,1,Europe,47.1207401061058
G001972,1,Europe,51.22017710101605
G001973,1,Europe,63.47108844812711
G001974,1,Europe,69.57295255428552
G001975,1,Europe,73.17292982627046
G001976,1,Europe,66.19016512310506
G001977,1,Europe,53.06479633466583
G001978,1,Europe,51.272926728801295
G001979,1,Europe,47.12687312483788
G001980,1,Europe,0.0
G001981,1,Europe,0.0
G001982,1,Europe,63.25372794905305
G001983,1,Europe,77.54013870809656
G001984,1,Europe,0.0
G001985,1,Europe,70.7257455167969
G001986,1,Europe,56.15124923230708
G001987,1,Europe,55.223082486629494
G001988,1,Europe,42.30036153056044
G001989,1,Europe,73.67955668665515
G001990,1,Europe,55.6934062692225
G001991,1,Europe,54.346481715321545
G001992,1,Europe,75.09273503041267
G001993,1,Europe,0.0
G001994,1,Europe,50.61482749509811
G001995,1,Europe,72.75809131062032
G001996,1,Europe,62.3585824356359
G001997,1,Europe,59.230185881771824
G001998,1,Europe,64.88061449486017
G001999,1,Europe,0.0
G002000,1,Europe,61.009396216112556
G002001,1,Europe,58.6438031652335
G002002,1,Europe,70.01249865138531
G002003,1,Europe,72.84086927614362
G002004,1,Europe,71.84408977514506
G002005,1,Europe,62.14669320490957
G002006,1,Europe,60.25968062897884
G002007,1,Europe,64.4185102725029
G002008,1,Europe,47.50594777458546
G002009,1,Europe,43.76875748801232
G002010,1,Europe,59.595477764666086
G002011,1,Europe,55.68657281858632
G002012,1,Europe,68.46585920631885
G002013,1,Europe,66.30416891658307
G002014,1,Europe,0.0
G002015,1,Europe,49.84279221820832
G002016,1,Europe,38.422136327678515
G002017,1,Europe,59.29373585015535
G002018,1,Europe,48.54329147696495
G002019,1,Europe,59.863314650736065
G002020,1,Europe,82.68958154051954
G002021,1,Europe,56.82751382744312
G002022,1,Europe,62.3174470768571
G002023,1,Europe,69.82273732123411
G002024,1,Europe,60.34708285522461
G002025,1,Europe,48.825332226587065
G002026,1,Europe,63.35346694067121
G002027,1,Europe,69.54267146954393
G002028,1,Europe,62.79798359552026
G002029,1,Europe,56.97405979336393
G002030,1,Europe,0.0
G002031,1,Europe,35.11980293284763
G002032,1,Europe,69.87758955303647
G002033,1,Europe,60.75133756291867
G002034,1,Europe,57.57205261993408
G002035,1,Europe,51.234259282755126
G002036,1,Europe,67.60765733659268
G002037,1,Europe,53.285426068723204
G002038,1,Europe,58.91665919218189
G002039,1,Europe,53.69902500116825
G002040,1,Europe,74.34725507587196
G002041,1,Europe,66.4918362751242
G002042,1,Europe,68.57475505280314
G002043,1,Europe,64.80999980771338
G002044,1,Europe,53.27395176291466
G002045,1,Europe,62.043882692217835
G002046,1,Europe,75.66782323240692
G002047,1,Europe,74.56450339548697
G002048,1,Europe,62.56592576080562
G002049,1,Europe,55.2772871080637
G002050,1,Europe,50.036512244928964
G002051,1,Europe,67.34707071998714
G002052,1,Europe,48.15537179839611
G002053,1,Europe,67.08999280846119
G002054,1,Europe,50.368832836151135
G002055,1,Europe,65.13755099359155
G002056,1,Europe,0.0
G002057,1,Europe,80.81066725252569
G002058,1,Europe,79.57521366995573
G002059,1,Europe,64.16864062341415
G002060,1,Europe,65.66000163686276
G002061,1,Europe,71.8394347590208
G002062,1,Europe,52.586249843716615
G002063,1,Europe,55.50822907185554
G002064,1,Europe,63.43235755604505
G002065,1,Europe,70.5236527748108
G002066,1,Europe,66.57846516307194
G002067,1,Europe,53.95181798291206
G002068,1,Europe,59.46181198567152
G002069,1,Europe,75.2288531909874
G002070,1,Europe,51.800043207645416
G002071,1,Europe,73.73955329746008
G002072,1,Europe,0.0
G002073,1,Europe,51.444429537653924
G002074,1,Europe,61.854695616364474
G002075,1,Europe,73.48632654266285
G002076,1,Europe,54.160468231916425
G002077,1,Europe,66.87767872327566
G002078,1,Europe,45.411695016026485
G002079,1,Europe,69.09333207517862
G002080,1,Europe,69.11876261534542
G002081,1,Europe,68.16122147771806
G002082,1,Europe,45.55647758352757
G002083,1,Europe,72.95799402095511
G002084,1,Europe,0.0
G002085,1,Europe,54.466947548071545
G002086,1,Europe,42.51101753950119
G002087,1,Europe,61.917690159678465
G002088,1,Europe,63.16763554695293
G002089,1,Europe,49.589218079877625
G002090,1,Europe,0.0
G002091,1,Europe,77.29584263211488
G002092,1,Europe,68.28966587058162
G002093,1,Europe,54.87602357769013
G002094,1,Europe,67.32974474533398
G002095,1,Europe,52.13522856412873
G002096,1,Europe,50.13543580305577
G002097,1,Europe,58.39519276514018
G002098,1,Europe,60.01664905308232
G002099,1,Europe,60.133386490697205
G002100,1,Europe,0.0
G002101,1,Europe,61.96026898264885
G002102,1,Europe,55.888038224220274
G002103,1,Europe,51.14611434721946
G002104,1,Europe,0.0
G002105,1,Europe,52.304562447726724
G002106,1,Europe,61.39897024016309
G002107,1,Europe,72.69476505123123
G002108,1,Europe,69.04875494167209
G002109,1,Europe,62.79653783314877
G002110,1,Europe,54.328665697932244
G002111,1,Europe,53.06869768904917
G002112,1,Europe,66.15580548207328
G002113,1,Europe,79.8769175381787
G002114,1,Europe,53.28360202771063
G002115,1,Europe,0.0
G002116,1,Europe,75.15241862603207
G002117,1,Europe,54.28601413822174
G002118,1,Europe,51.40865391759439
G002119,1,Europe,56.51310920912027
G002120,1,Europe,52.439984278023246
G002121,1,Europe,66.57293976950646
G002122,1,Europe,54.461918701469905
G002123,1,Europe,67.2285100929141
G002124,1,Europe,66.0578594866219
G002125,1,Europe,47.88285043948708
G002126,1,Europe,71.01343055427076
G002127,1,Europe,76.74199795190674
G002128,1,Europe,68.29283198451995
G002129,1,Europe,83.75943384590747
G002130,1,Europe,65.94386351370812
G002131,1,Europe,58.90098982656002
G002132,1,Europe,67.17200282904507
G002133,1,Europe,59.27720967447034
G002134,1,Europe,52.320995057225225
G002135,1,Europe,60.2807753510439
G002136,1,Europe,51.213100293636316
G002137,1,Europe,74.45020816841993
G002138,1,Europe,73.53052072769404
G002139,1,Europe,47.03106997013092
G002140,1,Europe,51.59170615926294
G002141,1,Europe,54.18222368997155
G002142,1,Europe,45.02474327618425
G002143,1,Europe,75.2898519674675
G002144,1,Europe,49.65171235516758
G002145,1,Europe,54.002167235136035
G002146,1,Europe,73.63579967468976
G002147,1,Europe,72.20689186843958
G002148,1,Europe,59.29898982441425
G002149,1,Europe,51.02434421668992
G002150,1,Europe,70.14959228342049
G002151,1,Europe,70.67516099333764
G002152,1,Europe,66.84429489235806
G002153,1,Europe,50.941632181584836
G002154,1,Europe,0.0
G002155,1,Europe,75.85123463312243
G002156,1,Europe,32.911697390419064
G002157,1,Europe,60.71030403741743
G002158,1,Europe,62.37977835053206
G002159,1,Europe,69.44160120797159
G002160,1,Europe,55.200407747796085
G002161,1,Europe,37.66063306695765
G002162,1,Europe,33.673489492994364
G002163,1,Europe,69.60273201280832
G002164,1,Europe,37.27292362592437
G002165,1,Europe,50.11071037010352
G002166,1,Europe,53.103394360632606
G002167,1,Europe,0.0
G002168,1,Europe,52.515419667399286
G002169,1,Europe,55.23333836705802
G002170,1,Europe,0.0
G002171,1,Europe,58.58771970319747
G002172,1,Europe,74.66605684238357
G002173,1,Europe,57.58448542314769
G002174,1,Europe,59.98233218598366
G002175,1,Europe,72.68107046627999
G002176,1,Europe,0.0
G002177,1,Europe,66.9227149528265
G002178,1,Europe,62.75412216614412
G002179,1,Europe,66.07954995298385
G002180,1,Europe,0.0
G002181,1,Europe,49.65253253192251
G002182,1,Europe,63.6696904591322
G002183,1,Europe,52.62438917409155
G002184,1,Europe,52.6360022842288
G002185,1,Europe,0.0
G002186,1,Europe,49.13085968267918
G002187,1,Europe,54.568153958678245
G002188,1,Europe,66.36614775529412
G002189,1,Europe,76.04176680716873
G002190,1,Europe,43.31389634424268
G002191,1,Europe,64.09844144651295
G002192,1,Europe,44.49035366022587
G002193,1,Europe,63.178383959472185
G002194,1,Europe,69.51642179727554
G002195,1,Europe,34.27123043656349
G002196,1,Europe,70.10934225571155
G002197,1,Europe,0.0
G002198,1,Europe,64.3442900006771
G002199,1,Europe,52.6827675000393
G002200,1,Europe,56.37804062207042
G002201,1,Europe,58.994234401562004
G002202,1,Europe,71.31502066652341
G002203,1,Europe,61.397125043213364
G002204,1,Europe,74.19121323639155
G002205,1,Europe,70.92455590233206
G002206,1,Europe,60.4750606290102
G002207,1,Europe,0.0
G002208,1,Europe,68.45022693303409
G002209,1,Europe,38.866026014356905
G002210,1,Europe,0.0
G002211,1,Europe,61.18905320686102
G002212,1,Europe,62.67945122885704
G002213,1,Europe,54.216349639058116
G002214,1,Europe,63.07552331113815
G002215,1,Europe,53.86544193398952
G002216,1,Europe,50.55624355506897
G002217,1,Europe,69.03201812897126
G002218,1,Europe,63.308993207536645
G002219,1,Europe,71.57505427525803
G002220,1,Europe,60.55519891415402
G002221,1,Europe,59.25508278748845
G002222,1,Europe,72.14869014427518
G002223,1,Europe,70.8535870921973
G002224,1,Europe,0.0
G002225,1,Europe,68.10347221702338
G002226,1,Europe,68.55845641252489
G002227,1,Europe,40.250797354391125
G002228,1,Europe,62.074546221229156
G002229,1,Europe,59.776190613329405
G002230,1,Europe,61.496655084967614
G002231,1,Europe,75.5151187606454
G002232,1,Europe,66.04473346386534
G002233,1,Europe,69.78071593165399
G002234,1,Europe,55.209945907235145
G002235,1,Europe,59.028819232705864
G002236,1,Europe,0.0
G002237,1,Europe,0.0
G002238,1,Europe,52.10156900417262
G002239,1,Europe,67.62925637578965
G002240,1,Europe,44.165945706844326
G002241,1,Europe,63.204592045784004
G002242,1,Europe,64.94166058915853
G002243,1,Europe,67.40341760067507
G002244,1,Europe,62.070050822256185
G002245,1,Europe,75.723100920707
G002246,1,Europe,68.85276959493757
G002247,1,Europe,77.76998894949574
G002248,1,Europe,65.58881513194244
G002249,1,Europe,0.0
G002250,1,Europe,62.90848385136235
G002251,1,Europe,49.19428325535672
G002252,1,Europe,61.842071786880496
G002253,1,Europe,60.76833283352852
G002254,1,Europe,59.472976068556314
G002255,1,Europe,57.3032783053716
G002256,1,Europe,57.549477437675
G002257,1,Europe,58.90408784556208
G002258,1,Europe,50.00343268358708
G002259,1,Europe,53.69638063645363
G002260,1,Europe,65.3549851730466
G002261,1,Europe,61.329499596931726
G002262,1,Europe,72.10883384792011
G002263,1,Europe,59.62076128301024
G002264,1,Europe,59.51879883134366
G002265,1,Europe,54.319966269701716
G002266,1,Europe,53.01351257590814
G002267,1,Europe,52.317431855201725
G002268,1,Europe,0.0
G002269,1,Europe,0.0
G002270,1,Europe,54.0821172337532
G002271,1,Europe,59.75127627623081
G002272,1,Europe,54.9199052948789
G002273,1,Europe,73.28207609260083
G002274,1,Europe,62.12972589373589
G002275,1,Europe,69.3556513972506
G002276,1,Europe,70.95414731180668
G002277,1,Europe,50.67525545686302
G002278,1,Europe,68.37164348751305
G002279,1,Europe,64.65022457376756
G002280,1,Europe,67.28617778664828
G002281,1,Europe,51.99501850789785
G002282,1,Europe,0.0
G002283,1,Europe,40.75866021553676
G002284,1,Europe,63.57927196115255
G002285,1,Europe,71.60796628777005
G002286,1,Europe,62.35757325303554
G002287,1,Europe,49.775646771604364
G002288,1,Europe,51.86502659416199
G002289,1,Europe,55.67741229963303
G002290,1,Europe,63.20442455840111
G002291,1,Europe,54.42051912831718
G002292,1,Europe,50.33559723012014
G002293,1,Europe,52.83425505942287
G002294,1,Europe,50.25439190128355
G002295,1,Europe,62.07137417471409
G002296,1,Europe,64.39787971719106
G002297,1,Europe,53.40540785300371
G002298,1,Europe,64.74338242743232
G002299,1,Europe,68.28217153290365
G002300,1,Europe,73.97383937638999
G002301,1,Europe,60.971940228581424
G002302,1,Europe,54.66082606068885
G002303,1,Europe,56.15221768993139
G002304,1,Europe,55.764748440713596
G002305,1,Europe,64.60283499351054
G002306,1,Europe,66.28452238237858
G002307,1,Europe,67.35599691027222
G002308,1,Europe,79.38047347723716
G002309,1,Europe,48.383597289468305
G002310,1,Europe,57.22923181259271
G002311,1,Europe,55.55217256425367
G002312,1,Europe,0.0
G002313,1,Europe,47.778439069390295
G002314,1,Europe,66.51853626361941
G002315,1,Europe,53.16904685512546
G002316,1,Europe,57.39504893511535
G002317,1,Europe,54.891064388036725
G002318,1,Europe,70.31531796085835
G002319,1,Europe,63.11513383370638
G002320,1,Europe,0.0
G002321,1,Europe,52.1920428654994
G002322,1,Europe,0.0
G002323,1,Europe,72.64005875647068
G002324,1,Europe,58.858466438044196
G002325,1,Europe,48.0542080334425
G002326,1,Europe,53.33170273017883
G002327,1,Europe,54.92148465025426
G002328,1,Europe,54.11094759678841
G002329,1,Europe,57.38583527195454
G002330,1,Europe,53.50365639162064
G002331,1,Europe,61.591291256606574
G002332,1,Europe,63.04211192324758
G002333,1,Europe,54.01921797454358
G002334,1,Europe,75.97007830932738
G002335,1,Europe,58.63376737415046
G002336,1,Europe,56.37619061543725
G002337,1,Europe,0.0
G002338,1,Europe,64.8766188212019
G002339,1,Europe,60.43573143887521
G002340,1,Europe,51.44611869962107
G002341,1,Europe,55.686094466745864
G002342,1,Europe,66.2475824701786
G002343,1,Europe,59.38602567587476
G002344,1,Europe,75.05392224438805
G002345,1,Europe,57.2587713150382
G002346,1,Europe,61.341362451374536
G002347,1,Europe,75.22628047433496
G002348,1,Europe,64.56836825478078
G002349,1,Europe,58.5052841283083
G002350,1,Europe,53.59945638929713
G002351,1,Europe,68.06458420580626
G002352,1,Europe,72.37011306267976
G002353,1,Europe,0.0
G002354,1,Europe,0.0
G002355,1,Europe,53.91601838177442
G002356,1,Europe,71.13560237252892
G002357,1,Europe,46.233954324483875
G002358,1,Europe,81.75513990300894
G002359,1,Europe,60.475324636518955
G002360,1,Europe,56.24308754897118
G002361,1,Europe,63.13760660794377
G002362,1,Europe,52.890552815773276
G002363,1,Europe,65.21474394965172
G002364,1,Europe,65.88027704570871
G002365,1,Europe,55.617569479635264
G002366,1,Europe,58.007701165318494
G002367,1,Europe,69.17919349793594
G002368,1,Europe,74.04782196092606
G002369,1,Europe,53.927056406617154
G002370,1,Europe,53.62763852135159
G002371,1,Europe,0.0
G002372,1,Europe,66.1000819755052
G002373,1,Europe,62.1132277187705
G002374,1,Europe,52.648122598588465
G002375,1,Europe,52.221052225936546
G002376,1,Europe,0.0
G002377,1,Europe,70.49511109751462
G002378,1,Europe,58.711001178286295
G002379,1,Europe,61.63633734813333
G002380,1,Europe,60.07432895365267
G002381,1,Europe,73.48052356612682
G002382,1,Europe,48.60661430251598
G002383,1,Europe,54.52026458398049
G002384,1,Europe,53.87255953288078
G002385,1,Europe,64.87433509724428
G002386,1,Europe,69.97005334948004
G002387,1,Europe,0.0
G002388,1,Europe,58.61205307340622
G002389,1,Europe,0.0
G002390,1,Europe,58.917082595491046
G002391,1,Europe,68.49584736014653
G002392,1,Europe,58.76620299056443
G002393,1,Europe,45.89471469499307
G002394,1,Europe,54.49873967182636
G002395,1,Europe,55.28288848582361
G002396,1,Europe,48.57622945898772
G002397,1,Europe,66.8272734086387
G002398,1,Europe,60.7264802942872
G002399,1,Europe,52.81597132497845
G002400,1,Europe,0.0
G002401,1,Europe,56.28594759902449
G002402,1,Europe,0.0
G002403,1,Europe,63.586221950113774
G002404,1,Europe,55.111505138516435
G002405,1,Europe,58.8553454208374
G002406,1,Europe,69.03674458460554
G002407,1,Europe,46.754859785605554
G002408,1,Europe,72.44209438663901
G002409,1,Europe,54.764236963995025
G002410,1,Europe,0.0
G002411,1,Europe,55.96333400416375
G002412,1,Europe,72.1569029328823
G002413,1,Europe,61.4405468623602
G002414,1,Europe,69.99286733113817
G002415,1,Europe,59.32906256067753
G002416,1,Europe,58.85634539107841
G002417,1,Europe,64.80881845986843
G002418,1,Europe,0.0
G002419,1,Europe,60.40211680054123
G002420,1,Europe,82.42839814602696
G002421,1,Europe,0.0
G002422,1,Europe,73.54617067353203
G002423,1,Europe,58.9008297111094
G002424,1,Europe,48.60039756393433
G002425,1,Europe,0.0
G002426,1,Europe,72.21311849962943
G002427,1,Europe,57.79597559364817
G002428,1,Europe,54.06708126217127
G002429,1,Europe,46.1834896515066
G002430,1,Europe,55.86145616781712
G002431,1,Europe,77.86853467535974
G002432,1,Europe,58.54274165534974
G002433,1,Europe,44.92348475790025
G002434,1,Europe,66.95808184415102
G002435,1,Europe,61.170445639370065
G002436,1,Europe,52.672565644137784
G002437,1,Europe,65.4016620275902
G002438,1,Europe,58.026796390652656
G002439,1,Europe,0.0
G002440,1,Europe,71.3937581270635
G002441,1,Europe,64.72701694217324
G002442,1,Europe,0.0
G002443,1,Europe,0.0
G002444,1,Europe,68.38458333808184
G002445,1,Europe,71.25898952621222
G002446,1,Europe,55.95247414457798
G002447,1,Europe,60.980916896064855
G002448,1,Europe,53.87637644684315
G002449,1,Europe,50.1349251704812
G002450,1,Europe,73.76746684229374
G002451,1,Europe,72.24675145685673
G002452,1,Europe,73.53398442906142
G002453,1,Europe,38.18181539773941
G002454,1,Europe,58.39213417506218
G002455,1,Europe,54.55544028055668
G002456,1,Europe,68.43999906289578
G002457,1,Europe,71.08382794207697
G002458,1,Europe,63.674809405863286
G002459,1,Europe,44.855398716449734
G002460,1,Europe,46.25920990371705
G002461,1,Europe,44.046585125887034
G002462,1,Europe,46.92382946006457
G002463,1,Europe,62.377033989489085
G002464,1,Europe,66.40618362995983
G002465,1,Europe,77.84922141209425
G002466,1,Europe,45.69091336584091
G002467,1,Europe,71.19807054203748
G002468,1,Europe,57.66100207769871
G002469,1,Europe,55.05905842649938
G002470,1,Europe,72.72589519089098
G002471,1,Europe,54.29603660909695
G002472,1,Europe,53.4872795702219
G002473,1,Europe,80.15464226810589
G002474,1,Europe,0.0
G002475,1,Europe,51.72673161659096
G002476,1,Europe,49.78327678143978
G002477,1,Europe,69.68141314993844
G002478,1,Europe,51.51397267952109
G002479,1,Europe,53.58523690866161
G002480,1,Europe,71.92417024268525
G002481,1,Europe,55.55784550261498
G002482,1,Europe,41.44172704910148
G002483,1,Europe,57.098731923520575
G002484,1,Europe,53.121580840107164
G002485,1,Europe,52.28786088585854
G002486,1,Europe,73.7295925744772
G002487,1,Europe,73.26395906958729
G002488,1,Europe,57.43646342852712
G002489,1,Europe,66.22758406871557
G002490,1,Europe,57.87568890801072
G002491,1,Europe,45.031633414254046
G002492,1,Europe,43.11342290152564
G002493,1,Europe,57.45350648610881
G002494,1,Europe,49.13254837940317
G002495,1,Europe,68.66638459298015
G002496,1,Europe,81.09415707155159
G002497,1,Europe,71.36457081630735
G002498,1,Europe,59.097984342038636
G002499,1,Europe,55.389066281557085
G002500,1,Europe,56.02017325741797
G002501,1,Europe,57.308677362541346
G002502,1,Europe,53.071777405366745
G002503,1,Europe,52.34535036091009
G002504,1,Europe,71.85933215110411
G002505,1,Europe,69.73835474526882
G002506,1,Europe,0.0
G002507,1,Europe,75.21380549183488
G002508,1,Europe,40.63907824480534
G002509,1,Europe,76.39013189190446
G002510,1,Europe,64.84277511629462
G002511,1,Europe,62.39741180388495
G002512,1,Europe,73.54888557052614
G002513,1,Europe,59.92496808874608
G002514,1,Europe,53.323361732287836
G002515,1,Europe,51.326230587701005
G002516,1,Europe,64.08852815404173
G002517,1,Europe,72.14117842024564
G002518,1,Europe,47.75104554553465
G002519,1,Europe,75.13383849220384
G002520,1,Europe,53.40628300808595
G002521,1,Europe,0.0
G002522,1,Europe,64.71968026867508
G002523,1,Europe,64.55827266176179
G002524,1,Europe,51.75234899806976
G002525,1,Europe,55.958196812669435
G002526,1,Europe,52.65840776491165
G002527,1,Europe,61.483278689891094
G002528,1,Europe,43.672762209830864
G002529,1,Europe,63.572887680768964
G002530,1,Europe,44.19414880609512
G002531,1,Europe,0.0
G002532,1,Europe,68.91651560735703
G002533,1,Europe,39.61172778647958
G002534,1,Europe,47.887151821775866
G002535,1,Europe,0.0
G002536,1,Europe,53.80638196656198
G002537,1,Europe,67.86187344652416
G002538,1,Europe,72.52495928272876
G002539,1,Europe,51.475095332503315
G002540,1,Europe,66.72498271191121
G002541,1,Europe,64.17593137887391
G002542,1,Europe,0.0
G002543,1,Europe,54.51028953045607
G002544,1,Europe,68.9915424643755
G002545,1,Europe,38.80953209668217
G002546,1,Europe,69.17583266109229
G002547,1,Europe,73.55228296658397
G002548,1,Europe,54.131594270706174
G002549,1,Europe,51.041515136650105
G002550,1,Europe,75.36555647575855
G002551,1,Europe,66.9667114814222
G002552,1,Europe,55.44520671355725
G002553,1,Europe,0.0
G002554,1,Europe,64.42311206096412
G002555,1,Europe,67.50806525462504
G002556,1,Europe,60.25341250849131
G002557,1,Europe,69.32202907873825
G002558,1,Europe,53.34052536174655
G002559,1,Europe,68.49638044391257
G002560,1,Europe,53.09301697874069
G002561,1,Europe,59.04637096212488
G002562,1,Europe,59.341888683416634
G002563,1,Europe,74.45143387672576
G002564,1,Europe,72.95525139706785
G002565,1,Europe,52.763166990861286
G002566,1,Europe,67.64782011079788
G002567,1,Europe,0.0
G002568,1,Europe,63.30321510267258
G002569,1,Europe,73.43622913137078
G002570,1,Europe,72.14803367924691
G002571,1,Europe,71.27980897573991
G002572,1,Europe,53.98665111374854
G002573,1,Europe,72.51455113387378
G002574,1,Europe,55.63613461232908
G002575,1,Europe,47.058798791168314
G002576,1,Europe,59.34749177110194
G002577,1,Europe,76.83900994856656
G002578,1,Europe,54.963720312953
G002579,1,Europe,70.0930176514387
G002580,1,Europe,66.79045602305187
G002581,1,Europe,56.16467471796274
G002582,1,Europe,52.432439581618176
G002583,1,Europe,54.13290626955032
G002584,1,Europe,65.51768908655644
G002585,1,Europe,54.77275850337744
G002586,1,Europe,74.28867222994025
G002587,1,Europe,62.03805681216355
G002588,1,Europe,61.95175379353761
G002589,1,Europe,73.40287748050689
G002590,1,Europe,0.0
G002591,1,Europe,67.66501737588645
G002592,1,Europe,36.401077840996514
G002593,1,Europe,70.32768515521288
G002594,1,Europe,0.0
G002595,1,Europe,61.19308543843031
G002596,1,Europe,62.91094418374698
G002597,1,Europe,60.81466793990135
G002598,1,Europe,61.80564690395196
G002599,1,Europe,55.69759871007457
G002600,1,Europe,38.7450811905608
G002601,1,Europe,40.43654003732854
G002602,1,Europe,51.267878651440135
G002603,1,Europe,69.60751711193721
G002604,1,Europe,64.35144758158921
G002605,1,Europe,68.08083635929137
G002606,1,Europe,67.2702627224326
G002607,1,Europe,63.25945791413884
G002608,1,Europe,0.0
G002609,1,Europe,54.02754387794842
G002610,1,Europe,44.77290350356246
G002611,1,Europe,72.7024715873003
G002612,1,Europe,74.72767553933734
G002613,1,Europe,55.3289382660389
G002614,1,Europe,69.08709378791667
G002615,1,Europe,0.0
G002616,1,Europe,77.70029101184012
G002617,1,Europe,75.1472703832984
G002618,1,Europe,68.5127161986232
G002619,1,Europe,61.37131995706847
G002620,1,Europe,46.49172097754479
G002621,1,Europe,65.8783365278244
G002622,1,Europe,0.0
G002623,1,Europe,60.53771086762168
G002624,1,Europe,62.632498947143546
G002625,1,Europe,63.0010250365734
G002626,1,Europe,58.58660979391228
G002627,1,Europe,62.037191451191894
G002628,1,Europe,0.0
G002629,1,Europe,57.32541722950069
G002630,1,Europe,62.58129895182811
G002631,1,Europe,61.82942429094604
G002632,1,Europe,75.43681715554
G002633,1,Europe,73.02845943377235
G002634,1,Europe,55.43093547122767
G002635,1,Europe,0.0
G002636,1,Europe,67.38277329163299
G002637,1,Europe,72.416597001791
G002638,1,Europe,51.98566827261448
G002639,1,Europe,62.20715369155913
G002640,1,Europe,73.26604673639572
G002641,1,Europe,73.03775278693439
G002642,1,Europe,80.03823065571531
G002643,1,Europe,62.38016803658007
G002644,1,Europe,59.31755857101355
G002645,1,Europe,46.91932670735952
G002646,1,Europe,0.0
G002647,1,Europe,57.18414387536048
G002648,1,Europe,72.78972815859679
G002649,1,Europe,69.34541845952347
G002650,1,Europe,74.58554524925351
G002651,1,Europe,54.264941243482355
G002652,1,Europe,60.108629263877866
G002653,1,Europe,66.91519984720694
G002654,1,Europe,54.09967529004812
G002655,1,Europe,67.58702108877355
G002656,1,Europe,56.89732206241289
G002657,1,Europe,60.71952893261295
G002658,1,Europe,72.66855614072084
G002659,1,Europe,66.8289109634757
G002660,1,Europe,63.56628492736816
G002661,1,Europe,0.0
G002662,1,Europe,54.78051161777972
G002663,1,Europe,62.96686518116296
G002664,1,Europe,66.13945556479692
G002665,1,Europe,55.74901965412498
G002666,1,Europe,44.35476968197028
G002667,1,Europe,66.44571567665808
G002668,1,Europe,66.67309138190747
G002669,1,Europe,72.57603221493599
G002670,1,Europe,51.05760372181373
G002671,1,Europe,70.5646883950159
G002672,1,Europe,53.66421884417534
G002673,1,Europe,62.197239182174215
G002674,1,Europe,39.60370080011541
G002675,1,Europe,58.12371078419686
G002676,1,Europe,41.99695986247063
G002677,1,Europe,47.74992520177364
G002678,1,Europe,58.259955695152286
G002679,1,Europe,0.0
G002680,1,Europe,61.306115805923945
G002681,1,Europe,62.49775609529019
G002682,1,Europe,60.8533431113254
G002683,1,Europe,81.29149761345803
G002684,1,Europe,36.15813382459409
G002685,1,Europe,75.13381861604705
G002686,1,Europe,74.48822375321569
G002687,1,Europe,68.3428919544816
G002688,1,Europe,68.71392706033407
G002689,1,Europe,54.30218796908856
G002690,1,Europe,61.914291153430945
G002691,1,Europe,55.485018937036855
G002692,1,Europe,56.76424615585805
G002693,1,Europe,0.0
G002694,1,Europe,0.0
G002695,1,Europe,54.00653855299588
G002696,1,Europe,57.084539698958395
G002697,1,Europe,54.515031359116236
G002698,1,Europe,64.81380013021375
G002699,1,Europe,54.50983334755898
G002700,1,Europe,47.874748484066046
G002701,1,Europe,0.0
G002702,1,Europe,66.8832636116129
G002703,1,Europe,48.289949774801734
G002704,1,Europe,60.808247494757175
G002705,1,Europe,77.80518793045572
G002706,1,Europe,67.21588770377636
G002707,1,Europe,57.04673968046904
G002708,1,Europe,54.76394455265998
G002709,1,Europe,68.18899871277809
G002710,1,Europe,61.13777047383785
G002711,1,Europe,0.0
G002712,1,Europe,77.66547420928333
G002713,1,Europe,48.494952279248025
G002714,1,Europe,51.76386505770684
G002715,1,Europe,54.05879555726051
G002716,1,Europe,73.30197205234296
G002717,1,Europe,0.0
G002718,1,Europe,52.087830323544416
G002719,1,Europe,63.077532308697705
G002720,1,Europe,50.854766402483
G002721,1,Europe,62.32421660912036
G002722,1,Europe,72.82754368633032
G002723,1,Europe,56.52511486819386
G002724,1,Europe,58.32223999389375
G002725,1,Europe,0.0
G002726,1,Europe,59.72860347807407
G002727,1,Europe,50.87686585557461
G002728,1,Europe,77.6649862523675
G002729,1,Europe,71.12875600892306
G002730,1,Europe,76.30274563747645
G002731,1,Europe,50.46750300514697
G002732,1,Europe,72.95005266015457
G002733,1,Europe,63.24992554741736
G002734,1,Europe,0.0
G002735,1,Europe,55.17174483650922
G002736,1,Europe,65.57191874772312
G002737,1,Europe,74.37350709617138
G002738,1,Europe,74.42017763657823
G002739,1,Europe,52.738352137804036
G002740,1,Europe,72.36586165195705
G002741,1,Europe,58.78509007889032
G002742,1,Europe,70.91559563103228
G002743,1,Europe,65.55313847857714
G002744,1,Europe,48.455065689625165
G002745,1,Europe,52.732551632165915
G002746,1,Europe,46.78820621657372
G002747,1,Europe,53.46250615864992
G002748,1,Europe,57.82981027899727
G002749,1,Europe,51.46132773971558
G002750,1,Europe,68.86896599996089
G002751,1,Europe,76.91065904377446
G002752,1,Europe,68.07379188879781
G002753,1,Europe,0.0
G002754,1,Europe,53.45891054236888
G002755,1,Europe,56.091332590639595
G002756,1,Europe,55.659297027766705
G002757,1,Europe,46.63744353022719
G002758,1,Europe,50.23681599138
G002759,1,Europe,66.54580830347538
G002760,1,Europe,49.59389271103974
G002761,1,Europe,63.559196606914206
G002762,1,Europe,0.0
G002763,1,Europe,51.21600212341547
G002764,1,Europe,54.3710200602918
G002765,1,Europe,58.42657367670536
G002766,1,Europe,57.825208464324476
G002767,1,Europe,48.20499401437152
G002768,1,Europe,73.50790548849105
G002769,1,Europe,58.51210072439006
G002770,1,Europe,75.97869215039164
G002771,1,Europe,71.08001667335901
G002772,1,Europe,64.49250255376101
G002773,1,Europe,71.78741788650463
G002774,1,Europe,53.41518946826458
G002775,1,Europe,55.00653532466744
G002776,1,Europe,55.957826638698585
G002777,1,Europe,62.46110153447317
G002778,1,Europe,67.51355588293076
G002779,1,Europe,50.83783998811244
G002780,1,Europe,0.0
G002781,1,Europe,64.99275159597396
G002782,1,Europe,48.828487236521454
G002783,1,Europe,81.90605299044739
G002784,1,Europe,67.79225396484136
G002785,1,Europe,0.0
G002786,1,Europe,51.20685811947693
G002787,1,Europe,35.9128946299553
G002788,1,Europe,55.43918182231802
G002789,1,Europe,71.81149381157756
G002790,1,Europe,68.60453998899459
G002791,1,Europe,54.28168934787404
G002792,1,Europe,82.18042776247859
G002793,1,Europe,49.125587382486366
G002794,1,Europe,76.48979437556864
G002795,1,Europe,54.99045227455371
G002796,1,Europe,65.66684058743716
G002797,1,Europe,69.42493577871721
G002798,1,Europe,53.675163294076924
G002799,1,Europe,67.73367452124258
G002800,1,Europe,63.73001395744085
G002801,1,Europe,68.71359592533112
G002802,1,Europe,62.58358037839153
G002803,1,Europe,75.21908009111881
G002804,1,Europe,57.540082329452034
G002805,1,Europe,50.945701364815235
G002806,1,Europe,75.92595643079733
G002807,1,Europe,63.223943736940626
G002808,1,Europe,69.51396570631952
G002809,1,Europe,68.2750751105547
G002810,1,Europe,45.24696761810418
G002811,1,Europe,0.0
G002812,1,Europe,0.0
G002813,1,Europe,64.930736015896
G002814,1,Europe,62.582892966926096
G002815,1,Europe,0.0
G002816,1,Europe,58.16643595278263
G002817,1,Europe,64.11181391391429
G002818,1,Europe,0.0
G002819,1,Europe,54.78575743083701
G002820,1,Europe,57.75939303469658
G002821,1,Europe,71.02613678106935
G002822,1,Europe,54.850522501340414
G002823,1,Europe,52.86256470775513
G002824,1,Europe,60.583588773144925
G002825,1,Europe,72.82136179283984
G002826,1,Europe,74.78634915152192
G002827,1,Europe,67.88986606574059
G002828,1,Europe,58.4068312369585
G002829,1,Europe,72.27487019107197
G002830,1,Europe,57.381647699518645
G002831,1,Europe,49.529982159267774
G002832,1,Europe,66.45352716098951
G002833,1,Europe,66.6189485198729
G002834,1,Europe,70.02777803437095
G002835,1,Europe,0.0
G002836,1,Europe,58.16832409913793
G002837,1,Europe,78.66010582219651
G002838,1,Europe,62.697785870254044
G002839,1,Europe,69.76926518621048
G002840,1,Europe,45.89289398282585
G002841,1,Europe,57.17111572510005
G002842,1,Europe,63.26272890751289
G002843,1,Europe,59.58144368369878
G002844,1,Europe,61.418696907986295
G002845,1,Europe,70.19540623456241
G002846,1,Europe,45.833365270853044
G002847,1,Europe,53.51811476778984
G002848,1,Europe,68.39628347904934
G002849,1,Europe,0.0
G002850,1,Europe,58.59284291620508
G002851,1,Europe,69.41621905958652
G002852,1,Europe,63.78545969143781
G002853,1,Europe,51.33969206309318
G002854,1,Europe,56.46267666128277
G002855,1,Europe,72.39832682281731
G002856,1,Europe,63.94899953132869
G002857,1,Europe,65.06281606030464
G002858,1,Europe,61.14801891031409
G002859,1,Europe,53.740496523618695
G002860,1,Europe,61.9788921161145
G002861,1,Europe,56.186627770900735
G002862,1,Europe,65.74233894213853
G002863,1,Europe,55.73227418445096
G002864,1,Europe,66.858754167974
G002865,1,Europe,57.12129567927122
G002866,1,Europe,43.1659117695599
G002867,1,Europe,61.44892633667589
G002868,1,Europe,53.19211723323121
G002869,1,Europe,52.495388011108744
G002870,1,Europe,46.78536168181896
G002871,1,Europe,0.0
G002872,1,Europe,57.89536533258178
G002873,1,Europe,75.68920159983635
G002874,1,Europe,71.08389094772934
G002875,1,Europe,63.583085347592835
G002876,1,Europe,57.92385576894428
G002877,1,Europe,74.75337272464868
G002878,1,Europe,57.195861558643244
G002879,1,Europe,66.6386818987962
G002880,1,Europe,68.38088324002966
G002881,1,Europe,49.62893542093039
G002882,1,Europe,67.17171904471968
G002883,1,Europe,0.0
G002884,1,Europe,51.7190429183046
G002885,1,Europe,56.606237025499354
G002886,1,Europe,59.0351578745246
G002887,1,Europe,63.44268353492022
G002888,1,Europe,72.14932859233294
G002889,1,Europe,51.98925211022297
G002890,1,Europe,47.15384654872345
G002891,1,Europe,62.713924897789965
G002892,1,Europe,52.87086369185376
G002893,1,Europe,59.42887037528736
G002894,1,Europe,44.77312579015891
G002895,1,Europe,68.48510217440129
G002896,1,Europe,69.83094845804482
G002897,1,Europe,62.67801059371233
G002898,1,Europe,58.32041003590641
G002899,1,Europe,71.7905599810481
G002900,1,Europe,54.80163607168198
G002901,1,Europe,59.44429627137474
G002902,1,Europe,74.1935858733356
G002903,1,Europe,38.45347370964289
G002904,1,Europe,0.0
G002905,1,Europe,63.82607874232892
G002906,1,Europe,72.77457469153404
G002907,1,Europe,58.41617652148008
G002908,1,Europe,58.75832321500778
G002909,1,Europe,37.74964046096802
G002910,1,Europe,52.42638620105837
G002911,1,Europe,62.29545725035667
G002912,1,Europe,42.94823722134936
G002913,1,Europe,62.92338646620511
G002914,1,Europe,50.33938396161615
G002915,1,Europe,56.394860906183716
G002916,1,Europe,24.19749419176217
G002917,1,Europe,59.43812245961391
G002918,1,Europe,54.02335626816749
G002919,1,Europe,56.134338594317434
G002920,1,Europe,54.31600674330465
G002921,1,Europe,71.99304168774503
G002922,1,Europe,54.5610998814106
G002923,1,Europe,57.07648061199261
G002924,1,Europe,57.46008762917374
G002925,1,Europe,54.49897676503658
G002926,1,Europe,0.0
G002927,1,Europe,61.28164834864393
G002928,1,Europe,58.37994800162315
G002929,1,Europe,56.64889750674638
G002930,1,Europe,70.43912008553744
G002931,1,Europe,68.22799653816223
G002932,1,Europe,45.62544160174601
G002933,1,Europe,57.835680153131484
G002934,1,Europe,52.49715723606312
G002935,1,Europe,71.61964499744772
G002936,1,Europe,69.16879601152196
G002937,1,Europe,50.22883476163763
G002938,1,Europe,73.02081932026148
G002939,1,Europe,57.492596703823764
G002940,1,Europe,53.34934059715272
G002941,1,Europe,72.18545301188257
G002942,1,Europe,62.410575478544736
G002943,1,Europe,54.0139992213502
G002944,1,Europe,72.29973897954821
G002945,1,Europe,56.252320308744906
G002946,1,Europe,0.0
G002947,1,Europe,67.3301318848133
G002948,1,Europe,47.08855226281556
G002949,1,Europe,74.23824777096509
G002950,1,Europe,66.66916975003481
G002951,1,Europe,70.90678303926371
G002952,1,Europe,68.39807744650408
G002953,1,Europe,63.59848438668252
G002954,1,Europe,68.55907393801753
G002955,1,Europe,47.66303754448349
G002956,1,Europe,56.769353824362156
G002957,1,Europe,66.96038702435023
G002958,1,Europe,61.14403144097329
G002959,1,Europe,69.05389327120783
G002960,1,Europe,52.62165658450127
G002961,1,Europe,52.99265900528432
G002962,1,Europe,59.09676030366349
G002963,1,Europe,54.32528146928368
G002964,1,Europe,65.2421940985918
G002965,1,Europe,72.09056213214181
G002966,1,Europe,49.92533475571871
G002967,1,Europe,56.113084061127715
G002968,1,Europe,0.0
G002969,1,Europe,53.83753212015918
G002970,1,Europe,0.0
G002971,1,Europe,64.1126263167262
G002972,1,Europe,65.81196684138183
G002973,1,Europe,59.028590818753756
G002974,1,Europe,63.55244639909267
G002975,1,Europe,59.853028153025754
G002976,1,Europe,64.68643569844419
G002977,1,Europe,66.58295512902737
G002978,1,Europe,0.0
G002979,1,Europe,46.792536555257705
G002980,1,Europe,49.471360293070475
G002981,1,Europe,57.743351655143684
G002982,1,Europe,65.10867077231407
G002983,1,Europe,0.0
G002984,1,Europe,67.82800019165873
G002985,1,Europe,0.0
G002986,1,Europe,0.0
G002987,1,Europe,65.71556115128055
G002988,1,Europe,56.48338001328707
G002989,1,Europe,66.46770440212345
G002990,1,Europe,70.90425534415246
G002991,1,Europe,67.87687043410541
G002992,1,Europe,79.77303224585906
G002993,1,Europe,64.03769530403615
G002994,1,Europe,53.21743971149127
G002995,1,Europe,72.48745638567209
G002996,1,Europe,66.49337511461432
G002997,1,Europe,0.0
G002998,1,Europe,0.0
G002999,1,Europe,76.03371381148426
G003000,1,Europe,51.844083991885185
G003001,1,Europe,74.80941377979607
G003002,1,Europe,57.59777820065165
G003003,1,Europe,53.098086883573814
G003004,1,Europe,70.90024999630452
G003005,1,Europe,64.29631282120943
G003006,1,Europe,50.09103058564662
G003007,1,Europe,71.48685930025577
G003008,1,Europe,0.0
G003009,1,Europe,74.42724355566321
G003010,1,Europe,57.89522298043966
G003011,1,Europe,67.80613670226842
G003012,1,Europe,60.75322844851018
G003013,1,Europe,76.20203981137277
G003014,1,Europe,54.9768393253088
G003015,1,Europe,52.4075014070724
G003016,1,Europe,51.193219121873376
G003017,1,Europe,60.00265890754895
G003018,1,Europe,0.0
G003019,1,Europe,43.333351201673345
G003020,1,Europe,61.52613377102216
G003021,1,Europe,59.819955551429224
G003022,1,Europe,63.05236826086045
G003023,1,Europe,49.59031149721145
G003024,1,Europe,67.96908177828789
G003025,1,Europe,51.05470895271771
G003026,1,Europe,68.10081440186501
G003027,1,Europe,67.47227861233732
G003028,1,Europe,63.165248809386384
G003029,1,Europe,51.84197547457977
G003030,1,Europe,75.44789634361864
G003031,1,Europe,53.47504523323522
G003032,1,Europe,73.27115372645855
G003033,1,Europe,52.234541594505316
G003034,1,Europe,55.77304105067253
G003035,1,Europe,59.87409445915439
G003036,1,Europe,60.10297572267056
G003037,1,Europe,78.04809626555443
G003038,1,Europe,65.28222613415032
G003039,1,Europe,80.074333186118
G003040,1,Europe,68.79671303301508
G003041,1,Latin America,86.7690012648467
G003042,1,Latin America,83.06734956854582
G003043,1,Latin America,83.45280553388052
G003044,1,Latin America,88.45969144793622
G003045,1,Latin America,90.57395404344618
G003046,1,Latin America,97.73416255744705
G003047,1,Latin America,91.00061052273982
G003048,1,Latin America,79.90953897725632
G003049,1,Latin America,98.31696237623692
G003050,1,Latin America,56.07005373719245
G003051,1,Latin America,94.45282254099845
G003052,1,Latin America,83.55525289540398
G003053,1,Latin America,68.24195108737007
G003054,1,Latin America,0.0
G003055,1,Latin America,77.89468715773523
G003056,1,Latin America,62.41187601900822
G003057,1,Latin America,71.95984090900421
G003058,1,Latin America,94.09654644326008
G003059,1,Latin America,68.6857439889908
G003060,1,Latin America,55.652656744050255
G003061,1,Latin America,81.89451007646322
G003062,1,Latin America,76.4562338166535
G003063,1,Latin America,79.83675645256044
G003064,1,Latin America,96.11092794510813
G003065,1,Latin America,93.50423500723551
G003066,1,Latin America,94.03821350796521
G003067,1,Latin America,93.15799993870476
G003068,1,Latin America,66.79359244203567
G003069,1,Latin America,83.57955570936204
G003070,1,Latin America,94.36295648798077
G003071,1,Latin America,93.99262779493225
G003072,1,Latin America,0.0
G003073,1,Latin America,94.38847472739221
G003074,1,Latin America,81.05740111481782
G003075,1,Latin America,79.31567068061683
G003076,1,Latin America,75.02564510619642
G003077,1,Latin America,0.0
G003078,1,Latin America,78.80714455961233
G003079,1,Latin America,98.95303333848715
G003080,1,Latin America,78.8780537042347
G003081,1,Latin America,66.04366089332103
G003082,1,Latin America,90.22580415295516
G003083,1,Latin America,96.26543087661267
G003084,1,Latin America,95.1161817921942
G003085,1,Latin America,72.75284649804686
G003086,1,Latin America,87.01094449582517
G003087,1,Latin America,78.96925255326792
G003088,1,Latin America,88.25893191783356
G003089,1,Latin America,97.3396680147115
G003090,1,Latin America,78.57151267433167
G003091,1,Latin America,98.70575329303742
G003092,1,Latin America,77.00015288451225
G003093,1,Latin America,76.46125036078692
G003094,1,Latin America,98.45129384947772
G003095,1,Latin America,82.34469517158468
G003096,1,Latin America,92.10484421101484
G003097,1,Latin America,91.88784070806793
G003098,1,Latin America,93.2955265825734
G003099,1,Latin America,86.40945810299976
G003100,1,Latin America,71.68967300350027
G003101,1,Latin America,85.00748212695123
G003102,1,Latin America,91.04067066774223
G003103,1,Latin America,83.29873304907483
G003104,1,Latin America,90.59311206869647
G003105,1,Latin America,74.68419746648
G003106,1,Latin America,75.95382415598631
G003107,1,Latin America,84.14698413008452
G003108,1,Latin America,79.88699885189534
G003109,1,Latin America,80.14751150779652
G003110,1,Latin America,78.03079543582417
G003111,1,Latin America,87.87254379538155
G003112,1,Latin America,72.8941398023981
G003113,1,Latin America,72.64074777185918
G003114,1,Latin America,91.3346599819588
G003115,1,Latin America,97.08970636861027
G003116,1,Latin America,79.39623661530018
G003117,1,Latin America,72.50123800556949
G003118,1,Latin America,72.44158623892069
G003119,1,Latin America,96.94915035447569
G003120,1,Latin America,83.65098507099441
G003121,1,Latin America,78.16314651148247
G003122,1,Latin America,76.56404513826153
G003123,1,Latin America,92.92171460105027
G003124,1,Latin America,52.20085016694935
G003125,1,Latin America,91.58111815155998
G003126,1,Latin America,98.4492426010244
G003127,1,Latin America,79.94198175292304
G003128,1,Latin America,83.07149575018883
G003129,1,Latin America,69.33374624848366
G003130,1,Latin America,95.05801485164599
G003131,1,Latin America,97.28420968794282
G003132,1,Latin America,91.6680449855978
G003133,1,Latin America,89.47457751041922
G003134,1,Latin America,77.98904773271084
G003135,1,Latin America,76.27367583948374
G003136,1,Latin America,94.82129700994493
G003137,1,Latin America,97.5840303257171
G003138,1,Latin America,71.91678361082077
G003139,1,Latin America,67.45619413838604
G003140,1,Latin America,53.51616430390964
G003141,1,Latin America,69.59023628222944
G003142,1,Latin America,73.01298743950598
G003143,1,Latin America,94.28877967410739
G003144,1,Latin America,70.78420409991591
G003145,1,Latin America,0.0
G003146,1,Latin America,75.00293951936925
G003147,1,Latin America,74.01466179620496
G003148,1,Latin America,67.31444061384056
G003149,1,Latin America,88.1779094361392
G003150,1,Latin America,83.53953399471442
G003151,1,Latin America,88.83937607441527
G003152,1,Latin America,73.0336780435443
G003153,1,Latin America,78.45815475153472
G003154,1,Latin America,84.28604616691128
G003155,1,Latin America,88.26908161591535
G003156,1,Latin America,55.74148917193846
G003157,1,Latin America,72.12303023827076
G003158,1,Latin America,81.96157358014221
G003159,1,Latin America,83.6813989723921
G003160,1,Latin America,98.32303252202725
G003161,1,Latin America,81.89135198161097
G003162,1,Latin America,61.03020018100739
G003163,1,Latin America,68.5384838251634
G003164,1,Latin America,82.90506210181118
G003165,1,Latin America,93.49983088797875
G003166,1,Latin America,71.47279551592379
G003167,1,Latin America,69.59344421666862
G003168,1,Latin America,75.17420905146454
G003169,1,Latin America,73.22593822712395
G003170,1,Latin America,93.26188179301494
G003171,1,Latin America,93.74532070296823
G003172,1,Latin America,77.44042392235994
G003173,1,Latin America,88.24311283129454
G003174,1,Latin America,83.51476530712844
G003175,1,Latin America,83.27510441020763
G003176,1,Latin America,71.9958039918235
G003177,1,Latin America,79.77890046872425
G003178,1,Latin America,81.11475338828565
G003179,1,Latin America,92.91325558691315
G003180,1,Latin America,73.51455667769909
G003181,1,Latin America,83.48739603030683
G003182,1,Latin America,75.77869625260251
G003183,1,Latin America,77.44161277516186
G003184,1,Latin America,64.96409995282688
G003185,1,Latin America,70.54815867656288
G003186,1,Latin America,75.24881362217664
G003187,1,Latin America,79.46049190980197
G003188,1,Latin America,65.95642036827768
G003189,1,Latin America,80.23832789828109
G003190,1,Latin America,75.30095075781418
G003191,1,Latin America,68.20956228005886
G003192,1,Latin America,69.18759990876009
G003193,1,Latin America,81.83324703860283
G003194,1,Latin America,98.84566156747034
G003195,1,Latin America,94.0141960310936
G003196,1,Latin America,77.72510376560687
G003197,1,Latin America,80.01040154576302
G003198,1,Latin America,71.28369954195168
G003199,1,Latin America,74.83699939142393
G003200,1,Latin America,86.26171835082769
G003201,1,Latin America,76.26928826029012
G003202,1,Latin America,76.66183427166939
G003203,1,Latin America,82.89123692715168
G003204,1,Latin America,74.62157771730423
G003205,1,Latin America,68.56227538383007
G003206,1,Latin America,75.248342669487
G003207,1,Latin America,82.02462661787868
G003208,1,Latin America,77.16466395566499
G003209,1,Latin America,70.82312056016922
G003210,1,Latin America,91.1149231106937
G003211,1,Latin America,78.69748610721935
G003212,1,Latin America,78.71665925097466
G003213,1,Latin America,83.59463953316212
G003214,1,Latin America,78.08543604226546
G003215,1,Latin America,80.03829963091195
G003216,1,Latin America,60.37257013535139
G003217,1,Latin America,78.41891040480137
G003218,1,Latin America,85.608611465073
G003219,1,Latin America,80.56132142484188
G003220,1,Latin America,97.24872172146945
G003221,1,Latin America,99.24578797825629
G003222,1,Latin America,78.16506099230051
G003223,1,Latin America,80.88760773575306
G003224,1,Latin America,73.70648648023604
G003225,1,Latin America,95.74055930222526
G003226,1,Latin America,78.50639485784554
G003227,1,Latin America,0.0
G003228,1,Latin America,87.46553157526256
G003229,1,Latin America,73.39193965017796
G003230,1,Latin America,83.09676759779452
G003231,1,Latin America,67.7182439385436
G003232,1,Latin America,0.0
G003233,1,Latin America,64.5365466480255
G003234,1,Latin America,83.15829169678689
G003235,1,Latin America,46.055259608124246
G003236,1,Latin America,81.41755285280942
G003237,1,Latin America,67.40356342160702
G003238,1,Latin America,74.0591829278171
G003239,1,Latin America,78.77357207226392
G003240,1,Latin America,83.26516386197191
G003241,1,Latin America,93.9149428922263
G003242,1,Latin America,75.42046502101421
G003243,1,Latin America,83.21022937059404
G003244,1,Latin America,79.50772858721018
G003245,1,Latin America,82.19018602424862
G003246,1,Latin America,78.84688523369124
G003247,1,Latin America,88.69007707894933
G003248,1,Latin America,73.35517919117213
G003249,1,Latin America,81.27050078676686
G003250,1,Latin America,72.81939743828774
G003251,1,Latin America,76.31035063570195
G003252,1,Latin America,91.92081717876955
G003253,1,Latin America,82.4626161826253
G003254,1,Latin America,76.40582711514831
G003255,1,Latin America,91.93335464995918
G003256,1,Latin America,74.02544648134707
G003257,1,Latin America,78.15864183577985
G003258,1,Latin America,74.71433856624364
G003259,1,Latin America,71.95726401857175
G003260,1,Latin America,70.41049385502122
G003261,1,Latin America,86.0237239526691
G003262,1,Latin America,0.0
G003263,1,Latin America,72.11515237835094
G003264,1,Latin America,82.85486573851108
G003265,1,Latin America,74.04096433997154
G003266,1,Latin America,74.18136565703153
G003267,1,Latin America,76.83280268768651
G003268,1,Latin America,73.84941786801816
G003269,1,Latin America,85.00703087086615
G003270,1,Latin America,95.03967332135772
G003271,1,Latin America,69.99299020087719
G003272,1,Latin America,88.58448429322243
G003273,1,Latin America,79.44520640337468
G003274,1,Latin America,81.32611646473407
G003275,1,Latin America,73.91484520697594
G003276,1,Latin America,76.10269966875062
G003277,1,Latin America,69.36650128936768
G003278,1,Latin America,97.68895806944371
G003279,1,Latin America,68.5697299683094
G003280,1,Latin America,73.73584457475489
G003281,1,Latin America,70.95103628540039
G003282,1,Latin America,75.72791578543931
G003283,1,Latin America,82.11270041826367
G003284,1,Latin America,71.64033450829983
G003285,1,Latin America,83.4151681819793
G003286,1,Latin America,0.0
G003287,1,Latin America,79.31758728828575
G003288,1,Latin America,93.33843025529386
G003289,1,Latin America,84.00820180237294
G003290,1,Latin America,77.25692846399545
G003291,1,Latin America,83.21650908121015
G003292,1,Latin America,75.76357017263771
G003293,1,Latin America,91.73483779361392
G003294,1,Latin America,86.56446583592893
G003295,1,Latin America,97.28775735266461
G003296,1,Latin America,74.91920878398419
G003297,1,Latin America,81.67778196054697
G003298,1,Latin America,0.0
G003299,1,Latin America,74.33359919798373
G003300,1,Latin America,82.90512300646306
G003301,1,Latin America,83.22839521354798
G003302,1,Latin America,72.67244332350022
G003303,1,Latin America,79.42970286104534
G003304,1,Latin America,72.32585685879896
G003305,1,Latin America,77.08016919481754
G003306,1,Latin America,83.07772154980898
G003307,1,Latin America,76.43623477035761
G003308,1,Latin America,75.65232770259995
G003309,1,Latin America,79.80923790937662
G003310,1,Latin America,91.53530440467054
G003311,1,Latin America,0.0
G003312,1,Latin America,71.30910152542592
G003313,1,Latin America,69.21968361356764
G003314,1,Latin America,75.31956322914363
G003315,1,Latin America,75.46042550992966
G003316,1,Latin America,82.594737689207
G003317,1,Latin America,77.79459565734864
G003318,1,Latin America,80.06285430669784
G003319,1,Latin America,79.2879914849509
G003320,1,Latin America,0.0
G003321,1,Latin America,79.69073873091827
G003322,1,Latin America,66.09637166905043
G003323,1,Latin America,72.56005123376846
G003324,1,Latin America,78.42022654824727
G003325,1,Latin America,75.7993151607405
G003326,1,Latin America,77.73458800613882
G003327,1,Latin America,79.72947917151451
G003328,1,Latin America,69.34289542881287
G003329,1,Latin America,78.54940904307367
G003330,1,Latin America,72.5756679659251
G003331,1,Latin America,81.73602826017142
G003332,1,Latin America,89.6290773779452
G003333,1,Latin America,72.94717492576079
G003334,1,Latin America,84.47285640561581
G003335,1,Latin America,77.17271827374084
G003336,1,Latin America,68.9796546831131
G003337,1,Latin America,80.90822339376628
G003338,1,Latin America,67.67524800963113
G003339,1,Latin America,78.11987133044005
G003340,1,Latin America,0.0
G003341,1,Latin America,70.49335996282102
G003342,1,Latin America,87.44522230752398
G003343,1,Latin America,0.0
G003344,1,Latin America,82.46397074174881
G003345,1,Latin America,75.88880832529068
G003346,1,Latin America,71.87851165990577
G003347,1,Latin America,69.82157012890144
G003348,1,Latin America,81.05479673120831
G003349,1,Latin America,78.81870451978843
G003350,1,Latin America,76.25188960722
G003351,1,Latin America,75.78131403707374
G003352,1,Latin America,73.85006857424975
G003353,1,Latin America,67.21737121021748
G003354,1,Latin America,74.34089699488878
G003355,1,Latin America,72.93544836699962
G003356,1,Latin America,75.19924602413177
G003357,1,Latin America,70.37898269194184
G003358,1,Latin America,82.57730451357365
G003359,1,Latin America,72.5804654778242
G003360,1,Latin America,75.60602305841446
G003361,1,Latin America,96.27784554684162
G003362,1,Latin America,76.95171555131674
G003363,1,Latin America,98.69957121527196
G003364,1,Latin America,75.07943701906503
G003365,1,Latin America,82.34858332210237
G003366,1,Latin America,75.49275991794016
G003367,1,Latin America,84.24929773581027
G003368,1,Latin America,75.57179160472751
G003369,1,Latin America,70.14485239166021
G003370,1,Latin America,81.41462294738761
G003371,1,Latin America,84.29378270640969
G003372,1,Latin America,63.895638960123065
G003373,1,Latin America,67.12112799763679
G003374,1,Latin America,72.06508777868747
G003375,1,Latin America,59.84922266082692
G003376,1,Latin America,87.30539814937114
G003377,1,Latin America,67.07167053469338
G003378,1,Latin America,72.06142317816615
G003379,1,Latin America,79.12077026474476
G003380,1,Latin America,69.69254891037941
G003381,1,Latin America,66.59608057510854
G003382,1,Latin America,70.83657141315936
G003383,1,Latin America,76.68714140975476
G003384,1,Latin America,78.20478357446193
G003385,1,Latin America,79.36544972819091
G003386,1,Latin America,76.0853795888424
G003387,1,Latin America,74.00631624591352
G003388,1,Latin America,96.24440516653657
G003389,1,Latin America,76.91796855152286
G003390,1,Latin America,74.93643180048466
G003391,1,Latin America,94.36998805771091
G003392,1,Latin America,75.50868544450809
G003393,1,Latin America,74.9203831692338
G003394,1,Latin America,83.82552744800303
G003395,1,Latin America,0.0
G003396,1,Latin America,0.0
G003397,1,Latin America,74.04065687751769
G003398,1,Latin America,78.82080376911163
G003399,1,Latin America,80.27855542069673
G003400,1,Latin America,78.02990359675432
G003401,1,Latin America,76.41551535099744
G003402,1,Latin America,94.93127241569216
G003403,1,Latin America,83.16620400863526
G003404,1,Latin America,73.32438765986038
G003405,1,Latin America,73.75363366115093
G003406,1,Latin America,66.9071457043236
G003407,1,Latin America,81.47982337081433
G003408,1,Latin America,62.15370700597763
G003409,1,Latin America,56.7614683496356
G003410,1,Latin America,75.4266010084694
G003411,1,Latin America,66.56451287209987
G003412,1,Latin America,73.49595261073114
G003413,1,Latin America,72.77367175275089
G003414,1,Latin America,90.59536324000177
G003415,1,Latin America,80.85903096061043
G003416,1,Latin America,74.38298747313023
G003417,1,Latin America,90.92231378348669
G003418,1,Latin America,66.1001944360733
G003419,1,Latin America,70.2722954018116
G003420,1,Latin America,85.58273378533126
G003421,1,Latin America,91.00288177975018
G003422,1,Latin America,75.16490856994645
G003423,1,Latin America,68.00739920556545
G003424,1,Latin America,70.23839480326754
G003425,1,Latin America,81.96261334246397
G003426,1,Latin America,74.99163241425428
G003427,1,Latin America,72.10390482318402
G003428,1,Latin America,0.0
G003429,1,Latin America,81.56300250291825
G003430,1,Latin America,72.71828875458242
G003431,1,Latin America,67.2876027790308
G003432,1,Latin America,74.68318194890023
G003433,1,Latin America,77.22762566137314
G003434,1,Latin America,74.95276011943817
G003435,1,Latin America,73.96113802462817
G003436,1,Latin America,74.29343714159728
G003437,1,Latin America,81.106155108087
G003438,1,Latin America,74.47329102766514
G003439,1,Middle East,84.09012829220295
G003440,1,Middle East,0.0
G003441,1,Middle East,63.230407971606105
G003442,1,Middle East,61.417896690346986
G003443,1,Middle East,70.75890964534155
G003444,1,Middle East,69.37488757372444
G003445,1,Middle East,70.54634038127283
G003446,1,Middle East,71.29108720387924
G003447,1,Middle East,75.59577571702005
G003448,1,Middle East,66.8596669653654
G003449,1,Middle East,81.604943839252
G003450,1,Middle East,93.6479078481396
G003451,1,Middle East,56.9981166857788
G003452,1,Middle East,71.44971941926444
G003453,1,Middle East,72.99908677652478
G003454,1,Middle East,93.10003522021573
G003455,1,Middle East,76.96362666880633
G003456,1,Middle East,90.8330653116703
G003457,1,Middle East,71.86147613763809
G003458,1,Middle East,75.39541636669637
G003459,1,Middle East,66.62972495560754
G003460,1,Middle East,64.33652718730768
G003461,1,Middle East,64.93148055369295
G003462,1,Middle East,68.51020922908188
G003463,1,Middle East,70.0528659697175
G003464,1,Middle East,90.58612664246559
G003465,1,Middle East,52.02735305651751
G003466,1,Middle East,92.58996970345036
G003467,1,Middle East,80.49248958189558
G003468,1,Middle East,74.82551746913792
G003469,1,Middle East,74.10933601981401
G003470,1,Middle East,53.81072299313545
G003471,1,Middle East,82.09080549963316
G003472,1,Middle East,83.03175659252207
G003473,1,Middle East,94.456384597334
G003474,1,Middle East,78.36555948525668
G003475,1,Middle East,76.59617041062045
G003476,1,Middle East,61.45845991776747
G003477,1,Middle East,66.08662656518818
G003478,1,Middle East,84.64041241325438
G003479,1,Middle East,80.33078923826777
G003480,1,Middle East,71.71771417310111
G003481,1,Middle East,78.7158278360069
G003482,1,Middle East,59.44986370283365
G003483,1,Middle East,65.79732765641809
G003484,1,Middle East,71.46990631137021
G003485,1,Middle East,59.87966113027118
G003486,1,Middle East,74.93522775075292
G003487,1,Middle East,64.23840513990865
G003488,1,Middle East,76.79731429602431
G003489,1,Middle East,63.76238230085372
G003490,1,Middle East,60.62932109614033
G003491,1,Middle East,95.85058305072785
G003492,1,Middle East,64.01825726474505
G003493,1,Middle East,0.0
G003494,1,Middle East,69.33772295767069
G003495,1,Middle East,0.0
G003496,1,Middle East,74.03518149456383
G003497,1,Middle East,78.2171945783496
G003498,1,Middle East,70.12100501276869
G003499,1,Middle East,85.05288670244813
G003500,1,Middle East,71.38276694864035
G003501,1,Middle East,54.26721883401003
G003502,1,Middle East,70.01061121583436
G003503,1,Middle East,70.25279752221071
G003504,1,Middle East,70.1203679462572
G003505,1,Middle East,77.70220053966028
G003506,1,Middle East,79.4383593345718
G003507,1,Middle East,84.66879628752758
G003508,1,Middle East,86.98169569417836
G003509,1,Middle East,88.31944592700899
G003510,1,Middle East,77.06782090184092
G003511,1,Middle East,82.62664777408946
G003512,1,Middle East,67.40599825298787
G003513,1,Middle East,52.48169423079491
G003514,1,Middle East,70.13774368482828
G003515,1,Middle East,81.25510699239373
G003516,1,Middle East,94.46228328453773
G003517,1,Middle East,63.876055382192135
G003518,1,Middle East,75.8884520866275
G003519,1,Middle East,64.9859827200644
G003520,1,Middle East,68.30088646036387
G003521,1,Middle East,79.179954722996
G003522,1,Middle East,0.0
G003523,1,Middle East,64.36789301543706
G003524,1,Middle East,72.39178867511045
G003525,1,Middle East,77.12154888027906
G003526,1,Middle East,80.73951963824034
G003527,1,Middle East,91.59492546882413
G003528,1,Middle East,84.35237910315395
G003529,1,Middle East,77.83243805384275
G003530,1,Middle East,85.72286999164524
G003531,1,Middle East,82.47111335585244
G003532,1,Middle East,59.41893962550163
G003533,1,Middle East,66.70240938311814
G003534,1,Middle East,69.55465929539818
G003535,1,Middle East,63.04494561897444
G003536,1,Middle East,0.0
G003537,1,Middle East,57.61066476986806
G003538,1,Middle East,88.31169958144427
G003539,1,Middle East,57.75455344607975
G003540,1,Middle East,70.55918403599118
G003541,1,Middle East,69.66946934801341
G003542,1,Middle East,75.95897979208827
G003543,1,Middle East,70.49776469835639
G003544,1,Middle East,77.93555188117966
G003545,1,Middle East,81.22303791883226
G003546,1,Middle East,70.37690844140812
G003547,1,Middle East,76.51317834227827
G003548,1,Middle East,90.62186384023727
G003549,1,Middle East,61.27109371998996
G003550,1,Middle East,94.11535522278331
G003551,1,Middle East,74.14363715627789
G003552,1,Middle East,77.04038110706209
G003553,1,Middle East,76.91744938819066
G003554,1,Middle East,65.78252799171209
G003555,1,Middle East,54.9882537332412
G003556,1,Middle East,63.18253911721706
G003557,1,Middle East,86.51811823913455
G003558,1,Middle East,66.58129189211131
G003559,1,Middle East,60.88099445518943
G003560,1,Middle East,83.5452781653156
G003561,1,Middle East,72.45788895744086
G003562,1,Middle East,77.70108213644136
G003563,1,Middle East,0.0
G003564,1,Middle East,81.44462433871628
G003565,1,Middle East,79.25150963413716
G003566,1,Middle East,67.2507427649498
G003567,1,Middle East,0.0
G003568,1,Middle East,65.39151976947441
G003569,1,Middle East,60.720358227372174
G003570,1,Middle East,64.16076014879347
G003571,1,Middle East,67.40847530817986
G003572,1,Middle East,80.0828638990991
G003573,1,Middle East,68.77344416361866
G003574,1,Middle East,68.77684846049547
G003575,1,Middle East,94.49467239832427
G003576,1,Middle East,76.00648111009599
G003577,1,Middle East,91.37042154318095
G003578,1,Middle East,70.52613378671444
G003579,1,Middle East,53.790335771676276
G003580,1,Middle East,76.14545419722616
G003581,1,Middle East,72.89738004207071
G003582,1,Middle East,56.82425946706534
G003583,1,Middle East,58.21137341147662
G003584,1,Middle East,67.64645023805265
G003585,1,Middle East,60.7872057287964
G003586,1,Middle East,73.63159826747035
G003587,1,Middle East,55.646576315146504
G003588,1,Middle East,74.08023374329102
G003589,1,Middle East,75.4847802703778
G003590,1,Middle East,92.57813669007837
G003591,1,Middle East,72.71007141128996
G003592,1,Middle East,74.78722422838212
G003593,1,Middle East,74.33043127756768
G003594,1,Middle East,72.04357667033419
G003595,1,Middle East,75.48559316551504
G003596,1,Middle East,0.0
G003597,1,Middle East,70.04737504001278
G003598,1,Middle East,67.49776032451699
G003599,1,Middle East,74.06293966507911
G003600,1,Middle East,67.35435735034943
G003601,1,Middle East,73.43512864753605
G003602,1,Middle East,74.60509823714061
G003603,1,Middle East,75.87783197274804
G003604,1,Middle East,83.90981692754951
G003605,1,Middle East,73.91145261791348
G003606,1,Middle East,0.0
G003607,1,Middle East,76.60882038134247
G003608,1,Middle East,74.0314017646909
G003609,1,Middle East,71.87502486690879
G003610,1,Middle East,61.05332492458822
G003611,1,Middle East,74.75630369886755
G003612,1,Middle East,52.48491981939114
G003613,1,Middle East,65.31527637463807
G003614,1,Middle East,68.72545132333042
G003615,1,Middle East,78.79375921741129
G003616,1,Middle East,93.42915714942099
G003617,1,Middle East,72.25120802011634
G003618,1,Middle East,72.97563486289978
G003619,1,Middle East,69.17042130683228
G003620,1,Middle East,75.52235985928775
G003621,1,Middle East,72.23299026123864
G003622,1,Middle East,75.69697438549996
G003623,1,Middle East,65.66398029643298
G003624,1,Middle East,65.36004176500441
G003625,1,Middle East,0.0
G003626,1,Middle East,77.58233127226974
G003627,1,Middle East,87.67241690217273
G003628,1,Middle East,57.300644057490615
G003629,1,Middle East,81.34935534974481
G003630,1,Middle East,74.89914194756747
G003631,1,Middle East,92.34354505076824
G003632,1,Middle East,79.95243355345275
G003633,1,Middle East,67.45444019438371
G003634,1,Middle East,62.96017201658992
G003635,1,Middle East,88.99398897650748
G003636,1,Middle East,70.30285278008743
G003637,1,Middle East,76.88602990660071
G003638,1,Middle East,76.2772199702263
G003639,1,Middle East,63.03360501285214
G003640,1,Middle East,75.94675381827354
G003641,1,Middle East,56.891753784477714
G003642,1,Middle East,81.79294964236023
G003643,1,Middle East,93.77576924055815
G003644,1,Middle East,73.65003476765753
G003645,1,Middle East,54.27271004694158
G003646,1,Middle East,75.95481191325189
G003647,1,Middle East,60.546877879739704
G003648,1,Middle East,61.53028236965339
G003649,1,Middle East,56.99079290776903
G003650,1,Middle East,67.49486004443783
G003651,1,Middle East,80.83581492167711
G003652,1,Middle East,73.69822309531135
G003653,1,Middle East,83.10072272911125
G003654,1,Middle East,86.29667857530713
G003655,1,Middle East,85.02479706353763
G003656,1,Middle East,0.0
G003657,1,Middle East,64.97377684306737
G003658,1,Middle East,61.42436584743858
G003659,1,Middle East,77.62382125139237
G003660,1,Middle East,86.39997561001958
G003661,1,Middle East,89.72623612174573
G003662,1,Middle East,73.11756776672603
G003663,1,Middle East,65.57822978824377
G003664,1,Middle East,64.19792365406137
G003665,1,Middle East,75.12874227006509
G003666,1,Middle East,81.10897823381424
G003667,1,Middle East,63.48724569771688
G003668,1,Middle East,73.4408855678123
G003669,1,Middle East,72.19760450417706
G003670,1,Middle East,65.5869062905167
G003671,1,Middle East,78.40349142388683
G003672,1,Middle East,71.07682269306615
G003673,1,Middle East,75.07140874433337
G003674,1,Middle East,73.03145468637979
G003675,1,Middle East,59.07503764524243
G003676,1,Middle East,0.0
G003677,1,Middle East,73.25130841409799
G003678,1,Middle East,64.02283637720348
G003679,1,Middle East,72.23965430197119
G003680,1,Middle East,89.31740778492437
G003681,1,Middle East,79.96981362145688
G003682,1,Middle East,76.24874228906452
G003683,1,Middle East,61.51066612178088
G003684,1,Middle East,68.23271323340771
G003685,1,Middle East,54.77099046537731
G003686,1,Middle East,64.34845866150658
G003687,1,Middle East,79.44979150535393
G003688,1,Middle East,73.42739803540707
G003689,1,Middle East,81.18370655430537
G003690,1,Middle East,77.00484608448365
G003691,1,Middle East,66.79772826045752
G003692,1,Middle East,75.79887655968469
G003693,1,Middle East,87.1790301933695
G003694,1,Middle East,73.63151117387685
G003695,1,Middle East,73.58661917120219
G003696,1,Middle East,58.84576754917339
G003697,1,Middle East,74.12594790691138
G003698,1,Middle East,82.85891261467339
G003699,1,Middle East,77.46923047015072
G003700,1,Middle East,61.40314409071207
G003701,1,Middle East,77.13348985531927
G003702,1,Middle East,79.2095524982214
G003703,1,Middle East,87.72628714832665
G003704,1,Middle East,71.2518247989958
G003705,1,Middle East,72.8690354248177
G003706,1,Middle East,81.76804525112654
G003707,1,Middle East,84.81237354082322
G003708,1,Middle East,62.15131434551153
G003709,1,Middle East,68.66589649173707
G003710,1,Middle East,0.0
G003711,1,Middle East,81.91913364493666
G003712,1,Middle East,72.6716610141216
G003713,1,Middle East,66.77876288857695
G003714,1,Middle East,90.36805494582654
G003715,1,Middle East,0.0
G003716,1,Middle East,0.0
G003717,1,Middle East,61.730092545926574
G003718,1,Middle East,70.69379168540239
G003719,1,Middle East,74.16586429777742
G003720,1,Middle East,55.30862582984296
G003721,1,Middle East,70.52765893667939
G003722,1,Middle East,66.94871052470894
G003723,1,Middle East,89.98594816338655
G003724,1,Middle East,62.495400731841734
G003725,1,Middle East,71.8221078747511
G003726,1,Middle East,68.65213768847784
G003727,1,Middle East,73.36501385125518
G003728,1,Middle East,73.15766602460995
G003729,1,Middle East,71.99436991134918
G003730,1,Middle East,68.9499776719971
G003731,1,Middle East,82.4060124763106
G003732,1,Middle East,78.15697979068756
G003733,1,Middle East,0.0
G003734,1,Middle East,71.31759881101594
G003735,1,Middle East,53.33251419245113
G003736,1,Middle East,82.01455433395505
G003737,1,Middle East,76.16369703397156
G003738,1,Middle East,67.73860081741215
G003739,1,Middle East,58.17968611668638
G003740,1,Middle East,70.16701158659204
G003741,1,Middle East,92.74300948229431
G003742,1,Middle East,82.36006367635727
G003743,1,Middle East,93.3239744600279
G003744,1,Middle East,75.25783935159265
G003745,1,Middle East,73.77804999309599
G003746,1,Middle East,74.122918657199
G003747,1,Middle East,81.78288333657383
G003748,1,Middle East,73.37175639623405
G003749,1,Middle East,63.30763575303554
G003750,1,Middle East,70.86391328239442
G003751,1,Middle East,65.14311156505346
G003752,1,Middle East,70.27635143217174
G003753,1,Middle East,60.65404226899148
G003754,1,Middle East,71.82191062474251
G003755,1,Middle East,53.32299054369239
G003756,1,Middle East,56.53274747299426
G003757,1,Middle East,68.66724123753833
G003758,1,Middle East,71.42450883495266
G003759,1,Middle East,67.97654937301982
G003760,1,Middle East,0.0
G003761,1,Middle East,83.7089968151974
G003762,1,Middle East,60.048087511479864
G003763,1,Middle East,71.64918554735183
G003764,1,Middle East,79.41450371178985
G003765,1,Middle East,84.25503486765808
G003766,1,Middle East,69.16206088731867
G003767,1,Middle East,65.5826281738787
G003768,1,Middle East,63.48884303689003
G003769,1,Middle East,67.135695972085
G003770,1,Middle East,72.93148552289605
G003771,1,Middle East,75.90723207071423
G003772,1,Middle East,0.0
G003773,1,Middle East,76.58006067523361
G003774,1,Middle East,55.292673145091
G003775,1,Middle East,79.60416760708527
G003776,1,Middle East,72.14688250812979
G003777,1,Middle East,75.72902954660402
G003778,1,Middle East,89.53339402026886
G003779,1,Middle East,80.62017002194037
G003780,1,Middle East,76.89750160345437
G003781,1,Middle East,0.0
G003782,1,Middle East,80.92158407013343
G003783,1,Middle East,72.07811137898221
G003784,1,Middle East,91.97372927682103
G003785,1,Middle East,76.37262859791518
G003786,1,Middle East,59.06184434330826
G003787,1,Middle East,68.54918081318249
G003788,1,Middle East,62.89899261182546
G003789,1,Middle East,63.94211122453394
G003790,1,Middle East,70.38381654625408
G003791,1,Middle East,75.1222487065196
G003792,1,Middle East,63.851125132351214
G003793,1,Middle East,72.89278416994847
G003794,1,Middle East,75.18205096284912
G003795,1,Middle East,65.79066560737292
G003796,1,Middle East,59.19508867328095
G003797,1,Middle East,67.68776800215245
G003798,1,Middle East,57.43385498279333
G003799,1,Middle East,94.39679874056893
G003800,1,Middle East,75.63815644392372
G003801,1,Middle East,78.32039588269049
G003802,1,Middle East,88.62578307534844
G003803,1,Middle East,74.25625145485274
G003804,1,Middle East,69.80918743330241
G003805,1,Middle East,73.41810841032593
G003806,1,Middle East,75.51529814675
G003807,1,Middle East,57.16703100363595
G003808,1,Middle East,88.21474274527304
G003809,1,Middle East,65.29991092661835
G003810,1,Middle East,60.36256138323203
G003811,1,Middle East,85.77641962862016
G003812,1,Middle East,91.82371760678292
G003813,1,Middle East,85.37685465672612
G003814,1,Middle East,77.67490792232752
G003815,1,Middle East,75.85207162079216
G003816,1,Middle East,51.65910532908187
G003817,1,Middle East,74.63656179664171
G003818,1,Middle East,52.4699902740717
G003819,1,Middle East,0.0
G003820,1,Middle East,76.6579572291862
G003821,1,Middle East,60.12265705536171
G003822,1,Middle East,0.0
G003823,1,Middle East,73.57693451696635
G003824,1,Middle East,56.39979054129124
G003825,1,Middle East,74.18817247533798
G003826,1,Middle East,80.5777631634212
G003827,1,Middle East,75.9099035466458
G003828,1,Middle East,59.64165383255572
G003829,1,Middle East,80.97759941573759
G003830,1,Middle East,61.96978090196848
G003831,1,Middle East,73.36647672676861
G003832,1,Middle East,0.0
G003833,1,Middle East,73.41931639432909
G003834,1,Middle East,77.99317402898542
G003835,1,Middle East,90.67507458105683
G003836,1,Middle East,72.64551752189796
G003837,1,Middle East,67.68691085726023
G003838,1,Middle East,63.590297986052256
G003839,1,Middle East,63.523521222293375
G003840,1,Middle East,72.37901078472173
G003841,1,Middle East,62.84672537659245
G003842,1,Middle East,72.05958138199287
G003843,1,Middle East,83.89196756061189
G003844,1,Middle East,80.70300392920049
G003845,1,Middle East,62.65435026839374
G003846,1,Middle East,77.54279470489874
G003847,1,Middle East,64.32762675452231
G003848,1,Middle East,81.07351911756217
G003849,1,Middle East,63.167398634589986
G003850,1,Middle East,0.0
G003851,1,Middle East,55.615862049091945
G003852,1,Middle East,94.84999291814819
G003853,1,Middle East,93.2378057971949
G003854,1,Middle East,60.17189761697252
G003855,1,Middle East,71.62003018653392
G003856,1,Middle East,91.73254369198915
G003857,1,Middle East,81.21835736566783
G003858,1,Middle East,70.32354146802517
G003859,1,Middle East,70.79479310935373
G003860,1,Middle East,82.13872962537226
G003861,1,Middle East,70.61556608480576
G003862,1,Middle East,66.95000660998171
G003863,1,Middle East,60.86349957191944
G003864,1,Middle East,70.14479074190602
G003865,1,Middle East,81.5680404317081
G003866,1,Middle East,67.82377381145322
G003867,1,Middle East,71.27746477655751
G003868,1,Middle East,92.54150177919685
G003869,1,Middle East,91.01943204271794
G003870,1,Middle East,53.19190239942074
G003871,1,Middle East,64.16957795164441
G003872,1,Middle East,57.95025269051934
G003873,1,Middle East,69.35491223592649
G003874,1,Middle East,70.88359578136061
G003875,1,Middle East,58.40850275764863
G003876,1,Middle East,86.86377481418577
G003877,1,Middle East,69.30986034226417
G003878,1,Middle East,0.0
G003879,1,Middle East,72.34037127451374
G003880,1,Middle East,72.55663088958734
G003881,1,Middle East,61.51962930761141
G003882,1,Middle East,68.7559036468177
G003883,1,Middle East,74.05315331332251
G003884,1,Middle East,74.30465566702594
G003885,1,Middle East,50.26487639015913
G003886,1,Middle East,52.55150603032113
G003887,1,Middle East,76.59414287462832
G003888,1,Middle East,73.39705986945377
G003889,1,Middle East,0.0
G003890,1,Middle East,76.88275138369202
G003891,1,Middle East,76.98052560636852
G003892,1,Middle East,82.43667949768903
G003893,1,Middle East,54.83019044163733
G003894,1,Middle East,67.2946850245297
G003895,1,Middle East,71.50293180597099
G003896,1,Middle East,0.0
G003897,1,Middle East,57.87916948284525
G003898,1,Middle East,63.17128965697867
G003899,1,Middle East,73.09104715496302
G003900,1,Middle East,59.83138994330167
G003901,1,Middle East,62.557619031122236
G003902,1,Middle East,69.25574284890294
G003903,1,Middle East,53.970030395000265
G003904,1,Middle East,70.02454303915754
G003905,1,Middle East,85.2240179991424
G003906,1,Middle East,64.22883995163441
G003907,1,Middle East,72.07793283646215
G003908,1,Middle East,84.33285464774073
G003909,1,Middle East,79.79714228859545
G003910,1,Middle East,80.63444114252925
G003911,1,Middle East,73.827831548512
G003912,1,Middle East,67.83467275903261
G003913,1,Middle East,66.71367975078748
G003914,1,Middle East,74.16404890120029
G003915,1,Middle East,63.029444322894925
G003916,1,Middle East,85.84259874254467
G003917,1,Middle East,64.48863677573205
G003918,1,Middle East,63.10297843563557
G003919,1,Middle East,69.16832772281765
G003920,1,Middle East,95.14751931833318
G003921,1,Middle East,60.12933794729457
G003922,1,Middle East,74.2605461909175
G003923,1,Middle East,73.84596064835787
G003924,1,Middle East,75.50607430633903
G003925,1,Middle East,62.41244560581446
G003926,1,Middle East,72.66153435814381
G003927,1,Middle East,81.29034850947153
G003928,1,Middle East,73.89282807231311
G003929,1,Middle East,63.874703250765805
G003930,1,Middle East,77.89439484262738
G003931,1,Middle East,63.81285493872382
G003932,1,Middle East,50.530163735010404
G003933,1,Middle East,74.70856426161347
G003934,1,Middle East,70.3604034798037
G003935,1,Middle East,74.57477980268001
G003936,1,Middle East,93.11747908098995
G003937,1,Middle East,84.4970280407017
G003938,1,Middle East,65.62599207725128
G003939,1,Middle East,76.93623120360574
G003940,1,Middle East,81.41942167493701
G003941,1,Middle East,59.19480896729231
G003942,1,Middle East,89.22662924760039
G003943,1,Middle East,73.02875243121386
G003944,1,Middle East,68.91909657011068
G003945,1,Middle East,78.24327575863762
G003946,1,Middle East,61.96461940852801
G003947,1,Middle East,60.367599331676956
G003948,1,Middle East,81.63550866132977
G003949,1,Middle East,82.61476175899669
G003950,1,Middle East,71.8927299413085
G003951,1,Middle East,69.96472901543974
G003952,1,Middle East,58.284773904979225
G003953,1,Middle East,75.8396810142994
G003954,1,Middle East,90.6961877783537
G003955,1,Middle East,82.86285889329784
G003956,1,Middle East,80.5884391939342
G003957,1,Middle East,72.11189147740421
G003958,1,Middle East,57.75763815642306
G003959,1,Middle East,76.6476209667921
G003960,1,Middle East,0.0
G003961,1,Middle East,58.68491336535323
G003962,1,Middle East,44.16412055011048
G003963,1,Middle East,85.20186197771356
G003964,1,Middle East,75.32788781805561
G003965,1,Middle East,61.463747714698314
G003966,1,Middle East,78.58314061707259
G003967,1,Middle East,71.90364842975141
G003968,1,Middle East,66.66181240808604
G003969,1,Middle East,80.09101718866826
G003970,1,Middle East,79.61921436467769
G003971,1,Middle East,55.526198508188585
G003972,1,Middle East,68.54205797064304
G003973,1,Middle East,78.62149674990773
G003974,1,Middle East,90.69870419799605
G003975,1,Middle East,68.00583973180888
G003976,1,Middle East,63.233608264803884
G003977,1,Middle East,69.71528877903114
G003978,1,Middle East,65.40441273084012
G003979,1,Middle East,75.14366907696652
G003980,1,Middle East,58.82831164586544
G003981,1,Middle East,62.13816496513468
G003982,1,Middle East,62.16359699587388
G003983,1,Middle East,54.7205986841917
G003984,1,Middle East,63.97847207117081
G003985,1,Middle East,60.740768310248846
G003986,1,Middle East,84.85075355553627
G003987,1,Middle East,66.30296691554784
G003988,1,Middle East,60.53448408115452
G003989,1,Middle East,61.82417007733114
G003990,1,Middle East,54.48255439579487
G003991,1,Middle East,70.19429584943164
G003992,1,Middle East,64.4673226634264
G003993,1,Middle East,64.35177792816089
G003994,1,Middle East,51.87955112582445
G003995,1,Middle East,83.40873398763937
G003996,1,Middle East,76.31808844274464
G003997,1,Middle East,76.09523950503022
G003998,1,Middle East,60.76491938602925
G003999,1,Middle East,71.96115153235198
G004000,1,Middle East,63.60648750448227
G004001,1,Middle East,74.29859594538809
G004002,1,Middle East,76.72280569736886
G004003,1,Middle East,68.42178243225814
G004004,1,Middle East,86.19346688493093
G004005,1,Middle East,72.48335892772675
G004006,1,Middle East,77.14003995147348
G004007,1,Middle East,72.81925455918909
G004008,1,Middle East,69.71367872749494
G004009,1,Middle East,83.34415329739451
G004010,1,Middle East,70.32767971789838
G004011,1,Middle East,76.09382312452794
G004012,1,Middle East,60.10179831275977
G004013,1,Middle East,73.44435470861197
G004014,1,Middle East,91.02997058190543
G004015,1,Middle East,68.16670819216968
G004016,1,Middle East,73.15582914221287
G004017,1,Middle East,77.740003916502
G004018,1,Middle East,60.649414546697436
G004019,1,Middle East,69.5612781618969
G004020,1,Middle East,68.59252030204553
G004021,1,Middle East,61.465773784514624
G004022,1,Middle East,80.44637888449431
G004023,1,Middle East,55.481325790186716
G004024,1,Middle East,65.29053811845998
G004025,1,Middle East,71.35185298158004
G004026,1,Middle East,72.5374501298368
G004027,1,Middle East,76.73104817873241
G004028,1,Middle East,65.01472565826593
G004029,1,Middle East,50.389024798131345
G004030,1,Middle East,66.17063295635582
G004031,1,Middle East,60.12966381075165
G004032,1,Middle East,56.84540783780814
G004033,1,Middle East,84.90614674345653
G004034,1,Middle East,59.48744564634561
G004035,1,Middle East,81.18505619918398
G004036,1,Middle East,52.37164681905509
G004037,1,Middle East,81.23891639071161
G004038,1,Middle East,59.79807947897912
G004039,1,Middle East,82.52758019195588
G004040,1,Middle East,57.88761657555176
G004041,1,Middle East,86.42411258262396
G004042,1,Middle East,65.45588691766878
G004043,1,Middle East,73.93927368536592
G004044,1,Middle East,65.91307198256254
G004045,1,Middle East,68.9430819398535
G004046,1,Middle East,86.45385570049287
G004047,1,Middle East,67.12257724702178
G004048,1,Middle East,61.03433469775319
G004049,1,Middle East,65.64405950653553
G004050,1,Middle East,53.09343574619293
G004051,1,Middle East,72.29676457747817
G004052,1,Middle East,56.60263936954556
G004053,1,Middle East,71.53371556838174
G004054,1,Middle East,83.05474263652619
G004055,1,Middle East,59.16659446501371
G004056,1,Middle East,82.46794771015645
G004057,1,Middle East,81.50302687942983
G004058,1,Middle East,76.41383958327047
G004059,1,Middle East,72.9430039577782
G004060,1,Middle East,72.31928062132994
G004061,1,Middle East,79.82858119047863
G004062,1,Middle East,91.72763841187954
G004063,1,Middle East,77.12586520321533
G004064,1,Middle East,78.60672875144897
G004065,1,Middle East,71.69492206069377
G004066,1,Middle East,83.77014425438644
G004067,1,Middle East,75.89382069069148
G004068,1,Middle East,77.49655892764032
G004069,1,Middle East,73.93923621413111
G004070,1,Middle East,61.52400745044152
G004071,1,Middle East,52.96496376159878
G004072,1,Middle East,65.12130199564768
G004073,1,Middle East,82.09372686361816
G004074,1,Middle East,67.87999799667885
G004075,1,Middle East,0.0
G004076,1,Middle East,79.33904001799228
G004077,1,Middle East,71.9253434907198
G004078,1,Middle East,82.42181661777695
G004079,1,Middle East,69.98312384133085
G004080,1,Middle East,68.65722498749241
G004081,1,Middle East,72.16558686167002
G004082,1,Middle East,54.021787087995
G004083,1,Middle East,70.10582677716017
G004084,1,Middle East,93.60967716915543
G004085,1,Middle East,67.44464251981903
G004086,1,Middle East,67.08180462810849
G004087,1,Middle East,79.28475348106026
G004088,1,Middle East,63.29657758274764
G004089,1,Middle East,67.16092800838659
G004090,1,Middle East,76.78389379107952
G004091,1,Middle East,63.0722615026055
G004092,1,Middle East,71.70035057443201
G004093,1,Middle East,73.01431789354123
G004094,1,Middle East,63.26832316271103
G004095,1,Middle East,74.61088967691046
G004096,1,Middle East,68.60968939683383
G004097,1,Middle East,64.41790869745613
G004098,1,Middle East,66.42095310658216
G004099,1,Middle East,72.05180906310677
G004100,1,Middle East,58.006077798485755
G004101,1,Middle East,70.90455624920492
G004102,1,Middle East,70.67500504751098
G004103,1,Middle East,74.15364435910456
G004104,1,Middle East,0.0
G004105,1,Middle East,75.13394021360261
G004106,1,Middle East,69.18925938844681
G004107,1,Middle East,77.2546138522625
G004108,1,Middle East,71.0160057198875
G004109,1,Middle East,93.73816045174003
G004110,1,Middle East,60.85194075164561
G004111,1,Middle East,61.26883042412996
G004112,1,Middle East,82.17445099318029
G004113,1,Middle East,77.94572088944912
G004114,1,Middle East,69.57625849192792
G004115,1,Middle East,66.60377666395902
G004116,1,Middle East,61.92622350353002
G004117,1,Middle East,74.50113737761976
G004118,1,Middle East,93.28447108614445
G004119,1,Middle East,87.89244082802536
G004120,1,Middle East,0.0
G004121,1,Middle East,85.648877385731
G004122,1,Middle East,71.37360983002185
G004123,1,Middle East,68.42804438836467
G004124,1,Middle East,66.3262102617188
G004125,1,Middle East,0.0
G004126,1,Middle East,53.32750633782148
G004127,1,Middle East,68.52534699659998
G004128,1,Middle East,68.6946279760003
G004129,1,Middle East,58.666393502235415
G004130,1,Middle East,80.40375965031981
G004131,1,Middle East,78.9368175436484
G004132,1,Middle East,75.38087407016755
G004133,1,Middle East,55.53147272533179
G004134,1,Middle East,63.351613683202956
G004135,1,Middle East,59.1044136664163
G004136,1,Middle East,91.21760626761119
G004137,1,Middle East,63.72947523534298
G004138,1,Middle East,64.12437211605906
G004139,1,Middle East,77.16448938837648
G004140,1,Middle East,70.18833627419761
G004141,1,Middle East,76.82727713766694
G004142,1,Middle East,74.47900588789584
G004143,1,Middle East,87.19963743170644
G004144,1,Middle East,75.34545997899771
G004145,1,Middle East,94.63247046875954
G004146,1,Middle East,68.89480070438981
G004147,1,Middle East,75.80326642563217
G004148,1,Middle East,70.01511678987742
G004149,1,Middle East,76.05993342125416
G004150,1,Middle East,77.10558532467485
G004151,1,Middle East,72.11949131718279
G004152,1,Middle East,67.86553979834913
G004153,1,Middle East,62.29459097093344
G004154,1,Middle East,62.03667985576391
G004155,1,Middle East,59.69895148763151
G004156,1,Middle East,84.82849550564588
G004157,1,Middle East,82.74056282614126
G004158,1,Middle East,72.93086060610142
G004159,1,Middle East,77.09262917775368
G004160,1,Middle East,49.80882547914982
G004161,1,Middle East,0.0
G004162,1,Middle East,78.72450145727396
G004163,1,Middle East,0.0
G004164,1,Middle East,69.16182110195268
G004165,1,Middle East,72.81163335506844
G004166,1,Middle East,69.62720676723754
G004167,1,Middle East,70.681283749938
G004168,1,Middle East,79.1075978455372
G004169,1,Middle East,74.41253420128065
G004170,1,Middle East,68.44418688416482
G004171,1,Middle East,78.08139910894633
G004172,1,Middle East,66.84260992512739
G004173,1,Middle East,88.47489334940911
G004174,1,Middle East,70.28845080718399
G004175,1,Middle East,72.42621953674428
G004176,1,Middle East,92.05938446021081
G004177,1,Middle East,69.28370282036067
G004178,1,Middle East,76.6506034231186
G004179,1,Middle East,80.92441277796031
G004180,1,Middle East,63.62526736560464
G004181,1,Middle East,72.38127696745595
G004182,1,Middle East,76.71169289633633
G004183,1,Middle East,73.96054539305875
G004184,1,Middle East,84.88639157646894
G004185,1,Middle East,0.0
G004186,1,Middle East,62.12653931892732
G004187,1,Middle East,56.95940544884134
G004188,1,Middle East,56.095224683493385
G004189,1,Middle East,59.47122307166186
G004190,1,Middle East,69.16520845395146
G004191,1,Middle East,77.78910754295732
G004192,1,Middle East,64.87005053985119
G004193,1,Middle East,67.33588882479073
G004194,1,Middle East,74.97244812241196
G004195,1,Middle East,79.01488859313727
G004196,1,Middle East,83.91832564701997
G004197,1,Middle East,71.82422077734543
G004198,1,Middle East,70.6218739552498
G004199,1,Middle East,68.69346651491612
G004200,1,Middle East,64.60008716124295
G004201,1,Middle East,90.93325184503198
G004202,1,Middle East,78.88879945440456
G004203,1,Middle East,74.91629969993053
G004204,1,Middle East,60.838328167229896
G004205,1,Middle East,63.64196812555194
G004206,1,Middle East,64.98532645414453
G004207,1,Middle East,73.5292237997055
G004208,1,Middle East,63.99315889237054
G004209,1,Middle East,73.15400588527955
G004210,1,Middle East,79.02556218945259
G004211,1,Middle East,68.61119119715691
G004212,1,Middle East,86.80329098429824
G004213,1,Middle East,67.89060131352778
G004214,1,Middle East,71.28272723388672
G004215,1,Middle East,74.8446056586495
G004216,1,Middle East,60.28289255445834
G004217,1,Middle East,84.82528490820528
G004218,1,Middle East,75.6192172552564
G004219,1,Middle East,58.198297816103164
G004220,1,Middle East,67.92675283087384
G004221,1,Middle East,65.95805434644222
G004222,1,Middle East,71.00096058535577
G004223,1,Middle East,65.57059619992971
G004224,1,Middle East,76.40302632296357
G004225,1,Middle East,68.98543636393548
G004226,1,Middle East,71.69769926924508
G004227,1,Middle East,73.3382799159722
G004228,1,Middle East,81.59017741478573
G004229,1,Middle East,70.97307255755048
G004230,1,Middle East,76.86496796468712
G004231,1,Middle East,91.85791899358142
G004232,1,Middle East,72.59256488859474
G004233,1,Middle East,72.27296038025618
G004234,1,Middle East,0.0
G004235,1,Middle East,70.87874416815873
G004236,1,Middle East,68.50762525574005
G004237,1,Middle East,72.59680043751003
G004238,1,Middle East,84.79423156380655
G004239,1,Middle East,54.52171681330059
G004240,1,Middle East,70.13543343001604
G004241,1,Middle East,71.34456550246477
G004242,1,Middle East,75.61568816417457
G004243,1,Middle East,58.485189806539
G004244,1,Middle East,55.09913123212258
G004245,1,Middle East,95.29664247368885
G004246,1,Middle East,75.54462496003508
G004247,1,Middle East,75.00052221244574
G004248,1,Middle East,77.57178512170911
G004249,1,Middle East,78.20215948878185
G004250,1,Middle East,82.83411906722188
G004251,1,Middle East,74.73375609073042
G004252,1,Middle East,77.11737294077874
G004253,1,Middle East,74.32770926438769
G004254,1,Middle East,79.76879252858777
G004255,1,Middle East,65.70385426179027
G004256,1,Middle East,61.431105358172545
G004257,1,Middle East,78.34924345070304
G004258,1,Middle East,56.032748925566686
G004259,1,Middle East,66.35083789884501
G004260,1,Middle East,71.89204502144906
G004261,1,Middle East,83.86247025632679
G004262,1,Middle East,52.4728987355449
G004263,1,Middle East,58.389433121083364
G004264,1,Middle East,57.745748796593055
G004265,1,Middle East,74.44165779779264
G004266,1,Middle East,72.99943016745286
G004267,1,Middle East,84.06939906406403
G004268,1,Middle East,79.68113682732077
G004269,1,Middle East,75.28371855589748
G004270,1,Middle East,92.97198286740482
G004271,1,Middle East,0.0
G004272,1,Middle East,60.120826857030394
G004273,1,Middle East,65.63376930100809
G004274,1,Middle East,73.59148812952728
G004275,1,Middle East,62.02145714794687
G004276,1,Middle East,78.14257213720228
G004277,1,Middle East,72.10189615637064
G004278,1,Middle East,69.09641578850602
G004279,1,Middle East,77.66683850219846
G004280,1,Middle East,67.44375703378608
G004281,1,Middle East,69.53426691007071
G004282,1,Middle East,68.9612225602188
G004283,1,Middle East,71.64411290464257
G004284,1,Middle East,65.39052917264718
G004285,1,Middle East,70.62286548027849
G004286,1,Middle East,77.89954129415752
G004287,1,Middle East,64.2327722018343
G004288,1,Middle East,71.41333097726107
G004289,1,Middle East,68.12002912158678
G004290,1,Middle East,63.8089237011969
G004291,1,Middle East,77.29429142294418
G004292,1,Middle East,67.021764250721
G004293,1,Middle East,79.37199868513147
G004294,1,Middle East,85.83910130801797
G004295,1,Middle East,64.67840534917514
G004296,1,Middle East,66.18513662741582
G004297,1,Middle East,81.4690296496749
G004298,1,Middle East,78.50995364615322
G004299,1,Middle East,84.57486269044875
G004300,1,Middle East,0.0
G004301,1,Middle East,0.0
G004302,1,Middle East,62.16432241606713
G004303,1,Middle East,67.75868386822577
G004304,1,Middle East,76.87689491027594
G004305,1,Middle East,53.20878693556785
G004306,1,Middle East,64.70679186999799
G004307,1,Middle East,0.0
G004308,1,Middle East,74.0368768049316
G004309,1,Middle East,66.93956066518662
G004310,1,Middle East,71.94235227477552
G004311,1,Middle East,71.21758931349625
G004312,1,Middle East,73.2930522454977
G004313,1,Middle East,82.99495972386003
G004314,1,Middle East,68.48566465071477
G004315,1,Middle East,68.22051918834448
G004316,1,Middle East,73.09825257062911
G004317,1,Middle East,78.30748042763814
G004318,1,Middle East,45.07376302041971
G004319,1,Middle East,67.2087974255979
G004320,1,Middle East,66.08802303195903
G004321,1,Middle East,88.43875848191976
G004322,1,Middle East,62.84666843271255
G004323,1,Middle East,64.9531941256198
G004324,1,Middle East,64.8452941377461
G004325,1,Middle East,73.84596393363945
G004326,1,Middle East,71.6691253401637
G004327,1,Middle East,58.85449675542116
G004328,1,Middle East,66.86367191833259
G004329,1,Middle East,57.173458070135474
G004330,1,Middle East,0.0
G004331,1,Middle East,71.76886085122011
G004332,1,Middle East,74.71655839902164
G004333,1,Middle East,67.60799382370712
G004334,1,Middle East,89.34654822015763
G004335,1,Middle East,78.22626177269221
G004336,1,Middle East,53.60140178656578
G004337,1,Middle East,73.00142799097299
G004338,1,Middle East,90.09729718300791
G004339,1,Middle East,63.162386788816164
G004340,1,Middle East,57.872211335113555
G004341,1,Middle East,78.4528692688942
G004342,1,Middle East,70.7209163263422
G004343,1,Middle East,66.22288795304299
G004344,1,Middle East,68.2145898017468
G004345,1,Middle East,81.38021900942921
G004346,1,Middle East,61.53128970205785
G004347,1,Middle East,60.241387768616285
G004348,1,Middle East,91.08865242588521
G004349,1,Middle East,59.85757996834589
G004350,1,Middle East,84.43082355949284
G004351,1,Middle East,70.16124242101294
G004352,1,Middle East,58.05617223232985
G004353,1,Middle East,78.23573337509958
G004354,1,Middle East,76.83056345951196
G004355,1,Middle East,64.22558220929992
G004356,1,Middle East,91.2990252054388
G004357,1,Middle East,86.7340749706328
G004358,1,Middle East,81.89513930415745
G004359,1,Middle East,70.50952949364981
G004360,1,Middle East,55.1864105527997
G004361,1,Middle East,68.47846727792601
G004362,1,Middle East,56.99635817874562
G004363,1,Middle East,53.40249603128433
G004364,1,Middle East,72.89672547408668
G004365,1,Middle East,59.84373137217941
G004366,1,Middle East,73.87358299934321
G004367,1,Middle East,74.98138186505437
G004368,1,Middle East,71.76582023942471
G004369,1,Middle East,53.45896330878952
G004370,1,Middle East,63.894107813119895
G004371,1,Middle East,81.25811403691769
G004372,1,Middle East,58.75473003137112
G004373,1,Middle East,78.79116050404312
G004374,1,Middle East,91.8738198788166
G004375,1,Middle East,76.48038075131178
G004376,1,Middle East,66.63363832503558
G004377,1,Middle East,55.90391162103957
G004378,1,Middle East,57.29466691885753
G004379,1,Middle East,75.78933293258602
G004380,1,Middle East,62.804453709472305
G004381,1,Middle East,75.31245655190945
G004382,1,Middle East,69.39299030218523
G004383,1,Middle East,81.70017751585986
G004384,1,Middle East,69.81337727588416
G004385,1,Middle East,87.88195676276088
G004386,1,Middle East,60.047642828376
G004387,1,Middle East,72.4071167027264
G004388,1,Middle East,55.14935522246181
G004389,1,Middle East,80.22993854194519
G004390,1,Middle East,69.57296357742585
G004391,1,Middle East,68.21143736012777
G004392,1,Middle East,0.0
G004393,1,Middle East,0.0
G004394,1,Middle East,55.7333746843338
G004395,1,Middle East,74.40699073300759
G004396,1,Middle East,62.88304310041486
G004397,1,Middle East,78.00940240469846
G004398,1,Middle East,69.29162048387528
G004399,1,Middle East,64.45805872242198
G004400,1,Middle East,75.46771595447171
G004401,1,Middle East,65.83570609727232
G004402,1,Middle East,75.36283187611085
G004403,1,Middle East,67.14612861961487
G004404,1,Middle East,72.35109872970618
G004405,1,Middle East,74.91863397288321
G004406,1,Middle East,60.660413702547544
G004407,1,Middle East,69.24863361753748
G004408,1,Middle East,71.68712654972076
G004409,1,Middle East,77.48730187247693
G004410,1,Middle East,60.494176542441046
G004411,1,Middle East,53.88740154444087
G004412,1,Middle East,68.93913791096212
G004413,1,Middle East,71.32767189919949
G004414,1,Middle East,77.91694035524131
G004415,1,Middle East,66.82960165584088
G004416,1,Middle East,83.2507455495298
G004417,1,Middle East,76.72610954350685
G004418,1,Middle East,69.98710580044984
G004419,1,Middle East,58.815003805398945
G004420,1,Middle East,62.737584337562325
G004421,1,Middle East,71.50455337262154
G004422,1,Middle East,0.0
G004423,1,Middle East,66.00583875463045
G004424,1,Middle East,76.58828476729988
G004425,1,Middle East,43.26787517179865
G004426,1,Middle East,61.82903800837018
G004427,1,Middle East,75.10565860084333
G004428,1,Middle East,71.91386151641606
G004429,1,Middle East,71.91541176787018
G004430,1,Middle East,81.48277284665812
G004431,1,Middle East,76.16335610187055
G004432,1,Middle East,69.21684098104816
G004433,1,Middle East,71.94473850965501
G004434,1,Middle East,79.5519146545728
G004435,1,Middle East,63.10098580437897
G004436,1,Middle East,62.49842527675629
G004437,1,Middle East,81.75659278690816
G004438,1,Middle East,78.97589226466147
G004439,1,Middle East,74.21375606635213
G004440,1,Middle East,74.43300310426952
G004441,1,Middle East,72.17015451180754
G004442,1,Middle East,67.54732188862563
G004443,1,Middle East,64.4203446726799
G004444,1,Middle East,73.95614549865415
G004445,1,Middle East,56.7426561439507
G004446,1,Middle East,0.0
G004447,1,Middle East,70.53660980674714
G004448,1,Middle East,82.36828201445937
G004449,1,Middle East,76.40885639284777
G004450,1,Middle East,74.43456321270178
G004451,1,Middle East,72.87745995699818
G004452,1,Middle East,75.31707128062844
G004453,1,Middle East,72.00808890750373
G004454,1,Middle East,64.77398793932795
G004455,1,Middle East,73.99002861880174
G004456,1,Middle East,80.75691835743189
G004457,1,Middle East,79.16431049577757
G004458,1,Middle East,61.674599020267976
G004459,1,Middle East,67.80342017921534
G004460,1,Middle East,62.92048697204301
G004461,1,Middle East,56.07476566523314
G004462,1,Middle East,73.48342136371137
G004463,1,Middle East,79.30400900623202
G004464,1,Middle East,64.48089207321405
G004465,1,Middle East,85.00755980587006
G004466,1,Middle East,56.34399691587687
G004467,1,Middle East,66.6132707839825
G004468,1,Middle East,65.8890170173049
G004469,1,Middle East,62.33897762319446
G004470,1,Middle East,77.87275665295125
G004471,1,Middle East,70.97274189869022
G004472,1,Middle East,86.12868166786433
G004473,1,Middle East,92.42656840379311
G004474,1,Middle East,75.85949754714062
G004475,1,Middle East,74.57040960413218
G004476,1,Middle East,69.4571883970797
G004477,1,Middle East,57.82719332814036
G004478,1,Middle East,80.90117118261709
G004479,1,Middle East,65.19908894357086
G004480,1,Middle East,62.31566576826572
G004481,1,Middle East,68.26154256910087
G004482,1,Middle East,73.32227336102724
G004483,1,Middle East,77.6782447758019
G004484,1,Middle East,74.14265035737374
G004485,1,Middle East,86.45388259543435
G004486,1,Middle East,94.7730672299862
G004487,1,Middle East,0.0
G004488,1,Middle East,71.59864933424285
G004489,1,Middle East,71.96877328955586
G004490,1,Middle East,80.38643843899172
G004491,1,Middle East,53.83953335716869
G004492,1,Middle East,70.59982603037356
G004493,1,Middle East,91.37209750771524
G004494,1,Middle East,80.45449425394517
G004495,1,Middle East,68.0418159918189
G004496,1,Middle East,66.7199828420155
G004497,1,Middle East,68.65983653600289
G004498,1,Middle East,72.85629105305672
G004499,1,Middle East,59.38401839125157
G004500,1,Middle East,71.95285104573766
G004501,1,Middle East,61.858887459516524
G004502,1,Middle East,82.05869605163372
G004503,1,Middle East,78.72983217388662
G004504,1,Middle East,68.95469101962267
G004505,1,Middle East,81.85154701137543
G004506,1,Middle East,56.51996666154356
G004507,1,Middle East,55.64686687922479
G004508,1,Middle East,69.57655685374141
G004509,1,Middle East,72.8068662815094
G004510,1,Middle East,80.26682751587214
G004511,1,Middle East,78.60197666631323
G004512,1,Middle East,0.0
G004513,1,Middle East,85.87225073751809
G004514,1,Middle East,68.4820468349222
G004515,1,Middle East,61.84397880072305
G004516,1,Middle East,64.12217445665598
G004517,1,Middle East,73.09334173076805
G004518,1,Middle East,76.36429636099935
G004519,1,Middle East,63.556154298722745
G004520,1,Middle East,66.69362781316043
G004521,1,Middle East,0.0
G004522,1,Middle East,68.73957321794829
G004523,1,Middle East,75.16890700954019
G004524,1,Middle East,75.67167681396008
G004525,1,Middle East,66.63288766590031
G004526,1,Middle East,71.7524944722544
G004527,1,Middle East,81.63301390880346
G004528,1,Middle East,62.4014944001364
G004529,1,Middle East,68.332991626707
G004530,1,Middle East,0.0
G004531,1,Middle East,65.79117483493685
G004532,1,Middle East,48.09499314462055
G004533,1,Middle East,79.37050818221498
G004534,1,Middle East,77.60421564799547
G004535,1,Middle East,72.60885403775085
G004536,1,Middle East,0.0
G004537,1,Middle East,72.88097303920983
G004538,1,Middle East,80.7444747443461
G004539,1,Middle East,77.65149894472506
G004540,1,Middle East,0.0
G004541,1,Middle East,64.9108484501315
G004542,1,Middle East,72.85927645362057
G004543,1,Middle East,80.76106563580036
G004544,1,Middle East,72.19996783147616
G004545,1,Middle East,54.19723478773507
G004546,1,Middle East,77.95773039117456
G004547,1,Middle East,55.34427217751742
G004548,1,Middle East,73.05166089138389
G004549,1,Middle East,79.59704691159726
G004550,1,Middle East,63.13225444763898
G004551,1,Middle East,85.2577960001036
G004552,1,Middle East,60.29557767343522
G004553,1,Middle East,68.63381495246924
G004554,1,Middle East,53.872368379688616
G004555,1,Middle East,84.87142387027723
G004556,1,Middle East,74.47996169519425
G004557,1,Middle East,59.38681562078
G004558,1,Middle East,59.871988493399186
G004559,1,Middle East,66.65843262839317
G004560,1,Middle East,53.94047947678241
G004561,1,Middle East,93.98794907562436
G004562,1,Middle East,87.08704462534189
G004563,1,Middle East,76.61799650370352
G004564,1,Middle East,68.0861919438839
G004565,1,Middle East,64.94062437435984
G004566,1,Middle East,75.00597385624052
G004567,1,Middle East,70.55052592011745
G004568,1,Middle East,68.48443254339334
G004569,1,Middle East,74.65557639191547
G004570,1,Middle East,75.60558150175214
G004571,1,Middle East,69.91464926028432
G004572,1,Middle East,59.93965524019617
G004573,1,Middle East,80.93209645654667
G004574,1,Middle East,67.99507827653487
G004575,1,Middle East,70.44966650756291
G004576,1,Middle East,69.76105643841625
G004577,1,Middle East,57.74806482224572
G004578,1,Middle East,60.459818273811635
G004579,1,Middle East,67.86973971150138
G004580,1,Middle East,0.0
G004581,1,Middle East,67.11764223221938
G004582,1,Middle East,77.52592889267657
G004583,1,Middle East,84.96575821383298
G004584,1,Middle East,69.94169446212052
G004585,1,Middle East,70.29239849637673
G004586,1,Middle East,87.73020438446014
G004587,1,Middle East,59.60584303456544
G004588,1,Middle East,75.04834946635364
G004589,1,Middle East,72.44513447123767
G004590,1,Middle East,72.8478234810215
G004591,1,Middle East,69.9623108511567
G004592,1,Middle East,65.55009780083553
G004593,1,Middle East,77.91429291229176
G004594,1,Middle East,71.19857352280437
G004595,1,Middle East,65.29918772908773
G004596,1,Middle East,71.59144546631069
G004597,1,Middle East,75.37063231378794
G004598,1,Middle East,71.01072000746655
G004599,1,Middle East,78.66894452142716
G004600,1,Middle East,74.86561711924183
G004601,1,Middle East,58.181718400568684
G004602,1,Middle East,92.27815196931363
G004603,1,Middle East,69.46004806202109
G004604,1,Middle East,48.59976849621535
G004605,1,Middle East,60.30726260934816
G004606,1,Middle East,68.75829594945908
G004607,1,Middle East,76.3116011511539
G004608,1,Middle East,58.46923081605001
G004609,1,Middle East,69.78378317915399
G004610,1,Middle East,61.03790412639669
G004611,1,Middle East,71.0370202833414
G004612,1,Middle East,77.77514446115495
G004613,1,Middle East,74.99078117117286
G004614,1,Middle East,81.29972117309137
G004615,1,Middle East,66.44498983660341
G004616,1,Middle East,83.19731882020922
G004617,1,Middle East,73.85545884563255
G004618,1,Middle East,71.09713092156161
G004619,1,Middle East,78.01663158124686
G004620,1,Middle East,65.74969411173463
G004621,1,Middle East,54.68985607950435
G004622,1,Middle East,64.85331121204838
G004623,1,Middle East,62.82728803714749
G004624,1,Middle East,66.50652590686083
G004625,1,Middle East,84.61731921192552
G004626,1,Middle East,77.18135097065569
G004627,1,Middle East,73.01200113030455
G004628,1,Middle East,70.85004078831908
G004629,1,Middle East,70.25007803046705
G004630,1,Middle East,66.40677020069414
G004631,1,Middle East,71.04834523263574
G004632,1,Middle East,63.21744069765192
G004633,1,Middle East,76.24571373697303
G004634,1,Middle East,57.8472078893573
G004635,1,Middle East,73.2185891524192
G004636,1,Middle East,57.65933772731551
G004637,1,Middle East,88.20372445130347
G004638,1,Middle East,0.0
G004639,1,Middle East,82.02160932701736
G004640,1,Middle East,80.56957702371929
G004641,1,Middle East,59.10936516290182
G004642,1,Middle East,77.73418493637082
G004643,1,Middle East,67.96311123611711
G004644,1,Middle East,74.68498555368186
G004645,1,Middle East,58.96250724541056
G004646,1,Middle East,70.02820948961107
G004647,1,Middle East,86.79991773754358
G004648,1,Middle East,91.73019315746201
G004649,1,Middle East,91.4329299452901
G004650,1,Middle East,0.0
G004651,1,Middle East,70.16512099719048
G004652,1,Middle East,73.24030709508061
G004653,1,Middle East,74.7128528237343
G004654,1,Middle East,65.52746861952544
G004655,1,Middle East,76.69599979060166
G004656,1,Middle East,74.28909953522502
G004657,1,Middle East,74.3509809703827
G004658,1,Middle East,62.32795491645914
G004659,1,Middle East,56.96066833292354
G004660,1,Middle East,66.72972232499447
G004661,1,Middle East,64.82575246834756
G004662,1,Middle East,86.58662053909897
G004663,1,Middle East,72.17946656425434
G004664,1,Middle East,63.432313529303585
G004665,1,Middle East,68.47049000487725
G004666,1,Middle East,55.71240368652344
G004667,1,Middle East,0.0
G004668,1,Middle East,71.21939848129315
G004669,1,Middle East,69.97313964492083
G004670,1,Middle East,72.16486991590261
G004671,1,Middle East,78.06961526067059
G004672,1,Middle East,71.49545095306996
G004673,1,Middle East,61.22758768102526
G004674,1,Middle East,64.09902521443908
G004675,1,Middle East,76.48940824690462
G004676,1,Middle East,57.21166119393706
G004677,1,Middle East,60.110511829018584
G004678,1,Middle East,84.73622946080566
G004679,1,Middle East,72.08960610973836
G004680,1,Middle East,73.23939204743505
G004681,1,Middle East,66.79830869366636
G004682,1,Middle East,76.4998675597608
G004683,1,Middle East,0.0
G004684,1,Middle East,64.45697403668454
G004685,1,Middle East,73.93331876766321
G004686,1,Middle East,67.02743256260771
G004687,1,Middle East,64.73438810239958
G004688,1,Middle East,71.87766550654173
G004689,1,Middle East,71.37795179557801
G004690,1,Middle East,80.35558053278923
G004691,1,Middle East,86.71090237154743
G004692,1,Middle East,62.87304156752338
G004693,1,Middle East,72.1830237493226
G004694,1,Middle East,74.1989135631621
G004695,1,Middle East,64.21187337660339
G004696,1,Middle East,66.28150115678889
G004697,1,Middle East,73.03000995591282
G004698,1,Middle East,86.25731629049778
G004699,1,Middle East,64.90629533980832
G004700,1,Middle East,71.15704341617227
G004701,1,Middle East,74.75798097181321
G004702,1,Middle East,70.5920594187975
G004703,1,Middle East,72.44820910589803
G004704,1,Middle East,78.77108393907547
G004705,1,Middle East,60.36903876446955
G004706,1,Middle East,67.97624152984673
G004707,1,Middle East,66.27272906100028
G004708,1,Middle East,87.99688206595454
G004709,1,Middle East,0.0
G004710,1,Middle East,68.67665131949656
G004711,1,Middle East,58.05933830815554
G004712,1,Middle East,68.49451130462776
G004713,1,Middle East,79.4835374407967
G004714,1,Middle East,81.42547103172541
G004715,1,Middle East,68.51770026618243
G004716,1,Middle East,86.13125821495056
G004717,1,Middle East,53.326785681724544
G004718,1,Middle East,74.31261932069064
G004719,1,Middle East,58.66835640123577
G004720,1,Middle East,68.29408470071986
G004721,1,Middle East,67.15602054686258
G004722,1,Middle East,65.56068480145932
G004723,1,Middle East,60.04608189676747
G004724,1,Middle East,52.55026164936297
G004725,1,Middle East,81.48110624063015
G004726,1,Middle East,61.81393484309316
G004727,1,Middle East,56.29294965555361
G004728,1,Middle East,75.63127106553317
G004729,1,Middle East,80.84330151635409
G004730,1,Middle East,66.07423090824936
G004731,1,Middle East,76.32108165490628
G004732,1,Middle East,77.76454436939412
G004733,1,Middle East,71.01579309450135
G004734,1,Middle East,75.98111633768318
G004735,1,Middle East,66.7920205235978
G004736,1,Middle East,92.42747923987787
G004737,1,Middle East,59.406631697624924
G004738,1,Middle East,59.50641713117469
G004739,1,Middle East,67.77346647135238
G004740,1,Middle East,72.76823672354493
G004741,1,Middle East,79.5075051734881
G004742,1,Middle East,78.90262539956065
G004743,1,Middle East,71.37929348212118
G004744,1,Middle East,67.57810496932268
G004745,1,Middle East,65.62236632213087
G004746,1,Middle East,80.72988972268593
G004747,1,Middle East,63.33833923087698
G004748,1,Middle East,70.7820412631929
G004749,1,Middle East,65.09984809446335
G004750,1,Middle East,71.23603178836089
G004751,1,Middle East,93.38286086547375
G004752,1,Middle East,73.78288464081287
G004753,1,Middle East,82.14020620157955
G004754,1,Middle East,0.0
G004755,1,Middle East,73.97145274692775
G004756,1,Middle East,63.283468329250816
G004757,1,Middle East,73.72821656700698
G004758,1,Middle East,53.02840100208376
G004759,1,Middle East,58.72229536649133
G004760,1,Middle East,66.92783054140841
G004761,1,Middle East,61.19239468502998
G004762,1,Middle East,63.971555990874776
G004763,1,Middle East,90.26042441860473
G004764,1,Middle East,64.35441280717019
G004765,1,Middle East,71.38674520098893
G004766,1,Middle East,76.62868832685054
G004767,1,Middle East,74.82443496897363
G004768,1,Middle East,57.128235268710235
G004769,1,Middle East,54.54924672201366
G004770,1,Middle East,71.5222280625105
G004771,1,Middle East,65.35634244473596
G004772,1,Middle East,65.67217850604384
G004773,1,Middle East,0.0
G004774,1,Middle East,78.38954931690115
G004775,1,Middle East,72.35310575944186
G004776,1,Middle East,71.65284391611814
G004777,1,Middle East,69.12852745482326
G004778,1,Middle East,85.18378157093038
G004779,1,Middle East,72.61189828518033
G004780,1,Middle East,69.33404604690003
G004781,1,Middle East,66.6438812416837
G004782,1,Middle East,72.82294430351257
G004783,1,Middle East,69.4145361948772
G004784,1,Middle East,85.6546951738
G004785,1,Middle East,79.41676037919521
G004786,1,Middle East,78.79743143838644
G004787,1,Middle East,74.61316903033853
G004788,1,Middle East,87.06700517122448
G004789,1,Middle East,60.57621220973134
G004790,1,Middle East,63.13714722477487
G004791,1,Middle East,73.69491054192457
G004792,1,Middle East,72.34355178460478
G004793,1,Middle East,0.0
G004794,1,Middle East,61.97777483920165
G004795,1,Middle East,72.16945151573691
G004796,1,Middle East,65.63440873771997
G004797,1,Middle East,84.05304104846716
G004798,1,Middle East,81.33135011580586
G004799,1,Middle East,79.1712750133899
G004800,1,Middle East,75.89487922135449
G004801,1,Middle East,70.29317540666189
G004802,1,Middle East,69.46782673993708
G004803,1,Middle East,0.0
G004804,1,Middle East,61.60791297453642
G004805,1,Middle East,77.14268074902621
G004806,1,Middle East,62.59650218203032
G004807,1,Middle East,77.5733450843394
G004808,1,Middle East,75.01995019456744
G004809,1,Middle East,75.72192713097371
G004810,1,Middle East,93.26294129888939
G004811,1,Middle East,90.12107673978805
G004812,1,Middle East,76.39990797163591
G004813,1,Middle East,69.87103039814578
G004814,1,Middle East,0.0
G004815,1,Middle East,81.84555678745743
G004816,1,Middle East,72.38436654339326
G004817,1,Middle East,0.0
G004818,1,Middle East,64.86833973944368
G004819,1,Middle East,72.22976739107028
G004820,1,Middle East,65.44625217207273
G004821,1,Middle East,76.50190715073907
G004822,1,Middle East,60.53486508381909
G004823,1,Middle East,0.0
G004824,1,Middle East,87.41263926553728
G004825,1,Middle East,70.2646039874039
G004826,1,Middle East,61.6917204746008
G004827,1,Middle East,0.0
G004828,1,Middle East,70.68799033200742
G004829,1,Middle East,77.38240049913526
G004830,1,Middle East,68.00403126608873
G004831,1,Middle East,72.75264862558247
G004832,1,Middle East,68.92049780505896
G004833,1,Middle East,73.4626681315899
G004834,1,Middle East,62.13816496513468
G004835,1,Middle East,69.81065586077987
G004836,1,Middle East,72.42350213145848
G004837,1,Middle East,62.1996551614187
G004838,1,Middle East,83.42340884125234
G004839,1,North America,68.30375475686789
G004840,1,North America,74.33250150093708
G004841,1,North America,68.17488788467647
G004842,1,North America,70.02047113250963
G004843,1,North America,65.94528734903984
G004844,1,North America,64.64688916569769
G004845,1,North America,88.57471621326606
G004846,1,North America,55.18338048398495
G004847,1,North America,0.0
G004848,1,North America,0.0
G004849,1,North America,70.0472866813125
G004850,1,North America,86.40005466729403
G004851,1,North America,73.73365193105104
G004852,1,North America,63.93740024231058
G004853,1,North America,89.05094017274273
G004854,1,North America,57.62734401283662
G004855,1,North America,89.21861695024371
G004856,1,North America,86.43526136076451
G004857,1,North America,89.9772631675005
G004858,1,North America,78.32872768324253
G004859,1,North America,0.0
G004860,1,North America,53.87432502448559
G004861,1,North America,50.04048357343673
G004862,1,North America,0.0
G004863,1,North America,80.94190459493592
G004864,1,North America,90.92795750583844
G004865,1,North America,69.19297120585587
G004866,1,North America,92.63234563606979
G004867,1,North America,88.73033090692759
G004868,1,North America,75.06987023156881
G004869,1,North America,89.38552272495086
G004870,1,North America,51.02953563171986
G004871,1,North America,87.53024690811382
G004872,1,North America,0.0
G004873,1,North America,67.2772222005725
G004874,1,North America,78.90236586260797
G004875,1,North America,68.77833935081959
G004876,1,North America,87.6735347747893
G004877,1,North America,84.35135491697625
G004878,1,North America,0.0
G004879,1,North America,89.33656881123783
G004880,1,North America,64.51252001688516
G004881,1,North America,53.66506713294261
G004882,1,North America,78.67793568560751
G004883,1,North America,91.24886246368155
G004884,1,North America,90.4049894104898
G004885,1,North America,59.28477348327637
G004886,1,North America,88.52184127596743
G004887,1,North America,85.6145108948052
G004888,1,North America,45.94149071108934
G004889,1,North America,74.5827734640602
G004890,1,North America,46.516182313630075
G004891,1,North America,0.0
G004892,1,North America,84.39226217483751
G004893,1,North America,59.39987093889353
G004894,1,North America,56.709028718829146
G004895,1,North America,77.45266508879807
G004896,1,North America,59.49935391193086
G004897,1,North America,75.86279029726983
G004898,1,North America,64.18320064579717
G004899,1,North America,86.5648336138906
G004900,1,North America,90.79812306874992
G004901,1,North America,86.57252535689238
G004902,1,North America,52.73976966810226
G004903,1,North America,52.99696368348599
G004904,1,North America,75.31889145630598
G004905,1,North America,84.85339798593522
G004906,1,North America,0.0
G004907,1,North America,0.0
G004908,1,North America,36.21072085022926
G004909,1,North America,0.0
G004910,1,North America,75.35161072375513
G004911,1,North America,0.0
G004912,1,North America,58.72946073553057
G004913,1,North America,59.138008438140155
G004914,1,North America,79.73969518458843
G004915,1,North America,0.0
G004916,1,North America,65.61428632181884
G004917,1,North America,0.0
G004918,1,North America,0.0
G004919,1,North America,61.84355297228061
G004920,1,North America,57.75012879866361
G004921,1,North America,90.79132760059275
G004922,1,North America,79.28419589095562
G004923,1,North America,81.40345618583692
G004924,1,North America,81.86488155007363
G004925,1,North America,59.557281802773474
G004926,1,North America,52.92859706536206
G004927,1,North America,65.03472768107056
G004928,1,North America,83.01742613578837
G004929,1,North America,88.74127115435311
G004930,1,North America,60.64057121348381
G004931,1,North America,74.85921484690905
G004932,1,North America,0.0
G004933,1,North America,81.86183891361772
G004934,1,North America,76.98596653121712
G004935,1,North America,63.341239053487776
G004936,1,North America,73.87111871278287
G004937,1,North America,83.0949796824383
G004938,1,North America,78.35789142046869
G004939,1,North America,61.13442284229307
G004940,1,North America,82.8847138887987
G004941,1,North America,82.82391765249498
G004942,1,North America,87.40907971008708
G004943,1,North America,55.10618558812141
G004944,1,North America,0.0
G004945,1,North America,86.72883570956552
G004946,1,North America,86.45335314853264
G004947,1,North America,76.5468243034482
G004948,1,North America,94.44991892260765
G004949,1,North America,83.48004903835059
G004950,1,North America,52.26315617517269
G004951,1,North America,93.73382263438675
G004952,1,North America,78.3578607382359
G004953,1,North America,66.491092365236
G004954,1,North America,74.90053103028283
G004955,1,North America,49.49274267126575
G004956,1,North America,78.89000357658756
G004957,1,North America,88.27541227383415
G004958,1,North America,84.193995665662
G004959,1,North America,80.47021704744027
G004960,1,North America,0.0
G004961,1,North America,69.31314970032375
G004962,1,North America,81.76185203331168
G004963,1,North America,76.8180448576808
G004964,1,North America,90.33921019743157
G004965,1,North America,0.0
G004966,1,North America,63.08891181755067
G004967,1,North America,88.77408943658028
G004968,1,North America,63.36564251434802
G004969,1,North America,71.3456198798418
G004970,1,North America,60.16809761856903
G004971,1,North America,44.51367861735821
G004972,1,North America,0.0
G004973,1,North America,91.69090040989356
G004974,1,North America,84.80581571763754
G004975,1,North America,64.30783473837376
G004976,1,North America,63.21841563171148
G004977,1,North America,90.71228055770696
G004978,1,North America,83.84416455989715
G004979,1,North America,57.55635146534443
G004980,1,North America,87.79872603063964
G004981,1,North America,88.67728642201786
G004982,1,North America,81.42417418330908
G004983,1,North America,0.0
G004984,1,North America,65.78366588020326
G004985,1,North America,79.36312264865907
G004986,1,North America,56.16978688707858
G004987,1,North America,56.64956184216703
G004988,1,North America,65.40044841944447
G004989,1,North America,0.0
G004990,1,North America,45.463864118012516
G004991,1,North America,67.60447906678915
G004992,1,North America,0.0
G004993,1,North America,90.53576447353218
G004994,1,North America,55.85765287363529
G004995,1,North America,48.12581255090237
G004996,1,North America,79.88676583954692
G004997,1,North America,88.34992688306083
G004998,1,North America,91.58724569097298
G004999,1,North America,55.99573356652259
G005000,1,North America,64.90318275249005
G005001,1,North America,60.34462202552954
G005002,1,North America,78.51286974412204
G005003,1,North America,66.28789693884055
G005004,1,North America,91.50984111982584
G005005,1,North America,43.439538070548664
G005006,1,North America,86.10334170569163
G005007,1,North America,68.78071489560875
G005008,1,North America,60.37262133520841
G005009,1,North America,0.0
G005010,1,North America,73.86733313256502
G005011,1,North America,87.68879215674689
G005012,1,North America,59.333162937641134
G005013,1,North America,54.16943679014481
G005014,1,North America,94.36372430335572
G005015,1,North America,72.20615994414055
G005016,1,North America,92.28062097069622
G005017,1,North America,85.54178113577538
G005018,1,North America,89.86174625188113
G005019,1,North America,83.96403229588721
G005020,1,North America,71.37494066758454
G005021,1,North America,79.60199065772152
G005022,1,North America,86.05359193583328
G005023,1,North America,75.33317270195484
G005024,1,North America,76.75615988042951
G005025,1,North America,0.0
G005026,1,North America,88.1569070860003
G005027,1,North America,39.14124322538665
G005028,1,North America,92.24277860742806
G005029,1,North America,83.90183584485271
G005030,1,North America,60.247257270038126
G005031,1,North America,63.22364714943279
G005032,1,North America,55.97096580231189
G005033,1,North America,74.6585167633295
G005034,1,North America,60.311170795559875
G005035,1,North America,77.93095156395616
G005036,1,North America,52.36635761107821
G005037,1,North America,86.62703943062913
G005038,1,North America,0.0
G005039,1,North America,0.0
G005040,1,North America,95.29420568729712
G005041,1,North America,76.35461278969049
G005042,1,North America,80.08844416928292
G005043,1,North America,79.51768452885747
G005044,1,North America,87.33863709855531
G005045,1,North America,79.40329847317933
G005046,1,North America,79.85328927446179
G005047,1,North America,72.43912102258207
G005048,1,North America,64.31489650532963
G005049,1,North America,69.94086174991727
G005050,1,North America,86.50748204458573
G005051,1,North America,45.26119337692405
G005052,1,North America,75.38341289745085
G005053,1,North America,75.55480673930681
G005054,1,North America,55.36553415095806
G005055,1,North America,0.0
G005056,1,North America,65.78324678504828
G005057,1,North America,85.96700210943457
G005058,1,North America,87.34585614540451
G005059,1,North America,55.7861964635849
G005060,1,North America,59.89228809690476
G005061,1,North America,70.64155617354133
G005062,1,North America,78.31213659622453
G005063,1,North America,56.485425476598024
G005064,1,North America,0.0
G005065,1,North America,88.01640282836557
G005066,1,North America,66.08898691931367
G005067,1,North America,74.70334757143259
G005068,1,North America,0.0
G005069,1,North America,63.526405393481255
G005070,1,North America,64.27407523108883
G005071,1,North America,57.188907522797585
G005072,1,North America,49.94794558250904
G005073,1,North America,76.49260652202368
G005074,1,North America,76.41818493651598
G005075,1,North America,63.53615394976645
G005076,1,North America,57.920540651559826
G005077,1,North America,64.2226809746605
G005078,1,North America,84.4404600532967
G005079,1,North America,60.75117568605416
G005080,1,North America,0.0
G005081,1,North America,90.52226199463281
G005082,1,North America,85.90485393805034
G005083,1,North America,49.262918808369925
G005084,1,North America,61.976791288852695
G005085,1,North America,86.653357432127
G005086,1,North America,56.08094868425889
G005087,1,North America,86.42392848561705
G005088,1,North America,89.92655055510998
G005089,1,North America,87.137424615888
G005090,1,North America,71.06811455851792
G005091,1,North America,93.08312424752117
G005092,1,North America,89.72372770583631
G005093,1,North America,66.39035299531078
G005094,1,North America,91.52934003482758
G005095,1,North America,81.32037250234772
G005096,1,North America,69.70896693681226
G005097,1,North America,64.38131585340247
G005098,1,North America,76.42692981822474
G005099,1,North America,60.649816150844096
G005100,1,North America,79.27997544639761
G005101,1,North America,86.02581299762066
G005102,1,North America,61.037072642579226
G005103,1,North America,55.33563315474987
G005104,1,North America,65.62492100057187
G005105,1,North America,79.70916155148457
G005106,1,North America,0.0
G005107,1,North America,54.355666787581015
G005108,1,North America,91.41676366515458
G005109,1,North America,39.945343130306775
G005110,1,North America,86.50900110018253
G005111,1,North America,80.94054805401419
G005112,1,North America,79.42308131822945
G005113,1,North America,89.6673672179634
G005114,1,North America,94.99414457137928
G005115,1,North America,91.36713395561277
G005116,1,North America,0.0
G005117,1,North America,88.75845213164433
G005118,1,North America,51.01603031772556
G005119,1,North America,0.0
G005120,1,North America,0.0
G005121,1,North America,84.18740374392272
G005122,1,North America,0.0
G005123,1,North America,63.7606585546732
G005124,1,North America,64.72138139398892
G005125,1,North America,70.76067527151109
G005126,1,North America,75.24873258435727
G005127,1,North America,74.94255307030679
G005128,1,North America,0.0
G005129,1,North America,87.34445582402881
G005130,1,North America,0.0
G005131,1,North America,58.00716551995278
G005132,1,North America,88.03698570885533
G005133,1,North America,76.03828878456355
G005134,1,North America,62.69805063581466
G005135,1,North America,87.56018192958832
G005136,1,North America,70.25929987108708
G005137,1,North America,68.0974171015548
G005138,1,North America,60.92495494836568
G005139,1,North America,67.75444585263729
G005140,1,North America,81.95466859929309
G005141,1,North America,0.0
G005142,1,North America,0.0
G005143,1,North America,63.7691377958565
G005144,1,North America,64.0393212464452
G005145,1,North America,73.59730563431978
G005146,1,North America,76.59367282390595
G005147,1,North America,80.57590731104666
G005148,1,North America,72.2128378479298
G005149,1,North America,78.7147720374465
G005150,1,North America,92.55618237778816
G005151,1,North America,79.83911133926385
G005152,1,North America,0.0
G005153,1,North America,86.0550180268676
G005154,1,North America,87.55642950495265
G005155,1,North America,70.31590709966422
G005156,1,North America,71.57455741056349
G005157,1,North America,67.70989117813112
G005158,1,North America,0.0
G005159,1,North America,0.0
G005160,1,North America,62.65242080694438
G005161,1,North America,88.3005219232738
G005162,1,North America,84.80509205300521
G005163,1,North America,59.45265007965131
G005164,1,North America,88.853544729203
G005165,1,North America,85.66980874129408
G005166,1,North America,73.46596947093083
G005167,1,North America,38.602044099735494
G005168,1,North America,76.06793302845955
G005169,1,North America,81.77046502341916
G005170,1,North America,92.64262265416032
G005171,1,North America,61.42769194713866
G005172,1,North America,75.95822871130706
G005173,1,North America,69.97441436304108
G005174,1,North America,83.125782707572
G005175,1,North America,56.40439334967462
G005176,1,North America,73.34082464793144
G005177,1,North America,89.55757847794528
G005178,1,North America,66.0325524035024
G005179,1,North America,55.93867253935338
G005180,1,North America,77.20207227389018
G005181,1,North America,77.91767385077478
G005182,1,North America,86.48085333819597
G005183,1,North America,87.88271297045279
G005184,1,North America,87.69154632335903
G005185,1,North America,59.14580499186298
G005186,1,North America,39.77345214152336
G005187,1,North America,88.00120596612764
G005188,1,North America,0.0
G005189,1,North America,45.522106831312186
G005190,1,North America,53.69429890179633
G005191,1,North America,72.80745971923976
G005192,1,North America,40.2188279144764
G005193,1,North America,66.39442500932515
G005194,1,North America,80.20152687594295
G005195,1,North America,82.5953256903765
G005196,1,North America,78.14597461569309
G005197,1,North America,0.0
G005198,1,North America,63.114947459727524
G005199,1,North America,89.2855513251722
G005200,1,North America,58.94806879989487
G005201,1,North America,87.33855349724674
G005202,1,North America,56.85215549373627
G005203,1,North America,56.356073226630684
G005204,1,North America,87.62051919734478
G005205,1,North America,66.52615937381802
G005206,1,North America,71.29142804586888
G005207,1,North America,66.80038968229294
G005208,1,North America,68.46366807156802
G005209,1,North America,39.14311881462733
G005210,1,North America,82.889780651088
G005211,1,North America,91.30782592943311
G005212,1,North America,80.99645791988301
G005213,1,North America,58.0899420129124
G005214,1,North America,58.280669154644
G005215,1,North America,87.71593766497301
G005216,1,North America,61.12681636671946
G005217,1,North America,62.3431704621315
G005218,1,North America,44.84395592248079
G005219,1,North America,45.424561192393305
G005220,1,North America,55.74715784150904
G005221,1,North America,86.90826585826278
G005222,1,North America,68.64114191131294
G005223,1,North America,78.04685411251269
G005224,1,North America,94.76668985527755
G005225,1,North America,62.43361356754556
G005226,1,North America,43.339289449810984
G005227,1,North America,61.82342287519484
G005228,1,North America,90.61789675707844
G005229,1,North America,77.36295559954644
G005230,1,North America,74.5585509864688
G005231,1,North America,88.46116446476813
G005232,1,North America,87.07774550985205
G005233,1,North America,90.77939202751084
G005234,1,North America,60.177942970554035
G005235,1,North America,90.81869055348183
G005236,1,North America,62.749261886596685
G005237,1,North America,87.57598383796216
G005238,1,North America,63.21795459133387
G005239,1,North America,63.42408140599728
G005240,1,North America,61.27895410203933
G005241,1,North America,75.92112088823319
G005242,1,North America,77.84405838560879
G005243,1,North America,85.62969844521176
G005244,1,North America,71.43589672750055
G005245,1,North America,80.73593397606165
G005246,1,North America,91.70009532916909
G005247,1,North America,79.94168733513357
G005248,1,North America,86.66985983668494
G005249,1,North America,62.91039517933942
G005250,1,North America,63.47678383641667
G005251,1,North America,89.15989419561625
G005252,1,North America,62.4471840157256
G005253,1,North America,64.25531344226907
G005254,1,North America,0.0
G005255,1,North America,61.984518135309216
G005256,1,North America,65.88563785248995
G005257,1,North America,89.19197637850318
G005258,1,North America,71.39698324451844
G005259,1,North America,53.99387812805176
G005260,1,North America,0.0
G005261,1,North America,81.97080046923413
G005262,1,North America,75.72229396410692
G005263,1,North America,65.27030727565288
G005264,1,North America,49.9589748721773
G005265,1,North America,64.3755247046821
G005266,1,North America,53.36297955310345
G005267,1,North America,0.0
G005268,1,North America,40.132639888185444
G005269,1,North America,88.03887497227933
G005270,1,North America,67.3762659640818
G005271,1,North America,81.99973074070974
G005272,1,North America,78.71588704086705
G005273,1,North America,88.63393789923192
G005274,1,North America,67.15372905051709
G005275,1,North America,44.357874466419226
G005276,1,North America,87.5452056029588
G005277,1,North America,72.22346277674943
G005278,1,North America,65.35437440818549
G005279,1,North America,74.92487796341713
G005280,1,North America,60.30268468755302
G005281,1,North America,72.28739960385813
G005282,1,North America,87.79896720609068
G005283,1,North America,64.50761388535662
G005284,1,North America,83.79737633114964
G005285,1,North America,75.82518194462857
G005286,1,North America,61.24667004070137
G005287,1,North America,63.645957508470076
G005288,1,North America,88.79892858089732
G005289,1,North America,0.0
G005290,1,North America,59.66497540807726
G005291,1,North America,73.36498270988464
G005292,1,North America,58.26426811879332
G005293,1,North America,59.50599313914776
G005294,1,North America,90.55737819379569
G005295,1,North America,85.26108034264229
G005296,1,North America,84.65102289247513
G005297,1,North America,74.26068958687783
G005298,1,North America,56.63068016628785
G005299,1,North America,79.17271645149589
G005300,1,North America,52.29210154573122
G005301,1,North America,90.18205347311496
G005302,1,North America,52.348177631616586
G005303,1,North America,62.08319567453861
G005304,1,North America,55.74724552774429
G005305,1,North America,78.96832630354798
G005306,1,North America,0.0
G005307,1,North America,57.5850298691988
G005308,1,North America,64.94055718005608
G005309,1,North America,0.0
G005310,1,North America,58.742852120338064
G005311,1,North America,73.82199589055777
G005312,1,North America,57.66186230742931
G005313,1,North America,62.767968645950155
G005314,1,North America,84.02190039730255
G005315,1,North America,65.59631992578258
G005316,1,North America,72.61677938938142
G005317,1,North America,0.0
G005318,1,North America,91.77795586803374
G005319,1,North America,0.0
G005320,1,North America,0.0
G005321,1,North America,63.86316647940875
G005322,1,North America,89.53771807309623
G005323,1,North America,86.29727613531459
G005324,1,North America,0.0
G005325,1,North America,87.23082549401305
G005326,1,North America,88.87021284641101
G005327,1,North America,72.81462863936208
G005328,1,North America,48.70901790702343
G005329,1,North America,91.68284110786969
G005330,1,North America,80.78303771549463
G005331,1,North America,0.0
G005332,1,North America,54.641962743932545
G005333,1,North America,61.288068693070706
G005334,1,North America,86.17456998152986
G005335,1,North America,80.02013419413296
G005336,1,North America,80.48079653435043
G005337,1,North America,93.22037785846176
G005338,1,North America,64.31913600926057
G005339,1,North America,89.10358796126826
G005340,1,North America,66.85960513383151
G005341,1,North America,59.80960169082879
G005342,1,North America,49.319233025431636
G005343,1,North America,60.29878819286822
G005344,1,North America,50.11020550465584
G005345,1,North America,91.32230351085374
G005346,1,North America,62.34041931158123
G005347,1,North America,0.0
G005348,1,North America,81.35526967985183
G005349,1,North America,67.0145056096207
G005350,1,North America,55.24867357194424
G005351,1,North America,76.63725268940628
G005352,1,North America,56.92153416889093
G005353,1,North America,66.89225074618152
G005354,1,North America,71.00186929336462
G005355,1,North America,86.61009766493513
G005356,1,North America,64.76237099741084
G005357,1,North America,85.79514131960273
G005358,1,North America,63.61234156021476
G005359,1,North America,92.68021947793346
G005360,1,North America,90.39130511377796
G005361,1,North America,82.13184653829445
G005362,1,North America,82.18795040698123
G005363,1,North America,41.99602124642603
G005364,1,North America,66.37354467685296
G005365,1,North America,80.32503757989407
G005366,1,North America,66.12837954195702
G005367,1,North America,59.559300574019545
G005368,1,North America,75.47809196476324
G005369,1,North America,88.7283036186957
G005370,1,North America,60.070879298863986
G005371,1,North America,79.7876969768965
G005372,1,North America,0.0
G005373,1,North America,57.80360004150867
G005374,1,North America,58.72202747362311
G005375,1,North America,81.51152711782493
G005376,1,North America,88.60557038085433
G005377,1,North America,84.4695284216404
G005378,1,North America,78.40190659631789
G005379,1,North America,71.00652172877031
G005380,1,North America,57.27007629036904
G005381,1,North America,66.23151327740513
G005382,1,North America,0.0
G005383,1,North America,75.42084598033875
G005384,1,North America,75.3229529405182
G005385,1,North America,0.0
G005386,1,North America,58.128586128758656
G005387,1,North America,83.56517599862813
G005388,1,North America,79.27943266247257
G005389,1,North America,61.377031639695176
G005390,1,North America,94.47053168005746
G005391,1,North America,0.0
G005392,1,North America,94.64554043813727
G005393,1,North America,75.64732193553448
G005394,1,North America,63.49687962088441
G005395,1,North America,92.06105080899597
G005396,1,North America,91.07935377746821
G005397,1,North America,78.66929852660769
G005398,1,North America,90.39853120213748
G005399,1,North America,64.04969247647126
G005400,1,North America,91.19927153799932
G005401,1,North America,73.76235300517082
G005402,1,North America,91.23386808637417
G005403,1,North America,39.8363413283825
G005404,1,North America,61.53843480300903
G005405,1,North America,59.06119947266579
G005406,1,North America,0.0
G005407,1,North America,61.385702443079516
G005408,1,North America,78.88538715258241
G005409,1,North America,77.36325850087404
G005410,1,North America,72.73029349571466
G005411,1,North America,0.0
G005412,1,North America,86.93797095203851
G005413,1,North America,90.98763218273223
G005414,1,North America,0.0
G005415,1,North America,77.65153216360014
G005416,1,North America,91.14984632363465
G005417,1,North America,80.25812886786461
G005418,1,North America,66.97110795574478
G005419,1,North America,65.1368605058699
G005420,1,North America,94.34634953266021
G005421,1,North America,88.80518384463137
G005422,1,North America,0.0
G005423,1,North America,81.27126675693917
G005424,1,North America,84.83368924948573
G005425,1,North America,51.155779194712636
G005426,1,North America,77.56090098115803
G005427,1,North America,82.10872039978206
G005428,1,North America,53.33146797298481
G005429,1,North America,61.679796932755096
G005430,1,North America,65.76831442821026
G005431,1,North America,72.07832913178025
G005432,1,North America,85.55232446237947
G005433,1,North America,58.532004565759145
G005434,1,North America,66.03906292782588
G005435,1,North America,89.38452288281918
G005436,1,North America,92.09962594264566
G005437,1,North America,72.3284089038074
G005438,1,North America,65.30473290361101
G005439,1,North America,89.85566445565225
G005440,1,North America,0.0
G005441,1,North America,63.43011596136744
G005442,1,North America,62.41597159432642
G005443,1,North America,53.7452300246954
G005444,1,North America,88.06023849427702
G005445,1,North America,0.0
G005446,1,North America,0.0
G005447,1,North America,77.53681719461085
G005448,1,North America,65.8542502709013
G005449,1,North America,76.39849749960142
G005450,1,North America,88.58991300463677
G005451,1,North America,62.20391386388467
G005452,1,North America,73.07424483476625
G005453,1,North America,66.19676922543233
G005454,1,North America,80.62957909094565
G005455,1,North America,73.56609372241209
G005456,1,North America,76.91196575839953
G005457,1,North America,72.02126990902423
G005458,1,North America,64.86367826986313
G005459,1,North America,68.6970727775386
G005460,1,North America,72.70793992479462
G005461,1,North America,0.0
G005462,1,North America,90.02973977956175
G005463,1,North America,95.88447233910115
G005464,1,North America,0.0
G005465,1,North America,58.46169926331937
G005466,1,North America,59.542148060441015
G005467,1,North America,0.0
G005468,1,North America,61.89283078730106
G005469,1,North America,84.49093479556838
G005470,1,North America,0.0
G005471,1,North America,58.505761139750476
G005472,1,North America,83.39528889480233
G005473,1,North America,62.0214513507088
G005474,1,North America,90.2998895738125
G005475,1,North America,60.91540895599128
G005476,1,North America,69.94506302261352
G005477,1,North America,51.21057419889262
G005478,1,North America,62.045811819930876
G005479,1,North America,75.5485983338618
G005480,1,North America,81.46564424643734
G005481,1,North America,86.23320531252027
G005482,1,North America,91.7219131139964
G005483,1,North America,56.40082378387451
G005484,1,North America,72.47766060455369
G005485,1,North America,66.63680972133713
G005486,1,North America,66.6565993823504
G005487,1,North America,81.09491198539462
G005488,1,North America,67.24450397846103
G005489,1,North America,61.24516414582729
G005490,1,North America,65.456576523304
G005491,1,North America,0.0
G005492,1,North America,0.0
G005493,1,North America,58.78177372682095
G005494,1,North America,55.545819712758075
G005495,1,North America,77.99567551196253
G005496,1,North America,92.39368847988412
G005497,1,North America,70.28295284937188
G005498,1,North America,68.34688493442536
G005499,1,North America,79.10256037423467
G005500,1,North America,64.69587141314149
G005501,1,North America,63.353697304261445
G005502,1,North America,84.92503359700785
G005503,1,North America,41.57803821170331
G005504,1,North America,61.419414374864466
G005505,1,North America,85.68021226377786
G005506,1,North America,61.93899530822038
G005507,1,North America,63.0948188147545
G005508,1,North America,70.77066031029732
G005509,1,North America,0.0
G005510,1,North America,0.0
G005511,1,North America,77.67748347458244
G005512,1,North America,76.3009552884102
G005513,1,North America,91.49427498838307
G005514,1,North America,78.51864169985056
G005515,1,North America,0.0
G005516,1,North America,70.77108402066608
G005517,1,North America,53.244897329568865
G005518,1,North America,74.69837225228548
G005519,1,North America,0.0
G005520,1,North America,67.7462287067771
G005521,1,North America,61.41750367200375
G005522,1,North America,82.35960564100381
G005523,1,North America,63.74363735395669
G005524,1,North America,78.30474644577504
G005525,1,North America,79.74760769578634
G005526,1,North America,66.31649706828414
G005527,1,North America,48.07951028195656
G005528,1,North America,71.67841559758692
G005529,1,North America,63.94284584772225
G005530,1,North America,90.70180048309268
G005531,1,North America,78.53489282660323
G005532,1,North America,40.469770501255994
G005533,1,North America,63.12382335162163
G005534,1,North America,64.63627624696493
G005535,1,North America,64.94782450137716
G005536,1,North America,89.47959652438897
G005537,1,North America,83.20066948341692
G005538,1,North America,64.90011334572056
G005539,1,North America,78.06966470843554
G005540,1,North America,87.50253298770298
G005541,1,North America,0.0
G005542,1,North America,82.43389460787178
G005543,1,North America,73.8666959412098
G005544,1,North America,82.27325225414383
G005545,1,North America,82.15120586100223
G005546,1,North America,59.94983681803039
G005547,1,North America,60.361018450697266
G005548,1,North America,71.05329029025995
G005549,1,North America,90.60309471161663
G005550,1,North America,44.00089940547943
G005551,1,North America,74.27358278466536
G005552,1,North America,0.0
G005553,1,North America,79.12987964908102
G005554,1,North America,69.16238520464573
G005555,1,North America,56.958922213633855
G005556,1,North America,86.80220708645835
G005557,1,North America,81.43850448471308
G005558,1,North America,58.51058344510197
G005559,1,North America,86.95089076375601
G005560,1,North America,80.02382394944765
G005561,1,North America,50.62682264184952
G005562,1,North America,77.10467897048593
G005563,1,North America,90.92642594735099
G005564,1,North America,41.04330557672183
G005565,1,North America,63.674280871391296
G005566,1,North America,91.50115657684206
G005567,1,North America,0.0
G005568,1,North America,65.44451132273674
G005569,1,North America,90.48966423219443
G005570,1,North America,61.20933322906493
G005571,1,North America,0.0
G005572,1,North America,0.0
G005573,1,North America,0.0
G005574,1,North America,85.8616837856318
G005575,1,North America,60.32747332468177
G005576,1,North America,79.53681166436367
G005577,1,North America,90.07796210435033
G005578,1,North America,75.29216901754971
G005579,1,North America,64.60278669524193
G005580,1,North America,78.94617209266893
G005581,1,North America,50.39325853919983
G005582,1,North America,82.94310108136047
G005583,1,North America,0.0
G005584,1,North America,65.13573702555895
G005585,1,North America,82.75518275135755
G005586,1,North America,53.87717285072803
G005587,1,North America,84.248794767275
G005588,1,North America,0.0
G005589,1,North America,73.59868703561841
G005590,1,North America,0.0
G005591,1,North America,67.64366401699185
G005592,1,North America,73.56637975161003
G005593,1,North America,57.228922577922994
G005594,1,North America,0.0
G005595,1,North America,65.14082636287898
G005596,1,North America,40.158743203282356
G005597,1,North America,65.85695540725644
G005598,1,North America,91.983417386204
G005599,1,North America,83.69519618287502
G005600,1,North America,39.06066053017703
G005601,1,North America,54.39509139227866
G005602,1,North America,89.26607446712256
G005603,1,North America,61.35304947960377
G005604,1,North America,54.57732783389092
G005605,1,North America,91.57318190765382
G005606,1,North America,43.67672829496861
G005607,1,North America,63.76686260906405
G005608,1,North America,60.865412617325774
G005609,1,North America,90.86800296915753
G005610,1,North America,0.0
G005611,1,North America,81.28100583150983
G005612,1,North America,75.57882206755878
G005613,1,North America,66.60862759839586
G005614,1,North America,46.521169055425766
G005615,1,North America,47.371865345889866
G005616,1,North America,65.71280963607133
G005617,1,North America,89.18779142077854
G005618,1,North America,77.26593587866336
G005619,1,North America,64.85047041928769
G005620,1,North America,90.22490724924117
G005621,1,North America,77.08798996075987
G005622,1,North America,61.4909363017904
G005623,1,North America,55.469716116309165
G005624,1,North America,0.0
G005625,1,North America,42.34101260278443
G005626,1,North America,60.429003254175186
G005627,1,North America,80.72359449941283
G005628,1,North America,75.88532142239809
G005629,1,North America,81.5088999258298
G005630,1,North America,61.4849678648042
G005631,1,North America,42.33021279966832
G005632,1,North America,87.70929728195614
G005633,1,North America,61.93846617680968
G005634,1,North America,0.0
G005635,1,North America,65.20021609006868
G005636,1,North America,62.64793908158938
G005637,1,North America,57.92630918109417
G005638,1,North America,77.05204727260903
G005639,1,North America,77.74469200852874
G005640,1,North America,81.06081946356731
G005641,1,North America,84.14766759281989
G005642,1,North America,49.62480690991879
G005643,1,North America,87.55953367349505
G005644,1,North America,64.0173157465458
G005645,1,North America,74.44352100812847
G005646,1,North America,75.09684044168891
G005647,1,North America,91.33224924036861
G005648,1,North America,61.76145774084871
G005649,1,North America,92.91546630856486
G005650,1,North America,82.57712001285499
G005651,1,North America,63.29210473386085
G005652,1,North America,74.42477088084817
G005653,1,North America,79.90410834129787
G005654,1,North America,58.76345689714678
G005655,1,North America,81.97676338393038
G005656,1,North America,80.98096264551806
G005657,1,North America,84.62982464405894
G005658,1,North America,63.230714790940276
G005659,1,North America,55.666160107879925
G005660,1,North America,67.83838103204967
G005661,1,North America,91.27265775392452
G005662,1,North America,90.9312127171457
G005663,1,North America,67.63509937429428
G005664,1,North America,61.00960712168434
G005665,1,North America,59.16498960757256
G005666,1,North America,62.11411297565699
G005667,1,North America,75.39907470074296
G005668,1,North America,70.477077772751
G005669,1,North America,78.17173885321617
G005670,1,North America,41.9455704511404
G005671,1,North America,89.14777379477025
G005672,1,North America,59.02525816142558
G005673,1,North America,79.24649622619152
G005674,1,North America,0.0
G005675,1,North America,59.709471861935015
G005676,1,North America,61.26249546778202
G005677,1,North America,61.351748485296966
G005678,1,North America,72.35669930508733
G005679,1,North America,0.0
G005680,1,North America,0.0
G005681,1,North America,45.98228432571888
G005682,1,North America,86.05011505926016
G005683,1,North America,52.79442489486933
G005684,1,North America,67.05042482021452
G005685,1,North America,53.687221175298546
G005686,1,North America,63.97509838356935
G005687,1,North America,86.87054540829044
G005688,1,North America,61.02579908444665
G005689,1,North America,91.426456928581
G005690,1,North America,89.62054863953591
G005691,1,North America,0.0
G005692,1,North America,62.117384535720866
G005693,1,North America,85.82262305138781
G005694,1,North America,63.43324832475186
G005695,1,North America,91.50745044018103
G005696,1,North America,69.86839248777882
G005697,1,North America,43.20489737164974
G005698,1,North America,80.28633002722265
G005699,1,North America,73.98916736978293
G005700,1,North America,0.0
G005701,1,North America,47.6771141667366
G005702,1,North America,81.15004029004592
G005703,1,North America,63.958276582909356
G005704,1,North America,77.4743227659464
G005705,1,North America,75.44192582652786
G005706,1,North America,81.43661675958923
G005707,1,North America,86.78376078402998
G005708,1,North America,0.0
G005709,1,North America,64.73265218474016
G005710,1,North America,53.03668394761735
G005711,1,North America,80.75756624417052
G005712,1,North America,94.82498533069726
G005713,1,North America,68.3854740986973
G005714,1,North America,78.53264984373749
G005715,1,North America,78.22595623236894
G005716,1,North America,85.88897607547045
G005717,1,North America,79.38040037602187
G005718,1,North America,67.0009390707612
G005719,1,North America,52.6150256474018
G005720,1,North America,65.34414903930823
G005721,1,North America,65.94719741070271
G005722,1,North America,0.0
G005723,1,North America,73.02147669841666
G005724,1,North America,53.86025272630201
G005725,1,North America,73.94671635933717
G005726,1,North America,75.7714109122401
G005727,1,North America,84.26162679459064
G005728,1,North America,78.25045192351938
G005729,1,North America,66.33964014607668
G005730,1,North America,55.9507600784663
G005731,1,North America,0.0
G005732,1,North America,0.0
G005733,1,North America,73.46540255576373
G005734,1,North America,52.13749745380878
G005735,1,North America,77.55998079109192
G005736,1,North America,0.0
G005737,1,North America,71.41158728581668
G005738,1,North America,81.45686798334123
G005739,1,North America,66.78560211456272
G005740,1,North America,91.97429033358875
G005741,1,North America,37.72243036296151
G005742,1,North America,53.05941516313407
G005743,1,North America,59.809759455382824
G005744,1,North America,67.79048936092855
G005745,1,North America,60.19504981160164
G005746,1,North America,78.79051306912437
G005747,1,North America,63.382742295622826
G005748,1,North America,71.60540868231834
G005749,1,North America,46.134609644174574
G005750,1,North America,92.60131102329696
G005751,1,North America,71.59394698535854
G005752,1,North America,60.35979798245431
G005753,1,North America,90.10570763075353
G005754,1,North America,67.66635441476106
G005755,1,North America,73.82242786498144
G005756,1,North America,0.0
G005757,1,North America,63.43336894365874
G005758,1,North America,91.17636959551591
G005759,1,North America,82.0893506166339
G005760,1,North America,58.02539919387573
G005761,1,North America,82.30155802485348
G005762,1,North America,75.8803707592264
G005763,1,North America,60.10824128913879
G005764,1,North America,91.2675908228755
G005765,1,North America,31.85616779339313
G005766,1,North America,43.70051004459641
G005767,1,North America,0.0
G005768,1,North America,87.32980274341865
G005769,1,North America,0.0
G005770,1,North America,80.68354342834878
G005771,1,North America,0.0
G005772,1,North America,74.75904905688763
G005773,1,North America,72.2337953851819
G005774,1,North America,92.91053526721083
G005775,1,North America,89.96471397010937
G005776,1,North America,69.3966697459221
G005777,1,North America,60.49915451248305
G005778,1,North America,0.0
G005779,1,North America,62.43731009334326
G005780,1,North America,59.07170520523191
G005781,1,North America,88.34909156474473
G005782,1,North America,87.1636593454706
G005783,1,North America,75.98024053725261
G005784,1,North America,66.37628681979396
G005785,1,North America,63.28244918631605
G005786,1,North America,60.36994095611572
G005787,1,North America,59.888358128291195
G005788,1,North America,92.92952192703837
G005789,1,North America,42.78761328062867
G005790,1,North America,76.8090395760789
G005791,1,North America,61.18727391457558
G005792,1,North America,52.617839938727286
G005793,1,North America,0.0
G005794,1,North America,0.0
G005795,1,North America,0.0
G005796,1,North America,65.83136945340851
G005797,1,North America,81.30772970622779
G005798,1,North America,61.0129723379612
G005799,1,North America,0.0
G005800,1,North America,0.0
G005801,1,North America,68.58415211151225
G005802,1,North America,63.80798010987044
G005803,1,North America,82.52067019037224
G005804,1,North America,84.19107428158775
G005805,1,North America,88.02457841634751
G005806,1,North America,0.0
G005807,1,North America,90.99958399953445
G005808,1,North America,60.01260068202019
G005809,1,North America,50.492594706528116
G005810,1,North America,0.0
G005811,1,North America,66.30407708799841
G005812,1,North America,64.84539616225659
G005813,1,North America,77.92623515026406
G005814,1,North America,0.0
G005815,1,North America,87.021058129251
G005816,1,North America,78.76326226260514
G005817,1,North America,0.0
G005818,1,North America,90.2046121019423
G005819,1,North America,88.98869385089567
G005820,1,North America,73.11117053532601
G005821,1,North America,0.0
G005822,1,North America,65.84733280823627
G005823,1,North America,63.16567381656169
G005824,1,North America,60.526631669998174
G005825,1,North America,67.29318017792703
G005826,1,North America,74.44559310221672
G005827,1,North America,75.79855004400015
G005828,1,North America,62.746062210180554
G005829,1,North America,66.9219600181083
G005830,1,North America,76.67565310001375
G005831,1,North America,64.3796095293977
G005832,1,North America,67.14005004556476
G005833,1,North America,75.1358265940547
G005834,1,North America,0.0
G005835,1,North America,55.53128108477593
G005836,1,North America,52.83454225993156
G005837,1,North America,0.0
G005838,1,North America,85.29630997127296
G005839,1,North America,88.96370189836621
G005840,1,North America,85.98828976239761
G005841,1,North America,76.67799473569542
G005842,1,North America,0.0
G005843,1,North America,57.27897443175316
G005844,1,North America,87.27896039527475
G005845,1,North America,93.72511498612978
G005846,1,North America,76.90449331878126
G005847,1,North America,55.03330063847701
G005848,1,North America,80.59153716933729
G005849,1,North America,79.9879288475667
G005850,1,North America,63.85583225470239
G005851,1,North America,80.93863015051187
G005852,1,North America,57.79887944424152
G005853,1,North America,86.40271023260645
G005854,1,North America,0.0
G005855,1,North America,74.83001111030578
G005856,1,North America,63.17892080986138
G005857,1,North America,61.842225739730125
G005858,1,North America,91.45186633566475
G005859,1,North America,86.30097549319267
G005860,1,North America,73.01809595733701
G005861,1,North America,0.0
G005862,1,North America,77.06894642840733
G005863,1,North America,54.61832862410401
G005864,1,North America,48.80779857730867
G005865,1,North America,59.773270496368404
G005866,1,North America,59.87749422902772
G005867,1,North America,59.20081673407556
G005868,1,North America,0.0
G005869,1,North America,88.04049615506241
G005870,1,North America,84.58274275127053
G005871,1,North America,77.82263331892342
G005872,1,North America,39.28600543737411
G005873,1,North America,73.67675847527475
G005874,1,North America,75.29195821139216
G005875,1,North America,55.085281251013285
G005876,1,North America,76.36727909266949
G005877,1,North America,79.48578894035202
G005878,1,North America,74.86025833832993
G005879,1,North America,54.39891027224064
G005880,1,North America,78.62171964948827
G005881,1,North America,61.53661812889576
G005882,1,North America,36.73611232256889
G005883,1,North America,68.02292082924396
G005884,1,North America,78.31869802927972
G005885,1,North America,90.52564182648062
G005886,1,North America,0.0
G005887,1,North America,73.73301763986639
G005888,1,North America,68.96783800274133
G005889,1,North America,53.10300777482987
G005890,1,North America,70.68206089789489
G005891,1,North America,74.3665805978197
G005892,1,North America,58.47493377530575
G005893,1,North America,58.786996094942104
G005894,1,North America,82.07157494874073
G005895,1,North America,91.6598255607784
G005896,1,North America,0.0
G005897,1,North America,53.33202582955361
G005898,1,North America,0.0
G005899,1,North America,83.58266788261948
G005900,1,North America,67.03416127020121
G005901,1,North America,66.38160406972963
G005902,1,North America,65.08585358825326
G005903,1,North America,63.541547787085186
G005904,1,North America,89.60492310315371
G005905,1,North America,86.7083457814753
G005906,1,North America,59.743408491875186
G005907,1,North America,59.4975824544791
G005908,1,North America,89.68086768642068
G005909,1,North America,58.96401428574865
G005910,1,North America,61.66113829380274
G005911,1,North America,0.0
G005912,1,North America,50.631078778434876
G005913,1,North America,70.69268016707898
G005914,1,North America,66.46016779506206
G005915,1,North America,83.72923971432674
G005916,1,North America,38.93330303454399
G005917,1,North America,78.85526137176157
G005918,1,North America,70.83425982224942
G005919,1,North America,66.07249158212542
G005920,1,North America,67.21930345400492
G005921,1,North America,0.0
G005922,1,North America,64.07737604837706
G005923,1,North America,80.85589247271419
G005924,1,North America,57.62926191107793
G005925,1,North America,76.72972487214209
G005926,1,North America,52.27488315117359
G005927,1,North America,91.2652218605876
G005928,1,North America,0.0
G005929,1,North America,83.42862681206248
G005930,1,North America,0.0
G005931,1,North America,54.64165016531945
G005932,1,North America,80.35042744341493
G005933,1,North America,81.12901972836256
G005934,1,North America,59.53119023185065
G005935,1,North America,51.023431681036946
G005936,1,North America,90.88211880099773
G005937,1,North America,56.63544553029536
G005938,1,North America,59.99361811264718
G005939,1,North America,67.59138414909803
G005940,1,North America,47.41486592411995
G005941,1,North America,43.62081290130182
G005942,1,North America,57.94735551071169
G005943,1,North America,84.35000729887864
G005944,1,North America,83.45897216635943
G005945,1,North America,76.4719982507676
G005946,1,North America,60.95264860925892
G005947,1,North America,63.02380656766891
G005948,1,North America,83.19173855882883
G005949,1,North America,81.01477448347211
G005950,1,North America,60.29540804326534
G005951,1,North America,57.13707805308429
G005952,1,North America,83.82267048626055
G005953,1,North America,48.255007174968725
G005954,1,North America,65.46332561487954
G005955,1,North America,60.62177703195809
G005956,1,North America,57.208475001923965
G005957,1,North America,52.54712503368566
G005958,1,North America,90.4664868760705
G005959,1,North America,60.69180360901355
G005960,1,North America,55.640793166611225
G005961,1,North America,56.571474757194515
G005962,1,North America,52.71987485361098
G005963,1,North America,77.42308606773253
G005964,1,North America,61.5830361225605
G005965,1,North America,51.13951763034768
G005966,1,North America,63.21130453813076
G005967,1,North America,73.33677114209533
G005968,1,North America,47.6421472312212
G005969,1,North America,65.7275973111093
G005970,1,North America,85.72972783086968
G005971,1,North America,61.54444740109371
G005972,1,North America,60.978524347550945
G005973,1,North America,90.29269872510433
G005974,1,North America,64.57136395241815
G005975,1,North America,67.67121530050039
G005976,1,North America,90.33657840433717
G005977,1,North America,90.58002201725137
G005978,1,North America,81.9743377442658
G005979,1,North America,90.10800494727494
G005980,1,North America,57.8806444875598
G005981,1,North America,79.41805938850344
G005982,1,North America,81.30705877614022
G005983,1,North America,83.5709239005609
G005984,1,North America,73.9177500281334
G005985,1,North America,57.726460980057716
G005986,1,North America,49.63096473789215
G005987,1,North America,66.06223899924754
G005988,1,North America,47.12687328004838
G005989,1,North America,63.4603250888586
G005990,1,North America,39.25894593477249
G005991,1,North America,88.97763630402089
G005992,1,North America,93.2944729383439
G005993,1,North America,52.64128401588671
G005994,1,North America,74.90711394769495
G005995,1,North America,56.16751440882683
G005996,1,North America,88.39907011157274
G005997,1,North America,74.1535242979601
G005998,1,North America,0.0
G005999,1,North America,91.04424062240125
G006000,1,North America,79.07765507334472
G006001,1,North America,63.31013317081785
G006002,1,North America,89.25699298554659
G006003,1,North America,36.63216701781749
G006004,1,North America,54.455702616572374
G006005,1,North America,71.23880912175233
G006006,1,North America,65.29313323873282
G006007,1,North America,66.47335589067865
G006008,1,North America,0.0
G006009,1,North America,65.05927153623104
G006010,1,North America,0.0
G006011,1,North America,73.50408303600551
G006012,1,North America,77.8010124996677
G006013,1,North America,90.20595062658191
G006014,1,North America,57.673470163404936
G006015,1,North America,0.0
G006016,1,North America,59.54739541602135
G006017,1,North America,0.0
G006018,1,North America,87.61754671743512
G006019,1,North America,58.13319777154922
G006020,1,North America,67.26745162618974
G006021,1,North America,71.92875966807838
G006022,1,North America,0.0
G006023,1,North America,89.49735033075737
G006024,1,North America,53.3531107788086
G006025,1,North America,63.64001715934277
G006026,1,North America,79.31851102405787
G006027,1,North America,64.24680344581604
G006028,1,North America,85.31635207005793
G006029,1,North America,74.71625478494258
G006030,1,North America,73.76937973558903
G006031,1,North America,72.60043022030771
G006032,1,North America,65.14343538105487
G006033,1,North America,61.35177118983775
G006034,1,North America,0.0
G006035,1,North America,89.68226945033669
G006036,1,North America,88.02840929392161
G006037,1,North America,50.840826656731686
G006038,1,North America,87.42019914478064
G006039,1,North America,86.03745408844046
G006040,1,North America,59.37188188131651
G006041,1,North America,70.50006304123997
G006042,1,North America,64.49437601172924
G006043,1,North America,61.604007562160504
G006044,1,North America,64.58280759417876
G006045,1,North America,81.72414049416147
G006046,1,North America,47.88119979967493
G006047,1,North America,78.06585781347752
G006048,1,North America,63.963803772677075
G006049,1,North America,55.53757504975796
G006050,1,North America,75.43638788712025
G006051,1,North America,70.24091971253627
G006052,1,North America,61.20186777073145
G006053,1,North America,0.0
G006054,1,North America,39.019831044547495
G006055,1,North America,77.90604027485847
G006056,1,North America,0.0
G006057,1,North America,82.08007510352135
G006058,1,North America,80.76037491184475
G006059,1,North America,89.96110669526277
G006060,1,North America,81.76182342866153
G006061,1,North America,91.14289315223695
G006062,1,North America,0.0
G006063,1,North America,74.59469687633216
G006064,1,North America,67.93203109570885
G006065,1,North America,0.0
G006066,1,North America,56.44393972456455
G006067,1,North America,87.45730479545935
G006068,1,North America,85.57102796863606
G006069,1,North America,78.86692352968454
G006070,1,North America,78.23844742579352
G006071,1,North America,0.0
G006072,1,North America,55.879212418437
G006073,1,North America,79.2503200455904
G006074,1,North America,63.580253534620454
G006075,1,North America,47.40134351293969
G006076,1,North America,80.88571527523978
G006077,1,North America,49.075658989071854
G006078,1,North America,0.0
G006079,1,North America,67.46275930333138
G006080,1,North America,75.7562656031251
G006081,1,North America,89.64473438858985
G006082,1,North America,85.38903253276783
G006083,1,North America,78.03854321739824
G006084,1,North America,0.0
G006085,1,North America,72.2566682676673
G006086,1,North America,78.8530406407118
G006087,1,North America,76.67029111590237
G006088,1,North America,50.650221019506446
G006089,1,North America,67.41106870036234
G006090,1,North America,66.20849944384803
G006091,1,North America,53.0819221656756
G006092,1,North America,74.540714804098
G006093,1,North America,67.22201574053999
G006094,1,North America,84.11779278334525
G006095,1,North America,32.40138860064745
G006096,1,North America,44.26389181137085
G006097,1,North America,51.17776262646192
G006098,1,North America,88.87291691704908
G006099,1,North America,0.0
G006100,1,North America,56.1036285069332
G006101,1,North America,68.37043936971553
G006102,1,North America,60.64048549660408
G006103,1,North America,50.90248022890091
G006104,1,North America,86.05846793974563
G006105,1,North America,61.63956477284431
G006106,1,North America,79.52639276039602
G006107,1,North America,0.0
G006108,1,North America,49.76688294863701
G006109,1,North America,59.08296830523013
G006110,1,North America,78.66592205023765
G006111,1,North America,66.36041790950298
G006112,1,North America,0.0
G006113,1,North America,66.51122729703783
G006114,1,North America,61.24547056680376
G006115,1,North America,65.65097448591256
G006116,1,North America,40.64164856886864
G006117,1,North America,80.69363081723453
G006118,1,North America,51.694814734838225
G006119,1,North America,0.0
G006120,1,North America,0.0
G006121,1,North America,62.18310681462288
G006122,1,North America,0.0
G006123,1,North America,91.47556977647544
G006124,1,North America,59.83299032579769
G006125,1,North America,0.0
G006126,1,North America,80.39715977770541
G006127,1,North America,66.0398743467331
G006128,1,North America,53.617914015289514
G006129,1,North America,54.56585043012012
G006130,1,North America,79.44671152956829
G006131,1,North America,52.8071269313097
G006132,1,North America,88.85827665993573
G006133,1,North America,67.7885556184487
G006134,1,North America,64.14610068129409
G006135,1,North America,52.85065960019827
G006136,1,North America,76.86956652501857
G006137,1,North America,54.834058893799785
G006138,1,North America,89.05096002887053
G006139,1,North America,0.0
G006140,1,North America,0.0
G006141,1,North America,75.91104329612084
G006142,1,North America,91.67546837851405
G006143,1,North America,57.96199957156182
G006144,1,North America,56.16527553621206
G006145,1,North America,78.23795997962357
G006146,1,North America,0.0
G006147,1,North America,0.0
G006148,1,North America,71.88795284759998
G006149,1,North America,59.248561057379746
G006150,1,North America,0.0
G006151,1,North America,78.09894034427404
G006152,1,North America,58.35390023195743
G006153,1,North America,0.0
G006154,1,North America,36.80139940547944
G006155,1,North America,88.32401533919574
G006156,1,North America,48.49428288659182
G006157,1,North America,64.55335423767568
G006158,1,North America,80.67271662515402
G006159,1,North America,52.969746809005734
G006160,1,North America,64.83435274410247
G006161,1,North America,67.56141282290041
G006162,1,North America,75.91169311565162
G006163,1,North America,89.31685682670636
G006164,1,North America,79.24182720705866
G006165,1,North America,59.43125521963653
G006166,1,North America,72.27316008874323
G006167,1,North America,85.46968576578841
G006168,1,North America,85.72230914372206
G006169,1,North America,63.76257022655011
G006170,1,North America,79.33215243431654
G006171,1,North America,81.83741102188826
G006172,1,North America,91.03704069930315
G006173,1,North America,51.16777026894598
G006174,1,North America,83.0789854066986
G006175,1,North America,0.0
G006176,1,North America,64.57203322601318
G006177,1,North America,75.99103128826619
G006178,1,North America,63.60018724679224
G006179,1,North America,91.19520968367385
G006180,1,North America,64.79595028674603
G006181,1,North America,68.69822851066515
G006182,1,North America,68.58357191912694
G006183,1,North America,89.97242503634095
G006184,1,North America,62.73147571003437
G006185,1,North America,77.80824797124664
G006186,1,North America,65.76329823561328
G006187,1,North America,88.43644409012794
G006188,1,North America,55.38394054913521
G006189,1,North America,77.41406872595351
G006190,1,North America,87.0889731450081
G006191,1,North America,62.81714365377119
G006192,1,North America,74.31832957819104
G006193,1,North America,59.05562423729898
G006194,1,North America,62.85313783279693
G006195,1,North America,64.19925437221924
G006196,1,North America,62.38268249936898
G006197,1,North America,89.26646208072884
G006198,1,North America,64.06890261774984
G006199,1,North America,47.82883390429526
G006200,1,North America,73.57357214832307
G006201,1,North America,53.22052540347792
G006202,1,North America,45.49995813488961
G006203,1,North America,61.805909263899835
G006204,1,North America,0.0
G006205,1,North America,0.0
G006206,1,North America,53.84869662904739
G006207,1,North America,85.48789867698785
G006208,1,North America,45.47204727649689
G006209,1,North America,74.55607724381983
G006210,1,North America,64.95803007572889
G006211,1,North America,0.0
G006212,1,North America,54.963004859209065
G006213,1,North America,0.0
G006214,1,North America,67.52295939306599
G006215,1,North America,74.8109659990876
G006216,1,North America,58.53578539681433
G006217,1,North America,87.8148803242174
G006218,1,North America,81.32882110012933
G006219,1,North America,49.02150887223807
G006220,1,North America,62.788749086379994
G006221,1,North America,0.0
G006222,1,North America,0.0
G006223,1,North America,85.57433752036096
G006224,1,North America,77.9264835447669
G006225,1,North America,65.8414614657001
G006226,1,North America,55.17425751656474
G006227,1,North America,87.48892189702391
G006228,1,North America,36.98573518123049
G006229,1,North America,79.36000522303583
G006230,1,North America,51.165566050341624
G006231,1,North America,0.0
G006232,1,North America,0.0
G006233,1,North America,0.0
G006234,1,North America,91.35487272998691
G006235,1,North America,77.78725294022128
G006236,1,North America,0.0
G006237,1,North America,74.37141827900663
G006238,1,North America,75.1420418778062
G006239,1,Oceania,80.3138447052421
G006240,1,Oceania,78.45968125046385
G006241,1,Oceania,0.0
G006242,1,Oceania,65.83385119962693
G006243,1,Oceania,0.0
G006244,1,Oceania,77.45407035410427
G006245,1,Oceania,74.50000673591911
G006246,1,Oceania,70.35948399573384
G006247,1,Oceania,74.21360932716458
G006248,1,Oceania,73.5393346197551
G006249,1,Oceania,79.3357854290609
G006250,1,Oceania,77.4322574813086
G006251,1,Oceania,76.77141049130127
G006252,1,Oceania,78.35056551256686
G006253,1,Oceania,77.11057476371526
G006254,1,Oceania,75.56172266978658
G006255,1,Oceania,72.05692522653305
G006256,1,Oceania,75.86949951523542
G006257,1,Oceania,70.6805548853373
G006258,1,Oceania,70.49136908805372
G006259,1,Oceania,69.66807062602042
G006260,1,Oceania,77.14855625279023
G006261,1,Oceania,76.57582964792307
G006262,1,Oceania,69.72157070353447
G006263,1,Oceania,82.95229744585085
G006264,1,Oceania,60.883105407534224
G006265,1,Oceania,73.1094670391173
G006266,1,Oceania,79.14290641666634
G006267,1,Oceania,78.78439229297638
G006268,1,Oceania,76.650530721948
G006269,1,Oceania,76.08280162500252
G006270,1,Oceania,73.83900585889816
G006271,1,Oceania,78.86162451195717
G006272,1,Oceania,70.65035535937096
G006273,1,Oceania,73.77094138807058
G006274,1,Oceania,71.4319079978159
G006275,1,Oceania,74.19917268508674
G006276,1,Oceania,76.97691584557205
G006277,1,Oceania,0.0
G006278,1,Oceania,76.34457044142667
G006279,1,Oceania,76.71471170136604
G006280,1,Oceania,75.6854009231979
G006281,1,Oceania,70.29795183543546
G006282,1,Oceania,79.62191997859786
G006283,1,Oceania,77.70477508270741
G006284,1,Oceania,86.8353471468091
G006285,1,Oceania,77.48740943157672
G006286,1,Oceania,68.549026852335
G006287,1,Oceania,79.51288371727141
G006288,1,Oceania,59.17760833668708
G006289,1,Oceania,69.84625273927956
G006290,1,Oceania,75.59729894762329
G006291,1,Oceania,55.80336337418629
G006292,1,Oceania,78.1414722129495
G006293,1,Oceania,67.68580146932602
G006294,1,Oceania,77.88669310312763
G006295,1,Oceania,73.90865971349587
G006296,1,Oceania,76.14367494392576
G006297,1,Oceania,78.44314979828398
G006298,1,Oceania,78.75367507659847
G006299,1,Oceania,78.35497568128507
G006300,1,Oceania,75.20053020272653
G006301,1,Oceania,0.0
G006302,1,Oceania,76.03839821414154
G006303,1,Oceania,0.0
G006304,1,Oceania,64.46489193772909
G006305,1,Oceania,70.1208323259751
G006306,1,Oceania,79.0623660645485
G006307,1,Oceania,0.0
G006308,1,Oceania,79.14206183118532
G006309,1,Oceania,51.69377438759803
G006310,1,Oceania,73.01353373914957
G006311,1,Oceania,65.24892657220363
G006312,1,Oceania,77.86164177851245
G006313,1,Oceania,76.71710059338629
G006314,1,Oceania,74.58578892613001
G006315,1,Oceania,69.74252529670252
G006316,1,Oceania,44.14078444671631
G006317,1,Oceania,80.20159857392312
G006318,1,Oceania,58.78914400297583
G006319,1,Oceania,71.95875694873659
G006320,1,Oceania,76.59730086851121
G006321,1,Oceania,0.0
G006322,1,Oceania,0.0
G006323,1,Oceania,83.50877685725689
G006324,1,Oceania,80.68763180854917
G006325,1,Oceania,71.84512399297772
G006326,1,Oceania,61.89831201082649
G006327,1,Oceania,69.40736734323069
G006328,1,Oceania,77.59264706918869
G006329,1,Oceania,75.06115145624949
G006330,1,Oceania,81.31398063917052
G006331,1,Oceania,80.96710212744773
G006332,1,Oceania,78.41173841822147
G006333,1,Oceania,59.51852622947909
G006334,1,Oceania,0.0
G006335,1,Oceania,77.49869515296817
G006336,1,Oceania,75.53661973049513
G006337,1,Oceania,80.86350083329529
G006338,1,Oceania,72.59339015579224
G006339,1,Oceania,0.0
G006340,1,Oceania,71.26513443995967
G006341,1,Oceania,78.7456985214732
G006342,1,Oceania,85.66247103273868
G006343,1,South Asia,73.83722435125709
G006344,1,South Asia,80.75964446578604
G006345,1,South Asia,59.80739277172088
G006346,1,South Asia,74.52975075418118
G006347,1,South Asia,74.310577216506
G006348,1,South Asia,76.02446941375011
G006349,1,South Asia,79.06167615280866
G006350,1,South Asia,73.51989556392033
G006351,1,South Asia,88.28345261669159
G006352,1,South Asia,74.17410560134685
G006353,1,South Asia,68.11439837139484
G006354,1,South Asia,72.72813973391055
G006355,1,South Asia,84.42254043864831
G006356,1,South Asia,82.98227503202178
G006357,1,South Asia,83.24332036167384
G006358,1,South Asia,70.78235685378313
G006359,1,South Asia,73.26456206458806
G006360,1,South Asia,64.64473994475604
G006361,1,South Asia,75.5662225718155
G006362,1,South Asia,91.47698649871079
G006363,1,South Asia,68.22247211152315
G006364,1,South Asia,83.1777074629574
G006365,1,South Asia,76.29379896080493
G006366,1,South Asia,72.71274536579848
G006367,1,South Asia,75.70989453205466
G006368,1,South Asia,73.05019653475286
G006369,1,South Asia,83.85759161752463
G006370,1,South Asia,75.01750513637066
G006371,1,South Asia,72.98457538330555
G006372,1,South Asia,74.51122977101802
G006373,1,South Asia,74.12339868584003
G006374,1,South Asia,75.30279362135583
G006375,1,South Asia,78.23998757294451
G006376,1,South Asia,72.72881063526869
G006377,1,South Asia,83.66907127553225
G006378,1,South Asia,72.20479936625561
G006379,1,South Asia,72.15317089855672
G006380,1,South Asia,77.19919456996024
G006381,1,South Asia,73.28400947189331
G006382,1,South Asia,64.28132163578272
G006383,1,South Asia,72.07859071904421
G006384,1,South Asia,75.70282006199524
G006385,1,South Asia,74.94100006166913
G006386,1,South Asia,72.07168757098913
G006387,1,South Asia,73.25838183693814
G006388,1,South Asia,73.0582210729122
G006389,1,South Asia,74.86079125621914
G006390,1,South Asia,70.2916837768031
G006391,1,South Asia,84.25553005707265
G006392,1,South Asia,69.90216549795866
G006393,1,South Asia,80.92710811561888
G006394,1,South Asia,81.98024747622013
G006395,1,South Asia,72.14974289926073
G006396,1,South Asia,76.72610438974202
G006397,1,South Asia,72.5139213914239
G006398,1,South Asia,77.87553497093917
G006399,1,South Asia,67.39010285100612
G006400,1,South Asia,74.76357472342252
G006401,1,South Asia,74.06262956523896
G006402,1,South Asia,73.22224267130007
G006403,1,South Asia,74.31830931150914
G006404,1,South Asia,71.69419288858501
G006405,1,South Asia,76.6319735724628
G006406,1,South Asia,72.186736365526
G006407,1,South Asia,74.09479908741423
G006408,1,South Asia,76.53371233148917
G006409,1,South Asia,73.9957521473982
G006410,1,South Asia,73.79693694721027
G006411,1,South Asia,74.65680826624957
G006412,1,South Asia,74.36968973795572
G006413,1,South Asia,73.37806936809329
G006414,1,South Asia,75.29313081097601
G006415,1,South Asia,81.01570230845068
G006416,1,South Asia,72.0565941953659
G006417,1,South Asia,70.48803585186872
G006418,1,South Asia,69.86625146865846
G006419,1,South Asia,74.65400454068184
G006420,1,South Asia,74.93676546043156
G006421,1,South Asia,71.48162248539924
G006422,1,South Asia,73.41177279170851
G006423,1,South Asia,72.62803153452187
G006424,1,South Asia,76.452612454772
G006425,1,South Asia,75.57264774787426
G006426,1,South Asia,71.66946403416901
G006427,1,South Asia,75.13576144963503
G006428,1,South Asia,76.01973660850526
G006429,1,South Asia,76.21565230864287
G006430,1,South Asia,67.98753141915799
G006431,1,South Asia,85.17072390425207
G006432,1,South Asia,91.71315459358692
G006433,1,South Asia,72.81674530947028
G006434,1,South Asia,65.2897438543168
G006435,1,South Asia,73.10755132943392
G006436,1,South Asia,70.73443841189146
G006437,1,South Asia,70.55150596535206
G006438,1,South Asia,86.01759485720504
G006439,1,South Asia,75.79594114440681
G006440,1,South Asia,73.01168953895568
G006441,1,South Asia,74.16374541344607
G006442,1,South Asia,72.2010731399872
G006443,1,South Asia,72.76822475403546
G006444,1,South Asia,88.14163993553547
G006445,1,South Asia,72.82492646114032
G006446,1,South Asia,73.19004786664249
G006447,1,South Asia,73.86528559640321
G006448,1,South Asia,91.73226855905354
G006449,1,South Asia,72.73259298805034
G006450,1,South Asia,76.18638570700631
G006451,1,South Asia,82.76641422247887
G006452,1,South Asia,72.9233385105729
G006453,1,South Asia,80.98312444671988
G006454,1,South Asia,72.8166601998508
G006455,1,South Asia,71.5230540199352
G006456,1,South Asia,74.46098250353336
G006457,1,South Asia,78.66731458361446
G006458,1,South Asia,71.61546567559242
G006459,1,South Asia,68.38956641113758
G006460,1,South Asia,72.6231984271109
G006461,1,South Asia,74.79505002675815
G006462,1,South Asia,0.0
G006463,1,South Asia,85.75591626305132
G006464,1,South Asia,82.52127066373825
G006465,1,South Asia,81.71374554672838
G006466,1,South Asia,69.50179435658997
G006467,1,South Asia,74.35557293906719
G006468,1,South Asia,89.08262795905047
G006469,1,South Asia,90.18456452765066
G006470,1,South Asia,73.309948292194
G006471,1,South Asia,73.84200371682644
G006472,1,South Asia,74.4532169653105
G006473,1,South Asia,86.21387174841401
G006474,1,South Asia,74.29336336251279
G006475,1,South Asia,81.25459890848398
G006476,1,South Asia,91.48427447900177
G006477,1,South Asia,73.26586459892084
G006478,1,South Asia,76.46299806879416
G006479,1,South Asia,91.15862469034258
G006480,1,South Asia,74.00238068044186
G006481,1,South Asia,74.50889675045013
G006482,1,South Asia,88.35251976467534
G006483,1,South Asia,72.10042841511785
G006484,1,South Asia,72.16621115630866
G006485,1,South Asia,81.00487637817861
G006486,1,South Asia,74.85915222668648
G006487,1,South Asia,70.17968807379766
G006488,1,South Asia,72.15819534355403
G006489,1,South Asia,71.90991023027175
G006490,1,South Asia,82.9537784280479
G006491,1,South Asia,83.49092305755615
G006492,1,South Asia,60.783811026096345
G006493,1,South Asia,69.76036017483473
G006494,1,South Asia,69.95826599133015
G006495,1,South Asia,74.12071309751272
G006496,1,South Asia,74.49975450264776
G006497,1,South Asia,74.22152898197463
G006498,1,South Asia,73.18655688428879
G006499,1,South Asia,74.05176167529822
G006500,1,South Asia,91.44817283594608
G006501,1,South Asia,78.75851356919111
G006502,1,South Asia,71.82734751898052
G006503,1,South Asia,75.62177720218897
G006504,1,South Asia,70.73788333334164
G006505,1,South Asia,75.30151975289077
G006506,1,South Asia,69.83529207160979
G006507,1,South Asia,73.98888858789205
G006508,1,South Asia,74.4184476775527
G006509,1,South Asia,69.12336041814089
G006510,1,South Asia,72.66123732888519
G006511,1,South Asia,74.71776661205291
G006512,1,South Asia,84.60148251977563
G006513,1,South Asia,75.04889985704422
G006514,1,South Asia,73.21853292828798
G006515,1,South Asia,75.38285101543772
G006516,1,South Asia,75.1185660239458
G006517,1,South Asia,83.60900155686429
G006518,1,South Asia,92.02895406730472
G006519,1,South Asia,74.63249622574449
G006520,1,South Asia,76.2358991203832
G006521,1,South Asia,89.07660429625078
G006522,1,South Asia,72.82204728094376
G006523,1,South Asia,73.11882181116938
G006524,1,South Asia,74.30223063415289
G006525,1,South Asia,81.67201347747445
G006526,1,South Asia,75.516056879282
G006527,1,South Asia,75.85756293668621
G006528,1,South Asia,83.35371541213989
G006529,1,South Asia,71.5815511187315
G006530,1,South Asia,67.78716618692874
G006531,1,South Asia,68.42255216364607
G006532,1,South Asia,65.99816399139527
G006533,1,South Asia,85.31242937532069
G006534,1,South Asia,73.13752705323515
G006535,1,South Asia,74.09362912464141
G006536,1,South Asia,74.47800509119034
G006537,1,South Asia,76.24956102341413
G006538,1,South Asia,78.87683135912094
G006539,1,South Asia,75.4350371092558
G006540,1,South Asia,71.94864197541908
G006541,1,South Asia,74.15777632347833
G006542,1,South Asia,71.15322522032261
G006543,1,South Asia,74.09924952031265
G006544,1,South Asia,72.6534346934557
G006545,1,South Asia,81.4891956256619
G006546,1,South Asia,81.53462651628887
G006547,1,South Asia,75.5241133264854
G006548,1,South Asia,68.43306696123969
G006549,1,South Asia,70.47432239162922
G006550,1,South Asia,69.63932992720603
G006551,1,South Asia,84.98945739859613
G006552,1,South Asia,63.66353811858819
G006553,1,South Asia,74.66230705767508
G006554,1,South Asia,73.16058212149143
G006555,1,South Asia,74.83176931273937
G006556,1,South Asia,71.58532426598036
G006557,1,South Asia,74.53065700352191
G006558,1,South Asia,0.0
G006559,1,South Asia,80.96991507700176
G006560,1,South Asia,80.46676158753037
G006561,1,South Asia,78.4695915452242
G006562,1,South Asia,92.2341203725189
G006563,1,South Asia,84.24713218580051
G006564,1,South Asia,72.97959563891455
G006565,1,South Asia,75.48036091130972
G006566,1,South Asia,71.66111733180284
G006567,1,South Asia,72.65462152302264
G006568,1,South Asia,72.5900373809807
G006569,1,South Asia,74.89794485413125
G006570,1,South Asia,90.40915271550418
G006571,1,South Asia,73.05130858540537
G006572,1,South Asia,71.0019643969012
G006573,1,South Asia,71.3879304876165
G006574,1,South Asia,72.61965434873105
G006575,1,South Asia,80.2588462494115
G006576,1,South Asia,74.16113199034062
G006577,1,South Asia,69.0294259802103
G006578,1,South Asia,71.62386532391383
G006579,1,South Asia,76.12758697038889
G006580,1,South Asia,71.18127367007733
G006581,1,South Asia,83.69306146073342
G006582,1,South Asia,74.88652562203009
G006583,1,South Asia,85.6578491752789
G006584,1,South Asia,84.14884106099606
G006585,1,South Asia,76.15443870842095
G006586,1,South Asia,83.88188675706493
G006587,1,South Asia,90.41227276788156
G006588,1,South Asia,74.72491792414225
G006589,1,South Asia,73.84495101398049
G006590,1,South Asia,74.29474553701192
G006591,1,South Asia,90.13942039446621
G006592,1,South Asia,72.76252669155598
G006593,1,South Asia,75.08277169582247
G006594,1,South Asia,75.15428956633806
G006595,1,South Asia,85.56379802124204
G006596,1,South Asia,80.69175157427789
G006597,1,South Asia,76.33688844400645
G006598,1,South Asia,71.81776547473669
G006599,1,South Asia,77.33971170311986
G006600,1,South Asia,74.41703660145447
G006601,1,South Asia,83.13015294399858
G006602,1,South Asia,0.0
G006603,1,South Asia,74.90279223590727
G006604,1,South Asia,75.57915398334914
G006605,1,South Asia,67.87579975640774
G006606,1,South Asia,80.97153755084673
G006607,1,South Asia,71.11469941687764
G006608,1,South Asia,82.71426204717159
G006609,1,South Asia,81.31045126406893
G006610,1,South Asia,73.61929801958802
G006611,1,South Asia,72.35561175137306
G006612,1,South Asia,72.18170790928602
G006613,1,South Asia,92.53418752661922
G006614,1,South Asia,75.10966658233106
G006615,1,South Asia,76.43128687690965
G006616,1,South Asia,73.88060369555156
G006617,1,South Asia,76.34182842859083
G006618,1,South Asia,72.66885927146673
G006619,1,South Asia,76.46529198671878
G006620,1,South Asia,72.61451621115208
G006621,1,South Asia,72.45205158323049
G006622,1,South Asia,74.95553852713108
G006623,1,South Asia,81.30867073462767
G006624,1,South Asia,80.28739910814797
G006625,1,South Asia,81.19600195748157
G006626,1,South Asia,74.60470920783283
G006627,1,South Asia,74.60199597641916
G006628,1,South Asia,76.3423790821135
G006629,1,South Asia,71.31789473444223
G006630,1,South Asia,73.7374823422432
G006631,1,South Asia,81.05565293449163
G006632,1,South Asia,74.58984560539504
G006633,1,South Asia,71.44882392275333
G006634,1,South Asia,71.76132823562622
G006635,1,South Asia,82.14664277081779
G006636,1,South Asia,76.31341351631283
G006637,1,South Asia,72.19783174699546
G006638,1,South Asia,75.40332311683893
G006639,1,South Asia,70.35861712046645
G006640,1,South Asia,90.76409661499117
G006641,1,South Asia,71.69355955691952
G006642,1,South Asia,83.07810650952749
G006643,1,South Asia,81.0423461418748
G006644,1,South Asia,72.32403870090029
G006645,1,South Asia,90.91714151297509
G006646,1,South Asia,71.99927697007222
G006647,1,South Asia,67.23316170758912
G006648,1,South Asia,89.11968179033741
G006649,1,South Asia,82.32028551393749
G006650,1,South Asia,73.0495512215495
G006651,1,South Asia,76.0903903771788
G006652,1,South Asia,88.1366081048196
G006653,1,South Asia,76.47113145263809
G006654,1,South Asia,73.27068206161262
G006655,1,South Asia,75.18897111785412
G006656,1,South Asia,83.67542077827454
G006657,1,South Asia,72.37048131030075
G006658,1,South Asia,82.71952101437432
G006659,1,South Asia,74.4941182541775
G006660,1,South Asia,68.03706602036954
G006661,1,South Asia,82.84419980219008
G006662,1,South Asia,72.74598177453878
G006663,1,South Asia,89.52345275747054
G006664,1,South Asia,72.57676193058128
G006665,1,South Asia,66.76055351495742
G006666,1,South Asia,83.00920965981484
G006667,1,South Asia,83.98463999217206
G006668,1,South Asia,80.75162854551728
G006669,1,South Asia,72.9618741618991
G006670,1,South Asia,73.3753291566661
G006671,1,South Asia,73.01626718324424
G006672,1,South Asia,80.7148921428919
G006673,1,South Asia,74.5473462767574
G006674,1,South Asia,74.27914663126613
G006675,1,South Asia,76.04095506113768
G006676,1,South Asia,67.80621424686909
G006677,1,South Asia,73.8510351216793
G006678,1,South Asia,68.69657949495317
G006679,1,South Asia,83.09468682865842
G006680,1,South Asia,82.11941047298909
G006681,1,South Asia,82.60306402891875
G006682,1,South Asia,71.62064717564981
G006683,1,South Asia,70.56251006537676
G006684,1,South Asia,73.5461636158228
G006685,1,South Asia,71.53105758824223
G006686,1,South Asia,78.46014851858467
G006687,1,South Asia,72.2919965476773
G006688,1,South Asia,72.96619252848626
G006689,1,South Asia,86.65369996092537
G006690,1,South Asia,71.6076498894872
G006691,1,South Asia,86.3116266759336
G006692,1,South Asia,74.50354857980302
G006693,1,South Asia,83.49803202843667
G006694,1,South Asia,74.36174728667737
G006695,1,South Asia,69.58011091643571
G006696,1,South Asia,74.2877806300521
G006697,1,South Asia,72.81238582569361
G006698,1,South Asia,72.53271382110046
G006699,1,South Asia,83.08332702237368
G006700,1,South Asia,74.52135294115543
G006701,1,South Asia,84.24052915209353
G006702,1,South Asia,0.0
G006703,1,South Asia,68.95046184295416
G006704,1,South Asia,73.58773157130408
G006705,1,South Asia,82.77209738051891
G006706,1,South Asia,72.16227648061513
G006707,1,South Asia,72.81055003243505
G006708,1,South Asia,73.48616705574864
G006709,1,South Asia,73.1285808314067
G006710,1,South Asia,86.96763727819919
G006711,1,South Asia,75.21319761675596
G006712,1,South Asia,72.94706237630952
G006713,1,South Asia,78.55025667615641
G006714,1,South Asia,72.7841127181053
G006715,1,South Asia,58.18770850932597
G006716,1,South Asia,73.35431304936698
G006717,1,South Asia,0.0
G006718,1,South Asia,74.81680674383044
G006719,1,South Asia,75.03235838997364
G006720,1,South Asia,72.58602255916597
G006721,1,South Asia,76.70726529147498
G006722,1,South Asia,90.49546313151536
G006723,1,South Asia,70.68654434859752
G006724,1,South Asia,0.0
G006725,1,South Asia,72.56865923892187
G006726,1,South Asia,76.93064162433149
G006727,1,South Asia,76.62982981649041
G006728,1,South Asia,81.27644108700753
G006729,1,South Asia,72.57619939346746
G006730,1,South Asia,82.81567417794466
G006731,1,South Asia,75.45164697289286
G006732,1,South Asia,73.72588073337077
G006733,1,South Asia,91.96708344307204
G006734,1,South Asia,72.04880904555321
G006735,1,South Asia,73.91189640353755
G006736,1,South Asia,73.00548231929541
G006737,1,South Asia,76.30067623370887
G006738,1,South Asia,67.53019435615431
G006739,1,South Asia,82.49859183487297
G006740,1,South Asia,72.95961510914564
G006741,1,South Asia,72.88126169679742
G006742,1,South Asia,73.03331098097563
G006743,1,South Asia,76.74046092112408
G006744,1,South Asia,69.49008828127384
G006745,1,South Asia,73.85320056492091
G006746,1,South Asia,70.06568732839823
G006747,1,South Asia,76.0980891592763
G006748,1,South Asia,70.34371362577603
G006749,1,South Asia,74.32947785645723
G006750,1,South Asia,73.65237241853909
G006751,1,South Asia,70.36368341665556
G006752,1,South Asia,72.81814047515392
G006753,1,South Asia,71.72761912560462
G006754,1,South Asia,77.45213322376301
G006755,1,South Asia,75.57561567008496
G006756,1,South Asia,72.46166639770072
G006757,1,South Asia,79.39632986718415
G006758,1,South Asia,71.96703938823939
G006759,1,South Asia,76.36230259822536
G006760,1,South Asia,71.57366226425768
G006761,1,South Asia,83.91489569968708
G006762,1,South Asia,0.0
G006763,1,South Asia,75.4822812244296
G006764,1,South Asia,73.61480420607329
G006765,1,South Asia,0.0
G006766,1,South Asia,76.17648265923876
G006767,1,South Asia,74.63913445775616
G006768,1,South Asia,70.92028580093384
G006769,1,South Asia,73.28216088110209
G006770,1,South Asia,73.11988145321607
G006771,1,South Asia,74.5453082652092
G006772,1,South Asia,75.36030957168342
G006773,1,South Asia,75.11897203232935
G006774,1,South Asia,74.36425651457725
G006775,1,South Asia,56.83741083943844
G006776,1,South Asia,74.3087616640149
G006777,1,South Asia,74.3063333824277
G006778,1,South Asia,74.33029073476791
G006779,1,South Asia,74.68518525564672
G006780,1,South Asia,80.1756457620859
G006781,1,South Asia,0.0
G006782,1,South Asia,75.07411647145675
G006783,1,South Asia,76.33696322244406
G006784,1,South Asia,71.89776380985975
G006785,1,South Asia,72.33636825841666
G006786,1,South Asia,83.1501992958766
G006787,1,South Asia,72.14516143488883
G006788,1,South Asia,75.3985586231947
G006789,1,South Asia,80.69822710043735
G006790,1,South Asia,83.45235964076176
G006791,1,South Asia,71.67382555955649
G006792,1,South Asia,82.3643975609541
G006793,1,South Asia,72.94944260919094
G006794,1,South Asia,67.34740525221825
G006795,1,South Asia,72.61947073751689
G006796,1,South Asia,74.39025256127118
G006797,1,South Asia,76.32498487778413
G006798,1,South Asia,66.14084455454349
G006799,1,South Asia,72.85060185165659
G006800,1,South Asia,73.52449897956849
G006801,1,South Asia,74.5934472040534
G006802,1,South Asia,73.7041094319676
G006803,1,South Asia,74.49386591887475
G006804,1,South Asia,72.56957108578538
G006805,1,South Asia,76.14990510839223
G006806,1,South Asia,72.01861465900956
G006807,1,South Asia,84.4896692731534
G006808,1,South Asia,74.65694289003358
G006809,1,South Asia,90.92417902979254
G006810,1,South Asia,90.93678745349972
G006811,1,South Asia,60.59475073766709
G006812,1,South Asia,73.16850936674327
G006813,1,South Asia,76.81073497191072
G006814,1,South Asia,70.36018819540739
G006815,1,South Asia,71.40693346107005
G006816,1,South Asia,73.20296126760317
G006817,1,South Asia,72.32823338228465
G006818,1,South Asia,75.82175227814913
G006819,1,South Asia,64.62890560543536
G006820,1,South Asia,74.82381091025833
G006821,1,South Asia,71.2351230855575
G006822,1,South Asia,86.05136004423373
G006823,1,South Asia,84.77137940772103
G006824,1,South Asia,77.29222364345193
G006825,1,South Asia,79.72306036867336
G006826,1,South Asia,75.05224485069513
G006827,1,South Asia,82.05226909523118
G006828,1,South Asia,91.07495608869468
G006829,1,South Asia,69.60961420117366
G006830,1,South Asia,84.22957245457172
G006831,1,South Asia,77.1779492533058
G006832,1,South Asia,90.71574175966147
G006833,1,South Asia,73.44872315983699
G006834,1,South Asia,75.19454643868858
G006835,1,South Asia,66.07711632812024
G006836,1,South Asia,70.92754456103751
G006837,1,South Asia,81.59392828208209
G006838,1,South Asia,74.2539938030839
G006839,1,South Asia,82.93779260668158
G006840,1,South Asia,75.39215002799034
G006841,1,South Asia,74.53461488696301
G006842,1,South Asia,71.94669917881488
G006843,1,South Asia,75.52054093867541
G006844,1,South Asia,85.63349641881567
G006845,1,South Asia,75.98757808226347
G006846,1,South Asia,75.35291744144756
G006847,1,South Asia,90.64815664151989
G006848,1,South Asia,84.86867415660619
G006849,1,South Asia,76.8310002899766
G006850,1,South Asia,73.47614342712633
G006851,1,South Asia,74.46831487868951
G006852,1,South Asia,70.99415470802784
G006853,1,South Asia,78.1090396753947
G006854,1,South Asia,74.8447396327257
G006855,1,South Asia,75.55393393471836
G006856,1,South Asia,73.82599643819982
G006857,1,South Asia,71.37969085007904
G006858,1,South Asia,72.4169740203005
G006859,1,South Asia,72.33376288688183
G006860,1,South Asia,74.3163755608201
G006861,1,South Asia,85.00291939492524
G006862,1,South Asia,72.7125039702356
G006863,1,South Asia,80.69455253737803
G006864,1,South Asia,68.96674288898707
G006865,1,South Asia,75.48512906460869
G006866,1,South Asia,80.2491213040948
G006867,1,South Asia,74.93557871959337
G006868,1,South Asia,74.84406174308063
G006869,1,South Asia,74.36951781117916
G006870,1,South Asia,75.69544120019674
G006871,1,South Asia,73.51629239321501
G006872,1,South Asia,73.8608655242324
G006873,1,South Asia,87.16173345219954
G006874,1,South Asia,81.9082016264706
G006875,1,South Asia,69.66644664635801
G006876,1,South Asia,74.3706076219678
G006877,1,South Asia,75.04622563967109
G006878,1,South Asia,79.75085784057416
G006879,1,South Asia,89.02413932555913
G006880,1,South Asia,74.10228498867153
G006881,1,South Asia,80.11490570989251
G006882,1,South Asia,73.35601282602549
G006883,1,South Asia,75.93213865926862
G006884,1,South Asia,80.99686646664142
G006885,1,South Asia,74.57593157520257
G006886,1,South Asia,74.86810938012239
G006887,1,South Asia,75.02308089457858
G006888,1,South Asia,76.01999623348316
G006889,1,South Asia,75.49203176265955
G006890,1,South Asia,85.55999326436967
G006891,1,South Asia,73.70841355807853
G006892,1,South Asia,73.84547010958194
G006893,1,South Asia,73.01213084770966
G006894,1,South Asia,72.39289470906873
G006895,1,South Asia,74.2876911842534
G006896,1,South Asia,66.71863481497765
G006897,1,South Asia,68.04139865133618
G006898,1,South Asia,74.29155360597011
G006899,1,South Asia,85.36540196296572
G006900,1,South Asia,62.65945778265143
G006901,1,South Asia,72.78929005331703
G006902,1,South Asia,60.6094151288271
G006903,1,South Asia,80.50052621403066
G006904,1,South Asia,76.21380110812278
G006905,1,South Asia,69.6035723646283
G006906,1,South Asia,74.99965160098763
G006907,1,South Asia,92.47101670464873
G006908,1,South Asia,73.35763578426838
G006909,1,South Asia,82.66526513339173
G006910,1,South Asia,0.0
G006911,1,South Asia,77.14361070035534
G006912,1,South Asia,76.68445790189506
G006913,1,South Asia,73.23501786941289
G006914,1,South Asia,83.68315203663708
G006915,1,South Asia,71.06547291064263
G006916,1,South Asia,75.33568924838305
G006917,1,South Asia,75.74897489577532
G006918,1,South Asia,75.28298599653532
G006919,1,South Asia,80.91145578068495
G006920,1,South Asia,65.29287226867675
G006921,1,South Asia,69.37809169852734
G006922,1,South Asia,74.57857959616186
G006923,1,South Asia,75.27492103038954
G006924,1,South Asia,71.74287018792376
G006925,1,South Asia,73.59787605184316
G006926,1,South Asia,80.38571572142841
G006927,1,South Asia,64.38184043586254
G006928,1,South Asia,71.42921335448462
G006929,1,South Asia,81.72330908742367
G006930,1,South Asia,70.91330328953266
G006931,1,South Asia,86.93109965349959
G006932,1,South Asia,74.93732566180825
G006933,1,South Asia,71.24539080339669
G006934,1,South Asia,76.67340696001052
G006935,1,South Asia,0.0
G006936,1,South Asia,87.39426052503875
G006937,1,South Asia,74.39060022789602
G006938,1,South Asia,73.4404184089899
G006939,1,South Asia,72.34189912039042
G006940,1,South Asia,68.99165463095903
G006941,1,South Asia,71.17965570115862
G006942,1,South Asia,73.0769203837514
G006943,1,South Asia,73.66385995072126
G006944,1,South Asia,71.14409628921747
G006945,1,South Asia,81.93674517279862
G006946,1,South Asia,71.26433631215131
G006947,1,South Asia,72.72874939732841
G006948,1,South Asia,69.37305900555849
G006949,1,South Asia,76.58620630615948
G006950,1,South Asia,68.4231482595115
G006951,1,South Asia,75.46732672804593
G006952,1,South Asia,83.23447031080723
G006953,1,South Asia,71.5233690191435
G006954,1,South Asia,0.0
G006955,1,South Asia,66.71736489670023
G006956,1,South Asia,73.48536508767532
G006957,1,South Asia,75.6010113619566
G006958,1,South Asia,73.49708235459255
G006959,1,South Asia,73.67941760015488
G006960,1,South Asia,70.25579414795205
G006961,1,South Asia,83.54140282979608
G006962,1,South Asia,71.14958453512192
G006963,1,South Asia,73.74474471980334
G006964,1,South Asia,90.08779642837517
G006965,1,South Asia,72.75519400495111
G006966,1,South Asia,72.53518486374617
G006967,1,South Asia,81.50432924219875
G006968,1,South Asia,75.26925379925966
G006969,1,South Asia,75.0366380911842
G006970,1,South Asia,88.37532101881504
G006971,1,South Asia,74.60750971627236
G006972,1,South Asia,72.87729910065008
G006973,1,South Asia,64.759880361557
G006974,1,South Asia,83.07736483615636
G006975,1,South Asia,79.66074357181789
G006976,1,South Asia,73.12146196623101
G006977,1,South Asia,73.63775386045558
G006978,1,South Asia,75.81812150147557
G006979,1,South Asia,60.39817723524571
G006980,1,South Asia,75.918880733788
G006981,1,South Asia,76.59219451858104
G006982,1,South Asia,62.840109616696836
G006983,1,South Asia,69.47006642586896
G006984,1,South Asia,68.57174677723647
G006985,1,South Asia,75.2094153365827
G006986,1,South Asia,86.6733799310435
G006987,1,South Asia,76.01141099383794
G006988,1,South Asia,90.75686517912149
G006989,1,South Asia,74.67453118050098
G006990,1,South Asia,80.48514538937445
G006991,1,South Asia,70.35529463511706
G006992,1,South Asia,76.60834420229494
G006993,1,South Asia,74.4985672979951
G006994,1,South Asia,73.33173711208232
G006995,1,South Asia,75.20494996943437
G006996,1,South Asia,72.0325054841439
G006997,1,South Asia,71.89430275839568
G006998,1,South Asia,83.17440275529027
G006999,1,South Asia,0.0
G007000,1,South Asia,74.86168167823553
G007001,1,South Asia,74.30759643763305
G007002,1,South Asia,72.88530367833376
G007003,1,South Asia,72.902868103683
G007004,1,South Asia,82.17107165670396
G007005,1,South Asia,76.73216575759649
G007006,1,South Asia,73.24576837027072
G007007,1,South Asia,73.59567163711786
G007008,1,South Asia,72.31121032381058
G007009,1,South Asia,73.25396212975906
G007010,1,South Asia,69.26289974725248
G007011,1,South Asia,76.49560174696892
G007012,1,South Asia,72.99781932651815
G007013,1,South Asia,76.04149599266053
G007014,1,South Asia,73.96765315145254
G007015,1,South Asia,85.2404785010801
G007016,1,South Asia,87.4800534115199
G007017,1,South Asia,60.24601290476323
G007018,1,South Asia,72.33064037895203
G007019,1,South Asia,69.80915205019713
G007020,1,South Asia,74.65446228886373
G007021,1,South Asia,0.0
G007022,1,South Asia,77.78606081211568
G007023,1,South Asia,72.36819690098365
G007024,1,South Asia,74.45362607265874
G007025,1,South Asia,73.80829004317522
G007026,1,South Asia,74.35348161917925
G007027,1,South Asia,84.08480196951014
G007028,1,South Asia,77.56373946517706
G007029,1,South Asia,82.21361763596535
G007030,1,South Asia,77.97175568488241
G007031,1,South Asia,71.83548289439355
G007032,1,South Asia,75.92211779614742
G007033,1,South Asia,73.92189429179827
G007034,1,South Asia,88.04085487289727
G007035,1,South Asia,76.13086669674516
G007036,1,South Asia,84.90055605701967
G007037,1,South Asia,73.85144985531134
G007038,1,South Asia,81.63318356066942
G007039,1,South Asia,76.41014694082195
G007040,1,South Asia,85.4737681016651
G007041,1,South Asia,72.92768179482222
G007042,1,South Asia,72.37029385250807
G007043,1,South Asia,74.00447566854955
G007044,1,South Asia,64.12838225984572
G007045,1,South Asia,78.21518478744906
G007046,1,South Asia,83.02385978192993
G007047,1,South Asia,81.18475833046436
G007048,1,South Asia,66.82147052913903
G007049,1,South Asia,72.84349024084212
G007050,1,South Asia,75.87911845094507
G007051,1,South Asia,68.39997418573589
G007052,1,South Asia,81.61213315618491
G007053,1,South Asia,72.6596205393347
G007054,1,South Asia,0.0
G007055,1,South Asia,75.99599224156141
G007056,1,South Asia,75.06502923655509
G007057,1,South Asia,85.02949831042326
G007058,1,South Asia,65.79296002960206
G007059,1,South Asia,76.87840914431214
G007060,1,South Asia,74.73048014705469
G007061,1,South Asia,91.234436966151
G007062,1,South Asia,75.12644463092089
G007063,1,South Asia,71.48438331419229
G007064,1,South Asia,71.65913347340442
G007065,1,South Asia,75.03840141749382
G007066,1,South Asia,80.97479370662299
G007067,1,South Asia,74.23204756462574
G007068,1,South Asia,74.93092360424272
G007069,1,South Asia,70.66260161849856
G007070,1,South Asia,73.20346850073336
G007071,1,South Asia,82.7023640849202
G007072,1,South Asia,74.96767624175187
G007073,1,South Asia,73.16047343674393
G007074,1,South Asia,71.52680645035795
G007075,1,South Asia,0.0
G007076,1,South Asia,72.62356358039379
G007077,1,South Asia,72.35631458924033
G007078,1,South Asia,74.47755707034017
G007079,1,South Asia,74.15980190359463
G007080,1,South Asia,75.86077094596625
G007081,1,South Asia,74.86607215714454
G007082,1,South Asia,81.74952383666145
G007083,1,South Asia,73.4904846253395
G007084,1,South Asia,73.52549561816454
G007085,1,South Asia,70.72681112915278
G007086,1,South Asia,72.63669505107403
G007087,1,South Asia,74.6923538907414
G007088,1,South Asia,82.6012770421505
G007089,1,South Asia,75.41787199866772
G007090,1,South Asia,75.71767340329288
G007091,1,South Asia,74.51796507555247
G007092,1,South Asia,74.4412941646576
G007093,1,South Asia,75.11463380228389
G007094,1,South Asia,69.75930861216784
G007095,1,South Asia,68.23206468575471
G007096,1,South Asia,75.6376196129304
G007097,1,South Asia,73.3609577922821
G007098,1,South Asia,76.34513117909432
G007099,1,South Asia,75.00107533788682
G007100,1,South Asia,74.51902504653734
G007101,1,South Asia,52.550000213146205
G007102,1,South Asia,76.9349005318284
G007103,1,South Asia,75.50736635363103
G007104,1,South Asia,71.91317624467611
G007105,1,South Asia,0.0
G007106,1,South Asia,75.65142316007162
G007107,1,South Asia,79.31038178258142
G007108,1,South Asia,72.58188003550335
G007109,1,South Asia,74.40164257264138
G007110,1,South Asia,74.64245338726045
G007111,1,South Asia,81.81886312343856
G007112,1,South Asia,90.12813510908366
G007113,1,South Asia,72.18215547758341
G007114,1,South Asia,77.139330823645
G007115,1,South Asia,76.01139771527052
G007116,1,South Asia,74.16352974504233
G007117,1,South Asia,83.74081299760847
G007118,1,South Asia,83.12145903486014
G007119,1,South Asia,68.71138231319189
G007120,1,South Asia,77.85365042359629
G007121,1,South Asia,0.0
G007122,1,South Asia,84.85674568408729
G007123,1,South Asia,73.1012951279662
G007124,1,South Asia,75.27520441454651
G007125,1,South Asia,76.1050075325117
G007126,1,South Asia,73.31194068782438
G007127,1,South Asia,71.9095120139122
G007128,1,South Asia,70.64024189808966
G007129,1,South Asia,69.38153488039971
G007130,1,South Asia,82.44972460591794
G007131,1,South Asia,72.32166159762036
G007132,1,South Asia,73.06234877359867
G007133,1,South Asia,75.77384830503571
G007134,1,South Asia,81.99313243590521
G007135,1,South Asia,89.5860440222323
G007136,1,South Asia,73.81872955990741
G007137,1,South Asia,72.3678410231173
G007138,1,South Asia,75.39832793986798
G007139,1,South Asia,75.4682722821597
G007140,1,South Asia,71.5592288709879
G007141,1,South Asia,73.54142303844023
G007142,1,South Asia,72.50361607795955
G007143,1,South Asia,73.9485176615715
G007144,1,South Asia,74.9058723666668
G007145,1,South Asia,74.91559485822916
G007146,1,South Asia,71.63421038323641
G007147,1,South Asia,74.82057565960108
G007148,1,South Asia,74.10330257456592
G007149,1,South Asia,88.7391787365264
G007150,1,South Asia,73.67150597524643
G007151,1,South Asia,91.11410726193384
G007152,1,South Asia,80.1200764349103
G007153,1,South Asia,82.38464853668033
G007154,1,South Asia,75.46782392513751
G007155,1,South Asia,74.96610935994981
G007156,1,South Asia,75.97398629045486
G007157,1,South Asia,77.44982760119439
G007158,1,South Asia,72.86086213201285
G007159,1,South Asia,66.73458794134855
G007160,1,South Asia,84.3203718782302
G007161,1,South Asia,73.018628298568
G007162,1,South Asia,82.76829136567586
G007163,1,South Asia,87.7926522167176
G007164,1,South Asia,69.73001093349855
G007165,1,South Asia,82.6540109245181
G007166,1,South Asia,89.71059713380626
G007167,1,South Asia,75.20909916626323
G007168,1,South Asia,68.0889611195922
G007169,1,South Asia,76.19946837216615
G007170,1,South Asia,74.22874765543143
G007171,1,South Asia,81.33471022546291
G007172,1,South Asia,83.42979635388245
G007173,1,South Asia,82.0668679143642
G007174,1,South Asia,82.35687342082731
G007175,1,South Asia,73.83321648794593
G007176,1,South Asia,68.75957605541294
G007177,1,South Asia,70.85088235288679
G007178,1,South Asia,77.08252420976758
G007179,1,South Asia,0.0
G007180,1,South Asia,65.08783235806226
G007181,1,South Asia,73.37632368189098
G007182,1,South Asia,80.50685328265934
G007183,1,South Asia,73.47231629699469
G007184,1,South Asia,0.0
G007185,1,South Asia,82.68175151973962
G007186,1,South Asia,82.20723988473415
G007187,1,South Asia,76.48616279315407
G007188,1,South Asia,71.81629040664434
G007189,1,South Asia,67.40707328546047
G007190,1,South Asia,78.11675727112636
G007191,1,South Asia,78.28181056529283
G007192,1,South Asia,70.15182876813412
G007193,1,South Asia,66.93494093716144
G007194,1,South Asia,72.46498523032665
G007195,1,South Asia,75.93472806483507
G007196,1,South Asia,73.9312242550254
G007197,1,South Asia,74.26477731364966
G007198,1,South Asia,74.30441691315174
G007199,1,South Asia,75.46629458367103
G007200,1,South Asia,76.1178477039337
G007201,1,South Asia,81.34867418718339
G007202,1,South Asia,75.30912884157897
G007203,1,South Asia,81.767185338974
G007204,1,South Asia,73.63003775280714
G007205,1,South Asia,76.40748464269936
G007206,1,South Asia,76.75448187323863
G007207,1,South Asia,81.88145781978966
G007208,1,South Asia,82.36221983723931
G007209,1,South Asia,71.33144867467881
G007210,1,South Asia,71.45742274164792
G007211,1,South Asia,55.7435428673029
G007212,1,South Asia,73.22318771461285
G007213,1,South Asia,81.57797101077438
G007214,1,South Asia,73.89430227988959
G007215,1,South Asia,68.81359980228542
G007216,1,South Asia,70.17845272075948
G007217,1,South Asia,77.3503113617301
G007218,1,South Asia,71.35460277991764
G007219,1,South Asia,76.02394433926635
G007220,1,South Asia,75.62248985472321
G007221,1,South Asia,75.03184522897006
G007222,1,South Asia,77.51685551777483
G007223,1,South Asia,85.13261725960356
G007224,1,South Asia,86.18685925673084
G007225,1,South Asia,69.45794471919537
G007226,1,South Asia,74.46144578587106
G007227,1,South Asia,70.46929070248027
G007228,1,South Asia,72.5568660923694
G007229,1,South Asia,72.62875415119801
G007230,1,South Asia,88.3535290137954
G007231,1,South Asia,86.62846898770333
G007232,1,South Asia,72.72053932791948
G007233,1,South Asia,82.9128055710088
G007234,1,South Asia,74.85793123865128
G007235,1,South Asia,75.28680562431072
G007236,1,South Asia,72.24747888155777
G007237,1,South Asia,72.28941954851152
G007238,1,South Asia,75.56824943864164
G007239,1,South Asia,73.41894434661758
G007240,1,South Asia,72.60810007712516
G007241,1,South Asia,91.51687887607515
G007242,1,South Asia,69.53434480255842
G007243,1,South Asia,85.02631775948676
G007244,1,South Asia,76.31895311498641
G007245,1,South Asia,74.15775505104028
G007246,1,South Asia,75.53733036479355
G007247,1,South Asia,69.25526565691558
G007248,1,South Asia,73.20561872595549
G007249,1,South Asia,82.95338285976649
G007250,1,South Asia,70.21286246686994
G007251,1,South Asia,75.50852791488171
G007252,1,South Asia,72.54692848345637
G007253,1,South Asia,70.05993845895927
G007254,1,South Asia,87.0238725802054
G007255,1,South Asia,82.00050176217881
G007256,1,South Asia,72.1297740715742
G007257,1,South Asia,74.99066055807471
G007258,1,South Asia,71.5747343030319
G007259,1,South Asia,76.04196684893965
G007260,1,South Asia,81.94285747739401
G007261,1,South Asia,0.0
G007262,1,South Asia,71.67459284942078
G007263,1,South Asia,76.97595158052445
G007264,1,South Asia,89.91919030071797
G007265,1,South Asia,0.0
G007266,1,South Asia,82.8348822134137
G007267,1,South Asia,89.61141461374724
G007268,1,South Asia,73.26348583728075
G007269,1,South Asia,88.30455753915734
G007270,1,South Asia,83.6516456587694
G007271,1,South Asia,81.3205100418239
G007272,1,South Asia,70.78025323045254
G007273,1,South Asia,74.43599864554406
G007274,1,South Asia,87.21019346055388
G007275,1,South Asia,0.0
G007276,1,South Asia,83.00873198357225
G007277,1,South Asia,71.48837600123883
G007278,1,South Asia,76.43234247764946
G007279,1,South Asia,83.79906454263492
G007280,1,South Asia,66.8798360664664
G007281,1,South Asia,77.25610674363939
G007282,1,South Asia,82.77980349969863
G007283,1,South Asia,81.1137199486494
G007284,1,South Asia,79.98294235341115
G007285,1,South Asia,74.94498822706939
G007286,1,South Asia,74.60636839383841
G007287,1,South Asia,73.63768526810408
G007288,1,South Asia,75.44247245888458
G007289,1,South Asia,73.19555749315023
G007290,1,South Asia,72.79399825154108
G007291,1,South Asia,72.84919948518277
G007292,1,South Asia,75.12762624579668
G007293,1,South Asia,72.55275415712414
G007294,1,South Asia,67.15432885849295
G007295,1,South Asia,75.0966720688939
G007296,1,South Asia,76.47677495634466
G007297,1,South Asia,0.0
G007298,1,South Asia,73.39239368784428
G007299,1,South Asia,70.92350055890012
G007300,1,South Asia,80.14826071619987
G007301,1,South Asia,64.63582186589998
G007302,1,South Asia,76.11828654302249
G007303,1,South Asia,66.16241887295246
G007304,1,South Asia,72.50164648692535
G007305,1,South Asia,69.02943916880903
G007306,1,South Asia,70.99862846119656
G007307,1,South Asia,73.05948761131727
G007308,1,South Asia,67.83999137502909
G007309,1,South Asia,76.40549550938607
G007310,1,South Asia,71.8377639665405
G007311,1,South Asia,73.3887531222701
G007312,1,South Asia,0.0
G007313,1,South Asia,72.51550607693196
G007314,1,South Asia,74.9459624810815
G007315,1,South Asia,75.48450595462322
G007316,1,South Asia,81.4893855510354
G007317,1,South Asia,74.18409441488801
G007318,1,South Asia,65.41015473168004
G007319,1,South Asia,75.82069892232707
G007320,1,South Asia,0.0
G007321,1,South Asia,72.26503990978001
G007322,1,South Asia,72.12455020656189
G007323,1,South Asia,65.75967210233212
G007324,1,South Asia,79.10563678187131
G007325,1,South Asia,75.29770667331508
G007326,1,South Asia,75.00957267103774
G007327,1,South Asia,71.53300711840211
G007328,1,South Asia,72.21133518152708
G007329,1,South Asia,83.6004213968127
G007330,1,South Asia,66.56653880683763
G007331,1,South Asia,83.54516959588817
G007332,1,South Asia,64.28228817748843
G007333,1,South Asia,79.86199500367044
G007334,1,South Asia,77.09246461075544
G007335,1,South Asia,90.52603026299178
G007336,1,South Asia,68.81018614148009
G007337,1,South Asia,76.08445662847161
G007338,1,South Asia,84.47714851108194
G007339,1,South Asia,89.63894224312179
G007340,1,South Asia,79.00894848207092
G007341,1,South Asia,72.60861219787597
G007342,1,South Asia,76.5261043910384
G007343,1,South Asia,68.16152114486694
G007344,1,South Asia,77.19509965017438
G007345,1,South Asia,72.43538469260932
G007346,1,South Asia,87.14320832637584
G007347,1,South Asia,71.78293971300126
G007348,1,South Asia,72.77299617780339
G007349,1,South Asia,70.35859650796652
G007350,1,South Asia,75.24030375128984
G007351,1,South Asia,73.14853456116445
G007352,1,South Asia,81.33855868523952
G007353,1,South Asia,75.98996464524349
G007354,1,South Asia,75.87817216533422
G007355,1,South Asia,74.36790418046712
G007356,1,South Asia,72.21287572139502
G007357,1,South Asia,71.72407448291779
G007358,1,South Asia,74.10018679791689
G007359,1,South Asia,55.47913462388514
G007360,1,South Asia,73.24010301735997
G007361,1,South Asia,87.907174242571
G007362,1,South Asia,79.10344544237853
G007363,1,South Asia,76.45585732518722
G007364,1,South Asia,75.58642184478045
G007365,1,South Asia,67.18786602836848
G007366,1,South Asia,71.61274370527268
G007367,1,South Asia,71.57762061092347
G007368,1,South Asia,88.5859762671057
G007369,1,South Asia,72.95012778687115
G007370,1,South Asia,74.33100999993086
G007371,1,South Asia,74.72304242746533
G007372,1,South Asia,71.27974859095885
G007373,1,South Asia,73.88208618080616
G007374,1,South Asia,71.19744542424968
G007375,1,South Asia,72.16787100762129
G007376,1,South Asia,73.38919156396389
G007377,1,South Asia,77.69257984665036
G007378,1,South Asia,67.66471413171291
G007379,1,South Asia,74.30047283750774
G007380,1,South Asia,72.62165223562536
G007381,1,South Asia,73.70013359300476
G007382,1,South Asia,75.5889607654214
G007383,1,South Asia,73.43010251208327
G007384,1,South Asia,72.62362610596418
G007385,1,South Asia,82.33374206054211
G007386,1,South Asia,80.5017007213831
G007387,1,South Asia,73.95618919998408
G007388,1,South Asia,73.53112143355608
G007389,1,South Asia,89.58396867265529
G007390,1,South Asia,73.7538995527029
G007391,1,South Asia,73.54331695226466
G007392,1,South Asia,66.86545170891284
G007393,1,South Asia,85.62256199580612
G007394,1,South Asia,75.87110518144071
G007395,1,South Asia,67.34346580600739
G007396,1,South Asia,70.18780192760174
G007397,1,South Asia,74.3089760709405
G007398,1,South Asia,70.58051914018392
G007399,1,South Asia,76.65121084532142
G007400,1,South Asia,72.52991713887454
G007401,1,South Asia,72.24519707280398
G007402,1,South Asia,84.07752517998219
G007403,1,South Asia,76.05930009896828
G007404,1,South Asia,73.31839429146052
G007405,1,South Asia,74.1596705213785
G007406,1,South Asia,71.73746503382922
G007407,1,South Asia,83.0257932154744
G007408,1,South Asia,73.96920833069086
G007409,1,South Asia,73.45512315082551
G007410,1,South Asia,72.94269135603759
G007411,1,South Asia,79.80208643132448
G007412,1,South Asia,70.85757937431336
G007413,1,South Asia,0.0
G007414,1,South Asia,70.49316625505686
G007415,1,South Asia,77.31254413437843
G007416,1,South Asia,77.92299767315389
G007417,1,South Asia,72.37268286216259
G007418,1,South Asia,75.3039571171701
G007419,1,South Asia,70.27920276159048
G007420,1,South Asia,73.3798554367748
G007421,1,South Asia,70.29067112357326
G007422,1,South Asia,82.14567481237198
G007423,1,South Asia,76.41908501183987
G007424,1,South Asia,86.14888206160701
G007425,1,South Asia,73.16683306879709
G007426,1,South Asia,0.0
G007427,1,South Asia,69.4103301831809
G007428,1,South Asia,74.58807459062338
G007429,1,South Asia,74.09820309567452
G007430,1,South Asia,69.7423003310832
G007431,1,South Asia,69.88189245176856
G007432,1,South Asia,73.63394868566773
G007433,1,South Asia,86.24429657745091
G007434,1,South Asia,76.70089430451392
G007435,1,South Asia,74.61735296440125
G007436,1,South Asia,89.76882103569399
G007437,1,South Asia,81.23870852899552
G007438,1,South Asia,71.9841111759137
G007439,1,South Asia,76.4606871407628
G007440,1,South Asia,91.98165298855305
G007441,1,South Asia,88.05455101458729
G007442,1,South Asia,87.05843142068387
G007443,1,South Asia,54.30957856586124
G007444,1,South Asia,79.33332947080967
G007445,1,South Asia,73.82449833101033
G007446,1,South Asia,74.38123377412558
G007447,1,South Asia,77.92087684950233
G007448,1,South Asia,71.84271866595746
G007449,1,South Asia,79.84183073967695
G007450,1,South Asia,70.10030606549978
G007451,1,South Asia,72.81530908601754
G007452,1,South Asia,75.21698335860354
G007453,1,South Asia,80.84844369614125
G007454,1,South Asia,90.7041721484065
G007455,1,South Asia,72.63553153014183
G007456,1,South Asia,72.6265030853369
G007457,1,South Asia,72.20955319877285
G007458,1,South Asia,74.72886873932183
G007459,1,South Asia,78.17338353213668
G007460,1,South Asia,71.20338763454556
G007461,1,South Asia,85.33417587629411
G007462,1,South Asia,80.57648365479709
G007463,1,South Asia,75.74638217687608
G007464,1,South Asia,0.0
G007465,1,South Asia,74.71817127607447
G007466,1,South Asia,73.39621863812208
G007467,1,South Asia,91.45390178604424
G007468,1,South Asia,74.17475733956604
G007469,1,South Asia,69.09818017635925
G007470,1,South Asia,71.76260244217606
G007471,1,South Asia,69.44350730097294
G007472,1,South Asia,73.26574145400524
G007473,1,South Asia,70.92470552897454
G007474,1,South Asia,73.10552673864365
G007475,1,South Asia,72.05104220464374
G007476,1,South Asia,81.5099702351915
G007477,1,South Asia,68.82194420772791
G007478,1,South Asia,71.71337852783456
G007479,1,South Asia,74.3798450243473
G007480,1,South Asia,75.69790437489749
G007481,1,South Asia,76.03466230403112
G007482,1,South Asia,74.10947634923458
G007483,1,South Asia,74.35699473428727
G007484,1,South Asia,72.27999087062025
G007485,1,South Asia,74.00442816030979
G007486,1,South Asia,81.45257342537604
G007487,1,South Asia,76.8122821404934
G007488,1,South Asia,70.24861748386694
G007489,1,South Asia,83.97537492004037
G007490,1,South Asia,75.70538218677044
G007491,1,South Asia,74.28207251965999
G007492,1,South Asia,80.0682329853177
G007493,1,South Asia,0.0
G007494,1,South Asia,77.12328261126578
G007495,1,South Asia,83.14958577406408
G007496,1,South Asia,74.30683237522841
G007497,1,South Asia,75.70984466552734
G007498,1,South Asia,72.20315317537387
G007499,1,South Asia,82.90490407699347
G007500,1,South Asia,74.9125872964263
G007501,1,South Asia,72.15094924678947
G007502,1,South Asia,0.0
G007503,1,South Asia,75.34136394542456
G007504,1,South Asia,83.56958508493413
G007505,1,South Asia,68.08802721714973
G007506,1,South Asia,72.18851930814981
G007507,1,South Asia,74.51999745633114
G007508,1,South Asia,72.74583503972761
G007509,1,South Asia,69.89232152826315
G007510,1,South Asia,74.86232551842927
G007511,1,South Asia,57.10515495681763
G007512,1,South Asia,76.81525961713493
G007513,1,South Asia,72.55680870586633
G007514,1,South Asia,80.44266908782721
G007515,1,South Asia,0.0
G007516,1,South Asia,74.7274495318532
G007517,1,South Asia,71.5201614086628
G007518,1,South Asia,81.6701869608525
G007519,1,South Asia,73.87145815193654
G007520,1,South Asia,67.1456348469185
G007521,1,South Asia,76.22484684178323
G007522,1,South Asia,75.74907549773022
G007523,1,South Asia,88.20034681068587
G007524,1,South Asia,75.96225144105968
G007525,1,South Asia,0.0
G007526,1,South Asia,72.72892386001348
G007527,1,South Asia,75.76019882076979
G007528,1,South Asia,0.0
G007529,1,South Asia,83.45039910756819
G007530,1,South Asia,73.6813295633793
G007531,1,South Asia,68.42828123408556
G007532,1,South Asia,75.63074211013317
G007533,1,South Asia,75.21673662291693
G007534,1,South Asia,83.87488882477444
G007535,1,South Asia,74.82112228754615
G007536,1,South Asia,71.01588169527055
G007537,1,South Asia,85.70892170769608
G007538,1,South Asia,62.79584382045269
G007539,1,South Asia,55.580735071063046
G007540,1,South Asia,67.72551966857911
G007541,1,South Asia,65.1911637723807
G007542,1,South Asia,73.90841781806947
G007543,1,South Asia,73.82140440827607
G007544,1,South Asia,83.31816931170226
G007545,1,South Asia,82.50712386680372
G007546,1,South Asia,74.61123466980457
G007547,1,South Asia,68.02614719963074
G007548,1,South Asia,74.81263798704744
G007549,1,South Asia,64.50811421215535
G007550,1,South Asia,72.67694676083327
G007551,1,South Asia,81.7737620590853
G007552,1,South Asia,75.18055072021484
G007553,1,South Asia,74.90492538356783
G007554,1,South Asia,75.18026414492726
G007555,1,South Asia,69.56487316435576
G007556,1,South Asia,76.85874331623316
G007557,1,South Asia,88.72299752249772
G007558,1,South Asia,67.80144579056537
G007559,1,South Asia,72.10025582236051
G007560,1,South Asia,0.0
G007561,1,South Asia,76.4119566129446
G007562,1,South Asia,84.476669565777
G007563,1,South Asia,84.22118682556442
G007564,1,South Asia,83.75764836677277
G007565,1,South Asia,75.28625247014314
G007566,1,South Asia,69.20193603872531
G007567,1,South Asia,67.6763366086483
G007568,1,South Asia,81.68081642335653
G007569,1,South Asia,71.7723049375433
G007570,1,South Asia,74.48004812361796
G007571,1,South Asia,76.19799253816903
G007572,1,South Asia,80.88354403215648
G007573,1,South Asia,73.18679991857707
G007574,1,South Asia,73.56669482685581
G007575,1,South Asia,75.6806080162507
G007576,1,South Asia,75.01969089275597
G007577,1,South Asia,75.05116739857198
G007578,1,South Asia,83.05419108424765
G007579,1,South Asia,67.7844036078453
G007580,1,South Asia,75.22214722166639
G007581,1,South Asia,73.5699025682807
G007582,1,South Asia,75.95757525628805
G007583,1,South Asia,73.63345688245514
G007584,1,South Asia,72.35670426028967
G007585,1,South Asia,74.40120075255632
G007586,1,South Asia,74.53723806613684
G007587,1,South Asia,76.17445841154456
G007588,1,South Asia,86.25375215867163
G007589,1,South Asia,73.36406631788611
G007590,1,South Asia,73.51327226725492
G007591,1,South Asia,72.53618011063338
G007592,1,South Asia,70.13515534158367
G007593,1,South Asia,69.05659279942513
G007594,1,South Asia,72.23472242631875
G007595,1,South Asia,74.69957582622767
G007596,1,South Asia,83.8759598319404
G007597,1,South Asia,70.13750838655594
G007598,1,South Asia,75.23679801106454
G007599,1,South Asia,70.02331424450874
G007600,1,South Asia,71.91336513703881
G007601,1,South Asia,81.80388860774039
G007602,1,South Asia,84.06159415108507
G007603,1,South Asia,88.29534784966707
G007604,1,South Asia,89.47241405557097
G007605,1,South Asia,76.57353883685667
G007606,1,South Asia,90.06895525026322
G007607,1,South Asia,71.78788749873638
G007608,1,South Asia,75.01446653154493
G007609,1,South Asia,74.07843496292085
G007610,1,South Asia,69.18696441430576
G007611,1,South Asia,73.11413043230772
G007612,1,South Asia,72.60149729013442
G007613,1,South Asia,76.05403332567215
G007614,1,South Asia,90.13083706623677
G007615,1,South Asia,76.3804489243166
G007616,1,South Asia,74.14659326648713
G007617,1,South Asia,75.67817054705908
G007618,1,South Asia,74.05606400233506
G007619,1,South Asia,72.54557292669108
G007620,1,South Asia,75.31128541597994
G007621,1,South Asia,71.02558734124898
G007622,1,South Asia,73.37412527030706
G007623,1,South Asia,74.79929252599136
G007624,1,South Asia,71.38656232190674
G007625,1,South Asia,69.15466125494241
G007626,1,South Asia,72.20594027851027
G007627,1,South Asia,76.80008624869585
G007628,1,South Asia,74.90756426018477
G007629,1,South Asia,65.84893456435204
G007630,1,South Asia,76.49653416773677
G007631,1,South Asia,80.91488365161419
G007632,1,South Asia,65.34942834079266
G007633,1,South Asia,74.82436250644923
G007634,1,South Asia,70.45274167329073
G007635,1,South Asia,69.91587431913614
G007636,1,South Asia,75.35047043967246
G007637,1,South Asia,73.49912944418192
G007638,1,South Asia,75.7068703857046
G007639,1,South Asia,73.8330600950465
G007640,1,South Asia,72.18763046729565
G007641,1,South Asia,70.64017775714397
G007642,1,South Asia,72.24221680693194
G007643,1,South Asia,70.5508026585579
G007644,1,South Asia,75.76861346498131
G007645,1,South Asia,75.04849955826998
G007646,1,South Asia,72.49348102878078
G007647,1,South Asia,57.175822117805474
G007648,1,South Asia,72.97567383483864
G007649,1,South Asia,74.62251328787659
G007650,1,South Asia,76.07061685190779
G007651,1,South Asia,59.39681992661953
G007652,1,South Asia,74.42574277108909
G007653,1,South Asia,71.17889575326443
G007654,1,South Asia,71.27041883958469
G007655,1,South Asia,72.18749174904823
G007656,1,South Asia,70.91315577602386
G007657,1,South Asia,76.5562296780944
G007658,1,South Asia,73.86673849290611
G007659,1,South Asia,69.81381989604233
G007660,1,South Asia,82.00319651804548
G007661,1,South Asia,72.9600870770216
G007662,1,South Asia,74.27575161075592
G007663,1,South Asia,75.55653346125783
G007664,1,South Asia,74.81079262292386
G007665,1,South Asia,81.8882159190774
G007666,1,South Asia,66.67692015558481
G007667,1,South Asia,74.0365123127699
G007668,1,South Asia,72.72425515758088
G007669,1,South Asia,75.02783161803718
G007670,1,South Asia,73.2603052585125
G007671,1,South Asia,83.96433685963622
G007672,1,South Asia,73.3111303370595
G007673,1,South Asia,75.13614385777711
G007674,1,South Asia,82.65213835535266
G007675,1,South Asia,65.64601894381643
G007676,1,South Asia,89.27145872785873
G007677,1,South Asia,74.34701322464508
G007678,1,South Asia,71.63373182795941
G007679,1,South Asia,74.76174681442976
G007680,1,South Asia,84.52763540838252
G007681,1,South Asia,72.64849908843907
G007682,1,South Asia,87.90074888698757
G007683,1,South Asia,74.98538662298881
G007684,1,South Asia,74.17263933603871
G007685,1,South Asia,65.84680099451542
G007686,1,South Asia,73.60072439175845
G007687,1,South Asia,69.77798463217779
G007688,1,South Asia,73.79567493230105
G007689,1,South Asia,75.87236815488339
G007690,1,South Asia,77.53174654757977
G007691,1,South Asia,72.91161499406172
G007692,1,South Asia,72.3603711322546
G007693,1,South Asia,76.40548709664924
G007694,1,South Asia,73.27227853345872
G007695,1,South Asia,0.0
G007696,1,South Asia,75.44532524937392
G007697,1,South Asia,63.544993723884666
G007698,1,South Asia,71.36550557756425
G007699,1,South Asia,80.34021726691722
G007700,1,South Asia,72.82125228387119
G007701,1,South Asia,74.85766728250547
G007702,1,South Asia,74.45843761199713
G007703,1,South Asia,74.95513846328133
G007704,1,South Asia,77.08499840763213
G007705,1,South Asia,73.24728565943242
G007706,1,South Asia,71.79385348534223
G007707,1,South Asia,74.33442217996718
G007708,1,South Asia,73.85264272377165
G007709,1,South Asia,73.86331834632159
G007710,1,South Asia,0.0
G007711,1,South Asia,71.04725505059957
G007712,1,South Asia,76.08646398284398
G007713,1,South Asia,71.78169291317464
G007714,1,South Asia,91.67536229342222
G007715,1,South Asia,73.819992078046
G007716,1,South Asia,74.49654643991589
G007717,1,South Asia,75.27528983758614
G007718,1,South Asia,73.91143314719201
G007719,1,South Asia,75.89185728445649
G007720,1,South Asia,75.2035943787098
G007721,1,South Asia,71.02299853372574
G007722,1,South Asia,78.48870783644372
G007723,1,South Asia,86.92819491175992
G007724,1,South Asia,69.82380887460708
G007725,1,South Asia,76.48283040623772
G007726,1,South Asia,0.0
G007727,1,South Asia,0.0
G007728,1,South Asia,76.55584871527552
G007729,1,South Asia,74.40949517975251
G007730,1,South Asia,65.34157448691671
G007731,1,South Asia,69.41030089547236
G007732,1,South Asia,71.62430697448596
G007733,1,South Asia,71.51683150534376
G007734,1,South Asia,74.94729414409397
G007735,1,South Asia,72.44298129978144
G007736,1,South Asia,72.54116466635465
G007737,1,South Asia,72.92031554458268
G007738,1,South Asia,85.79374235770875
G007739,1,South Asia,82.74840467229487
G007740,1,South Asia,75.57741683091267
G007741,1,South Asia,73.15953662085533
G007742,1,South Asia,73.9411152181788
G007743,1,Southeast Asia,71.29161130315065
G007744,1,Southeast Asia,0.0
G007745,1,Southeast Asia,74.83097000800075
G007746,1,Southeast Asia,61.395759527921676
G007747,1,Southeast Asia,74.52271344837818
G007748,1,Southeast Asia,70.95660374296074
G007749,1,Southeast Asia,68.10882089877128
G007750,1,Southeast Asia,64.54047299563884
G007751,1,Southeast Asia,70.29055988538265
G007752,1,Southeast Asia,61.81201172486218
G007753,1,Southeast Asia,68.14777114093845
G007754,1,Southeast Asia,68.6106750157331
G007755,1,Southeast Asia,67.54671481841802
G007756,1,Southeast Asia,66.33778192269801
G007757,1,Southeast Asia,68.80264301391263
G007758,1,Southeast Asia,75.24183457046747
G007759,1,Southeast Asia,73.70789632325283
G007760,1,Southeast Asia,66.80991049542932
G007761,1,Southeast Asia,72.09519431108237
G007762,1,Southeast Asia,68.6636232789538
G007763,1,Southeast Asia,72.01516484379769
G007764,1,Southeast Asia,71.76572480040788
G007765,1,Southeast Asia,68.4935673788786
G007766,1,Southeast Asia,61.982892096757894
G007767,1,Southeast Asia,79.43131491726638
G007768,1,Southeast Asia,66.56898570668697
G007769,1,Southeast Asia,75.10631815521013
G007770,1,Southeast Asia,71.24705570968895
G007771,1,Southeast Asia,76.28948675332094
G007772,1,Southeast Asia,74.53926538190697
G007773,1,Southeast Asia,78.03731360942126
G007774,1,Southeast Asia,66.957828307271
G007775,1,Southeast Asia,59.86138501921568
G007776,1,Southeast Asia,76.2746279349887
G007777,1,Southeast Asia,79.76013717063721
G007778,1,Southeast Asia,71.33856804436446
G007779,1,Southeast Asia,70.24045267289878
G007780,1,Southeast Asia,68.3829117103815
G007781,1,Southeast Asia,71.71030528986454
G007782,1,Southeast Asia,70.44640397191047
G007783,1,Southeast Asia,70.46572265334744
G007784,1,Southeast Asia,69.61353019785882
G007785,1,Southeast Asia,67.30694984745618
G007786,1,Southeast Asia,78.82202967166901
G007787,1,Southeast Asia,60.413339763919524
G007788,1,Southeast Asia,68.3095712010499
G007789,1,Southeast Asia,76.24571462014768
G007790,1,Southeast Asia,70.59482021257914
G007791,1,Southeast Asia,67.6957174617052
G007792,1,Southeast Asia,77.51416470330051
G007793,1,Southeast Asia,68.29064404814712
G007794,1,Southeast Asia,78.94779535275698
G007795,1,Southeast Asia,64.64748847079277
G007796,1,Southeast Asia,60.411879097700115
G007797,1,Southeast Asia,68.32145915767279
G007798,1,Southeast Asia,81.90916407912971
G007799,1,Southeast Asia,70.26644411236227
G007800,1,Southeast Asia,72.29889799164823
G007801,1,Southeast Asia,78.2348319543004
G007802,1,Southeast Asia,53.9897835855484
G007803,1,Southeast Asia,70.04238067679107
G007804,1,Southeast Asia,71.09718117195368
G007805,1,Southeast Asia,69.9170149428718
G007806,1,Southeast Asia,69.46032939367944
G007807,1,Southeast Asia,69.23969221687317
G007808,1,Southeast Asia,70.00316516117707
G007809,1,Southeast Asia,69.58135261233107
G007810,1,Southeast Asia,70.57627954910154
G007811,1,Southeast Asia,69.70155133650519
G007812,1,Southeast Asia,0.0
G007813,1,Southeast Asia,58.64810216188431
G007814,1,Southeast Asia,66.85720142421938
G007815,1,Southeast Asia,0.0
G007816,1,Southeast Asia,71.28765269160542
G007817,1,Southeast Asia,66.66358673475368
G007818,1,Southeast Asia,72.4946928322225
G007819,1,Southeast Asia,79.0840199328214
G007820,1,Southeast Asia,57.785553014755244
G007821,1,Southeast Asia,63.76220289480686
G007822,1,Southeast Asia,74.36159466830891
G007823,1,Southeast Asia,71.63484190114701
G007824,1,Southeast Asia,63.97556684911251
G007825,1,Southeast Asia,67.86119918203354
G007826,1,Southeast Asia,71.8667881646626
G007827,1,Southeast Asia,77.40290281096101
G007828,1,Southeast Asia,67.57483524265434
G007829,1,Southeast Asia,0.0
G007830,1,Southeast Asia,67.14234941326308
G007831,1,Southeast Asia,64.13189066314699
G007832,1,Southeast Asia,57.58426552915573
G007833,1,Southeast Asia,70.05235242594554
G007834,1,Southeast Asia,74.73461803236604
G007835,1,Southeast Asia,0.0
G007836,1,Southeast Asia,76.0204575048685
G007837,1,Southeast Asia,67.88506297931166
G007838,1,Southeast Asia,43.18112193714489
G007839,1,Southeast Asia,70.2996390513299
G007840,1,Southeast Asia,71.00540922629833
G007841,1,Southeast Asia,53.47552950159709
G007842,1,Southeast Asia,69.83814463084937
G007843,1,Southeast Asia,76.56488731443206
G007844,1,Southeast Asia,70.60659613065647
G007845,1,Southeast Asia,70.4938917070826
G007846,1,Southeast Asia,76.94786681967975
G007847,1,Southeast Asia,73.47870509230775
G007848,1,Southeast Asia,70.51552168849787
G007849,1,Southeast Asia,67.68596423530579
G007850,1,Southeast Asia,0.0
G007851,1,Southeast Asia,60.166573391278575
G007852,1,Southeast Asia,72.6140059362799
G007853,1,Southeast Asia,69.22432665413618
G007854,1,Southeast Asia,75.63716196934384
G007855,1,Southeast Asia,75.72493387619134
G007856,1,Southeast Asia,52.40969015562534
G007857,1,Southeast Asia,75.62202493571331
G007858,1,Southeast Asia,67.8380703021288
G007859,1,Southeast Asia,76.57519886785745
G007860,1,Southeast Asia,77.75241987609863
G007861,1,Southeast Asia,59.29155485105515
G007862,1,Southeast Asia,74.54621964833953
G007863,1,Southeast Asia,70.03923320490121
G007864,1,Southeast Asia,60.219804045081126
G007865,1,Southeast Asia,71.17353981623324
G007866,1,Southeast Asia,65.78239417907685
G007867,1,Southeast Asia,71.93844958989547
G007868,1,Southeast Asia,70.73475732617216
G007869,1,Southeast Asia,67.89256447602403
G007870,1,Southeast Asia,78.3827982800007
G007871,1,Southeast Asia,70.89439037692547
G007872,1,Southeast Asia,68.15858058269232
G007873,1,Southeast Asia,72.15536595571041
G007874,1,Southeast Asia,0.0
G007875,1,Southeast Asia,70.9939701861703
G007876,1,Southeast Asia,73.2178081535697
G007877,1,Southeast Asia,73.62049831479787
G007878,1,Southeast Asia,71.47286823165507
G007879,1,Southeast Asia,70.26530475229025
G007880,1,Southeast Asia,67.62860471880616
G007881,1,Southeast Asia,73.7101119942516
G007882,1,Southeast Asia,68.62798899826859
G007883,1,Southeast Asia,71.44949335623961
G007884,1,Southeast Asia,73.19566005268692
G007885,1,Southeast Asia,66.66491766715049
G007886,1,Southeast Asia,70.03234027576447
G007887,1,Southeast Asia,69.03455994136769
G007888,1,Southeast Asia,67.52849256876743
G007889,1,Southeast Asia,65.82746671807766
G007890,1,Southeast Asia,69.60808740210534
G007891,1,Southeast Asia,71.59960627406836
G007892,1,Southeast Asia,69.64779994174837
G007893,1,Southeast Asia,67.89336113852804
G007894,1,Southeast Asia,69.09727114426909
G007895,1,Southeast Asia,70.22949512733835
G007896,1,Southeast Asia,72.65503495018591
G007897,1,Southeast Asia,70.593930233111
G007898,1,Southeast Asia,71.45826399267352
G007899,1,Southeast Asia,66.9944065521775
G007900,1,Southeast Asia,66.29443402528763
G007901,1,Southeast Asia,78.73047432523605
G007902,1,Southeast Asia,74.03783519544022
G007903,1,Southeast Asia,70.23922460367824
G007904,1,Southeast Asia,69.151661539495
G007905,1,Southeast Asia,0.0
G007906,1,Southeast Asia,70.39261952084303
G007907,1,Southeast Asia,70.75817413060096
G007908,1,Southeast Asia,69.48965948509085
G007909,1,Southeast Asia,72.65934314185381
G007910,1,Southeast Asia,64.30820363092423
G007911,1,Southeast Asia,70.996237283135
G007912,1,Southeast Asia,66.11723832333087
G007913,1,Southeast Asia,66.20228563857981
G007914,1,Southeast Asia,76.62386854079999
G007915,1,Southeast Asia,71.64702647143602
G007916,1,Southeast Asia,75.98383460730315
G007917,1,Southeast Asia,68.69917811274708
G007918,1,Southeast Asia,76.10781033137441
G007919,1,Southeast Asia,73.4848447857648
G007920,1,Southeast Asia,56.01255812454223
G007921,1,Southeast Asia,69.31445894288656
G007922,1,Southeast Asia,72.87312234324217
G007923,1,Southeast Asia,68.57323072927107
G007924,1,Southeast Asia,70.58443760275841
G007925,1,Southeast Asia,66.8582185454477
G007926,1,Southeast Asia,71.85117474909872
G007927,1,Southeast Asia,65.10203608214856
G007928,1,Southeast Asia,69.77824509513559
G007929,1,Southeast Asia,71.77379769837857
G007930,1,Southeast Asia,71.99704774051904
G007931,1,Southeast Asia,0.0
G007932,1,Southeast Asia,71.13227628469467
G007933,1,Southeast Asia,72.5464419016838
G007934,1,Southeast Asia,72.7076124985516
G007935,1,Southeast Asia,66.34028816418575
G007936,1,Southeast Asia,72.27543334555627
G007937,1,Southeast Asia,56.96139138364792
G007938,1,Southeast Asia,70.67206890541316
G007939,1,Southeast Asia,78.72754152720354
G007940,1,Southeast Asia,71.43222598367929
G007941,1,Southeast Asia,66.80670583361388
G007942,1,Southeast Asia,70.67978676142836
G007943,1,Southeast Asia,63.88393172790787
G007944,1,Southeast Asia,74.71748306834698
G007945,1,Southeast Asia,70.52885310487315
G007946,1,Southeast Asia,73.76397987115382
G007947,1,Southeast Asia,68.52175369493527
G007948,1,Southeast Asia,65.15206619560719
G007949,1,Southeast Asia,50.930252044417635
G007950,1,Southeast Asia,72.2505273693493
G007951,1,Southeast Asia,71.16765016251803
G007952,1,Southeast Asia,0.0
G007953,1,Southeast Asia,73.91924127840996
G007954,1,Southeast Asia,70.35362255338828
G007955,1,Southeast Asia,65.99236364066601
G007956,1,Southeast Asia,71.1876691993475
G007957,1,Southeast Asia,68.24555675099474
G007958,1,Southeast Asia,71.76644989991188
G007959,1,Southeast Asia,68.92322437142242
G007960,1,Southeast Asia,66.27294866836793
G007961,1,Southeast Asia,63.366957523882384
G007962,1,Southeast Asia,72.6767493600957
G007963,1,Southeast Asia,58.95298275613785
G007964,1,Southeast Asia,71.14550459556416
G007965,1,Southeast Asia,71.68478884989024
G007966,1,Southeast Asia,75.31129843091963
G007967,1,Southeast Asia,62.27806502819061
G007968,1,Southeast Asia,59.58613328516482
G007969,1,Southeast Asia,68.30049029195308
G007970,1,Southeast Asia,64.76981277342095
G007971,1,Southeast Asia,79.60134328974827
G007972,1,Southeast Asia,47.32269115402482
G007973,1,Southeast Asia,72.26689918459005
G007974,1,Southeast Asia,71.72095104035736
G007975,1,Southeast Asia,77.71256967507303
G007976,1,Southeast Asia,57.19488832109986
G007977,1,Southeast Asia,0.0
G007978,1,Southeast Asia,70.51376884174347
G007979,1,Southeast Asia,74.97704845809938
G007980,1,Southeast Asia,76.96253809874798
G007981,1,Southeast Asia,53.02526361696287
G007982,1,Southeast Asia,78.20780294841528
G007983,1,Southeast Asia,68.58588653206826
G007984,1,Southeast Asia,72.66932012051343
G007985,1,Southeast Asia,72.75454973466378
G007986,1,Southeast Asia,68.52884449648857
G007987,1,Southeast Asia,0.0
G007988,1,Southeast Asia,67.7624000900731
G007989,1,Southeast Asia,79.01246697065686
G007990,1,Southeast Asia,0.0
G007991,1,Southeast Asia,72.90476280349493
G007992,1,Southeast Asia,69.18209332442285
G007993,1,Southeast Asia,73.28263005910813
G007994,1,Southeast Asia,66.56193282161338
G007995,1,Southeast Asia,64.46982176280021
G007996,1,Southeast Asia,65.89514144955801
G007997,1,Southeast Asia,77.63666818702222
G007998,1,Southeast Asia,68.18918435198069
G007999,1,Southeast Asia,68.52245179855824
G008000,1,Southeast Asia,73.13249183013426
G008001,1,Southeast Asia,59.90254178476333
G008002,1,Southeast Asia,69.91593519433519
G008003,1,Southeast Asia,69.11940966983997
G008004,1,Southeast Asia,65.0427741701892
G008005,1,Southeast Asia,75.30989206135182
G008006,1,Southeast Asia,69.3557702330929
G008007,1,Southeast Asia,76.51714465420174
G008008,1,Southeast Asia,72.15936449846446
G008009,1,Southeast Asia,73.04941741925478
G008010,1,Southeast Asia,65.15162026731173
G008011,1,Southeast Asia,63.29208338708588
G008012,1,Southeast Asia,68.7041304346919
G008013,1,Southeast Asia,68.5819592369831
G008014,1,Southeast Asia,70.23374500326814
G008015,1,Southeast Asia,73.53041507160664
G008016,1,Southeast Asia,69.23061869692802
G008017,1,Southeast Asia,72.32248597884178
G008018,1,Southeast Asia,64.53140801477433
G008019,1,Southeast Asia,69.89408576703072
G008020,1,Southeast Asia,68.83466739785672
G008021,1,Southeast Asia,67.01824050336172
G008022,1,Southeast Asia,69.78691841980543
G008023,1,Southeast Asia,72.3917186537981
G008024,1,Southeast Asia,70.6966756850481
G008025,1,Southeast Asia,74.22791799733855
G008026,1,Southeast Asia,72.27867853634014
G008027,1,Southeast Asia,70.6640244668722
G008028,1,Southeast Asia,55.69137917697792
G008029,1,Southeast Asia,68.02058584509113
G008030,1,Southeast Asia,63.9017474449873
G008031,1,Southeast Asia,71.23427205225465
G008032,1,Southeast Asia,73.56410132141728
G008033,1,Southeast Asia,73.24274414967769
G008034,1,Southeast Asia,72.75325290200385
G008035,1,Southeast Asia,69.24160986593367
G008036,1,Southeast Asia,68.70182268667222
G008037,1,Southeast Asia,74.30463426875323
G008038,1,Southeast Asia,76.13357226389647
G008039,1,Southeast Asia,68.94661798535694
G008040,1,Southeast Asia,71.19255489706994
G008041,1,Southeast Asia,0.0
G008042,1,Southeast Asia,68.3789409174323
G008043,1,Southeast Asia,71.57974462924898
G008044,1,Southeast Asia,74.96303027842983
G008045,1,Southeast Asia,72.08413734338501
G008046,1,Southeast Asia,70.17611980440941
G008047,1,Southeast Asia,69.62097543259462
G008048,1,Southeast Asia,71.18708213472365
G008049,1,Southeast Asia,61.0553350982666
G008050,1,Southeast Asia,74.30163587866497
G008051,1,Southeast Asia,65.34073548030491
G008052,1,Southeast Asia,72.64462006226815
G008053,1,Southeast Asia,74.6188388516903
G008054,1,Southeast Asia,69.48658848525898
G008055,1,Southeast Asia,0.0
G008056,1,Southeast Asia,69.01097359985113
G008057,1,Southeast Asia,74.19110887533427
G008058,1,Southeast Asia,76.22200807376088
G008059,1,Southeast Asia,67.87362388808167
G008060,1,Southeast Asia,72.41585558620098
G008061,1,Southeast Asia,69.74087183511618
G008062,1,Southeast Asia,74.92013418841361
G008063,1,Southeast Asia,67.8770061072111
G008064,1,Southeast Asia,69.49489009594917
G008065,1,Southeast Asia,73.78463568325657
G008066,1,Southeast Asia,78.43842573012412
G008067,1,Southeast Asia,63.61458008635045
G008068,1,Southeast Asia,67.73062700825929
G008069,1,Southeast Asia,0.0
G008070,1,Southeast Asia,73.73584555410254
G008071,1,Southeast Asia,69.78512977576257
G008072,1,Southeast Asia,71.9934152846788
G008073,1,Southeast Asia,75.37907588198782
G008074,1,Southeast Asia,80.34243914166093
G008075,1,Southeast Asia,0.0
G008076,1,Southeast Asia,68.89454835134565
G008077,1,Southeast Asia,72.89508429801464
G008078,1,Southeast Asia,70.75474933850765
G008079,1,Southeast Asia,0.0
G008080,1,Southeast Asia,68.5959484603676
G008081,1,Southeast Asia,73.01302905282108
G008082,1,Southeast Asia,67.7210667539835
G008083,1,Southeast Asia,79.52688272166253
G008084,1,Southeast Asia,71.16117909631133
G008085,1,Southeast Asia,70.5457527434826
G008086,1,Southeast Asia,60.00596315276622
G008087,1,Southeast Asia,68.63760244458913
G008088,1,Southeast Asia,67.49836511111259
G008089,1,Southeast Asia,73.73141502344474
G008090,1,Southeast Asia,73.9558821490407
G008091,1,Southeast Asia,71.52374283963442
G008092,1,Southeast Asia,71.35343981068785
G008093,1,Southeast Asia,79.43942581287027
G008094,1,Southeast Asia,65.05377746589977
G008095,1,Southeast Asia,58.31426056493052
G008096,1,Southeast Asia,0.0
G008097,1,Southeast Asia,77.42601394968503
G008098,1,Southeast Asia,71.27258113318682
G008099,1,Southeast Asia,64.31158624637128
G008100,1,Southeast Asia,67.2019602124691
G008101,1,Southeast Asia,70.62688602232934
G008102,1,Southeast Asia,72.4538978844285
G008103,1,Southeast Asia,57.367999942302696
G008104,1,Southeast Asia,53.490932641087156
G008105,1,Southeast Asia,66.93582963489943
G008106,1,Southeast Asia,75.09308980932832
G008107,1,Southeast Asia,66.93894010460377
G008108,1,Southeast Asia,75.95771826907902
G008109,1,Southeast Asia,60.99806307353035
G008110,1,Southeast Asia,69.49214203238488
G008111,1,Southeast Asia,70.02290149098634
G008112,1,Southeast Asia,71.1580335432887
G008113,1,Southeast Asia,71.54760188351572
G008114,1,Southeast Asia,73.25451424016374
G008115,1,Southeast Asia,68.05133355540038
G008116,1,Southeast Asia,71.03147831118109
G008117,1,Southeast Asia,53.80215506449613
G008118,1,Southeast Asia,0.0
G008119,1,Southeast Asia,48.65412561179653
G008120,1,Southeast Asia,0.0
G008121,1,Southeast Asia,72.11192937463522
G008122,1,Southeast Asia,72.44770821917058
G008123,1,Southeast Asia,68.52109768741602
G008124,1,Southeast Asia,70.92728212225437
G008125,1,Southeast Asia,0.0
G008126,1,Southeast Asia,69.12652683459629
G008127,1,Southeast Asia,68.72773449807094
G008128,1,Southeast Asia,0.0
G008129,1,Southeast Asia,72.06049980899692
G008130,1,Southeast Asia,68.02065678967129
G008131,1,Southeast Asia,72.30656543738236
G008132,1,Southeast Asia,70.03744943014239
G008133,1,Southeast Asia,66.9811150269978
G008134,1,Southeast Asia,71.45144236302376
G008135,1,Southeast Asia,74.77757391332405
G008136,1,Southeast Asia,76.47852404098619
G008137,1,Southeast Asia,66.46742979621887
G008138,1,Southeast Asia,72.17469899116502
G008139,1,Southeast Asia,66.6858078262806
G008140,1,Southeast Asia,68.02279239153862
G008141,1,Southeast Asia,63.518644249200804
G008142,1,Southeast Asia,0.0
G008143,1,Southeast Asia,72.0471804997921
G008144,1,Southeast Asia,71.86266873057185
G008145,1,Southeast Asia,75.60265864908605
G008146,1,Southeast Asia,68.93187538797928
G008147,1,Southeast Asia,65.59097816711665
G008148,1,Southeast Asia,68.51032748115063
G008149,1,Southeast Asia,62.18142067386887
G008150,1,Southeast Asia,75.9994634152398
G008151,1,Southeast Asia,77.75648635018324
G008152,1,Southeast Asia,72.594017026186
G008153,1,Southeast Asia,64.87378032928704
G008154,1,Southeast Asia,73.58900385468341
G008155,1,Southeast Asia,72.23867524339214
G008156,1,Southeast Asia,71.96675471866132
G008157,1,Southeast Asia,63.208917652845386
G008158,1,Southeast Asia,75.92588956201709
G008159,1,Southeast Asia,72.14111419296265
G008160,1,Southeast Asia,59.73156511735915
G008161,1,Southeast Asia,61.09101108324527
G008162,1,Southeast Asia,63.35432623192578
G008163,1,Southeast Asia,69.81824110797862
G008164,1,Southeast Asia,0.0
G008165,1,Southeast Asia,55.87205355127291
G008166,1,Southeast Asia,67.68895833812878
G008167,1,Southeast Asia,0.0
G008168,1,Southeast Asia,64.42027748196413
G008169,1,Southeast Asia,54.29036429834366
G008170,1,Southeast Asia,73.0491400916793
G008171,1,Southeast Asia,69.35410010445118
G008172,1,Southeast Asia,74.94439676134513
G008173,1,Southeast Asia,68.04697454341434
G008174,1,Southeast Asia,76.23262695890574
G008175,1,Southeast Asia,72.685615878582
G008176,1,Southeast Asia,70.87899822103977
G008177,1,Southeast Asia,71.40441179907323
G008178,1,Southeast Asia,61.06036580739238
G008179,1,Southeast Asia,49.19157164251804
G008180,1,Southeast Asia,78.35061355262994
G008181,1,Southeast Asia,75.70815261081856
G008182,1,Southeast Asia,0.0
G008183,1,Southeast Asia,61.35838808505463
G008184,1,Southeast Asia,59.038111084475666
G008185,1,Southeast Asia,0.0
G008186,1,Southeast Asia,72.04934411019086
G008187,1,Southeast Asia,65.90919047904013
G008188,1,Southeast Asia,73.23066239761586
G008189,1,Southeast Asia,0.0
G008190,1,Southeast Asia,71.9459693343865
G008191,1,Southeast Asia,63.269220080260084
G008192,1,Southeast Asia,72.05786767380889
G008193,1,Southeast Asia,68.96484130191803
G008194,1,Southeast Asia,70.05024122262002
G008195,1,Southeast Asia,79.32085382985076
G008196,1,Southeast Asia,62.24154655724584
G008197,1,Southeast Asia,72.25248088226535
G008198,1,Southeast Asia,70.66821326753046
G008199,1,Southeast Asia,65.25657896208763
G008200,1,Southeast Asia,68.84930448875282
G008201,1,Southeast Asia,66.69205473268033
G008202,1,Southeast Asia,73.05184743504995
G008203,1,Southeast Asia,69.39376148846475
G008204,1,Southeast Asia,78.73206520345806
G008205,1,Southeast Asia,52.202526557564745
G008206,1,Southeast Asia,68.56573058754206
G008207,1,Southeast Asia,69.7395424978733
G008208,1,Southeast Asia,72.3530023149252
G008209,1,Southeast Asia,79.65653888882741
G008210,1,Southeast Asia,75.1269778210521
G008211,1,Southeast Asia,64.34473504519462
G008212,1,Southeast Asia,53.80764536809921
G008213,0,Africa,73.83353453367948
G008214,0,Central & North Asia,60.1515665141046
G008215,0,Africa,64.75276467943192
G008216,0,North America,73.14817777493596
G008217,0,Africa,61.07019206358086
G008218,0,Oceania,47.29778689271754
G008219,0,North America,59.06423662034308
G008220,0,Africa,84.00449648289383
G008221,0,South Asia,0.0
G008222,0,Latin America,42.687564049243925
G008223,0,Latin America,35.48900665044784
G008224,0,North America,83.90992129931215
G008225,0,Latin America,65.30089006222379
G008226,0,East Asia,0.0
G008227,0,Latin America,0.0
G008228,0,Africa,79.08297193271284
G008229,0,North America,0.0
G008230,0,Africa,0.0
G008231,0,Latin America,68.56819375240804
G008232,0,North America,34.86038881242275
G008233,0,Latin America,63.8410777463615
G008234,0,East Asia,80.55216619300843
G008235,0,Southeast Asia,46.526899669945244
G008236,0,East Asia,71.4217311540842
G008237,0,Oceania,73.84145542606711
G008238,0,Latin America,39.76281586909294
G008239,0,North America,34.093871575474736
G008240,0,Latin America,39.87594418382645
G008241,0,South Asia,0.0
G008242,0,Africa,84.3015880405072
G008243,0,Africa,66.41627775669099
G008244,0,Southeast Asia,34.638665936889076
G008245,0,Central & North Asia,30.723989901542666
G008246,0,Africa,73.3297950765021
G008247,0,South Asia,80.81123268194632
G008248,0,North America,43.64447863423825
G008249,0,East Asia,53.82845658696059
G008250,0,Oceania,67.96447070068122
G008251,0,Middle East,84.72695335658888
G008252,0,Africa,37.943950983047486
G008253,0,Middle East,80.36358533024787
G008254,0,Africa,71.62353877285214
G008255,0,Latin America,40.301864426851274
G008256,0,Africa,55.87865496492748
G008257,0,Oceania,77.06462055554987
G008258,0,Oceania,0.0
G008259,0,Latin America,56.21024821989463
G008260,0,Latin America,68.52948378105236
G008261,0,Middle East,84.53265394220931
G008262,0,East Asia,0.0
G008263,0,Middle East,83.44775435972214
G008264,0,Oceania,73.83273831903935
G008265,0,Latin America,52.83119131402897
G008266,0,East Asia,0.0
G008267,0,Southeast Asia,0.0
G008268,0,Europe,40.94211347967747
G008269,0,Africa,81.84529792677363
G008270,0,Oceania,75.35425876444577
G008271,0,Central & North Asia,37.535691273450844
G008272,0,Africa,84.75944027219938
G008273,0,North America,0.0
G008274,0,Latin America,37.09089042139053
G008275,0,North America,0.0
G008276,0,Central & North Asia,26.457321868419648
G008277,0,Europe,42.04920678965973
G008278,0,Southeast Asia,0.0
G008279,0,Africa,81.75245015597343
G008280,0,Southeast Asia,0.0
G008281,0,Middle East,70.89820346560262
G008282,0,Oceania,76.12676996797325
G008283,0,Africa,73.58409137065392
G008284,0,Europe,7.2145843368569995
G008285,0,North America,25.211809779047968
G008286,0,Oceania,0.0
G008287,0,Central & North Asia,34.703434967398636
G008288,0,Latin America,0.0
G008289,0,Europe,0.0
G008290,0,East Asia,0.0
G008291,0,East Asia,0.0
G008292,0,Southeast Asia,66.9706537334901
G008293,0,Africa,83.24291644464478
G008294,0,Latin America,0.0
G008295,0,Africa,65.74111587512674
G008296,0,North America,0.0
G008297,0,Middle East,66.75594717229497
G008298,0,Latin America,0.0
G008299,0,East Asia,35.291321062434804
G008300,0,North America,0.0
G008301,0,Central & North Asia,9.969578457586692
G008302,0,Africa,87.09492957717181
G008303,0,Latin America,80.83283379147902
G008304,0,North America,47.408219947944986
G008305,0,North America,39.673319349527354
G008306,0,Latin America,41.32714674258233
G008307,0,Africa,56.40766525341525
G008308,0,North America,78.25094318460695
G008309,0,Middle East,89.4643603617287
G008310,0,Africa,86.85686447013914
G008311,0,Middle East,41.23258892328089
G008312,0,Africa,73.84587979921788
G008313,0,Central & North Asia,46.92860948427156
G008314,0,Latin America,0.0
G008315,0,Africa,0.0
G008316,0,Central & North Asia,17.928730417728424
G008317,0,North America,0.0
G008318,0,Central & North Asia,33.90523679447174
G008319,0,Africa,78.37902038684487
G008320,0,East Asia,69.74601302191616
G008321,0,Latin America,62.689669751226894
G008322,0,Europe,36.343665502555446
G008323,0,Africa,83.20471069492898
G008324,0,Africa,85.51421257048845
G008325,0,Africa,86.18340494331717
G008326,0,North America,41.48222323997093
G008327,0,Europe,56.00382669093031
G008328,0,Africa,43.557969038327535
G008329,0,Latin America,0.0
G008330,0,Africa,72.01883682480725
G008331,0,North America,0.0
G008332,0,North America,56.10289531993866
G008333,0,Middle East,89.96078065116116
G008334,0,Latin America,45.28263733464479
G008335,0,East Asia,0.0
G008336,0,Central & North Asia,59.06396545764804
G008337,0,Africa,38.9411722779274
G008338,0,East Asia,0.0
G008339,0,Europe,20.871838532520062
G008340,0,Central & North Asia,44.66758165753429
G008341,0,Oceania,0.0
G008342,0,South Asia,74.49751813209058
G008343,0,North America,26.68444520707564
G008344,0,Africa,78.097047040085
G008345,0,Southeast Asia,0.0
G008346,0,Oceania,79.85936710059643
G008347,0,Oceania,79.39493374019139
G008348,0,Latin America,73.66230434482748
G008349,0,Central & North Asia,59.517279183387764
G008350,0,Africa,75.13950793835971
G008351,0,East Asia,71.30810712242126
G008352,0,North America,0.0
G008353,0,Oceania,76.34947499623895
G008354,0,Africa,86.36869887775273
G008355,0,Africa,87.627541124627
G008356,0,Africa,93.74521706759839
G008357,0,South Asia,77.15108257111456
G008358,0,Africa,60.81796276832891
G008359,0,Europe,35.346794672698685
G008360,0,East Asia,62.12789054071904
G008361,0,North America,26.15015585395784
G008362,0,Latin America,56.14610197603702
G008363,0,South Asia,70.86622992941467
G008364,0,Africa,82.31365493658186
G008365,0,Central & North Asia,21.442224756717682
G008366,0,East Asia,78.4390887628613
G008367,0,Africa,82.0916279800769
G008368,0,East Asia,0.0
G008369,0,Africa,78.62323242803775
G008370,0,Central & North Asia,39.98215142339468
G008371,0,Central & North Asia,0.0
G008372,0,Europe,48.32236578655243
G008373,0,Africa,82.8220453798771
G008374,0,North America,0.0
G008375,0,Africa,84.56133426472545
G008376,0,Africa,83.7736037379431
G008377,0,Oceania,76.95759781539441
G008378,0,Latin America,78.03901739910245
G008379,0,Europe,58.607204913079734
G008380,0,North America,41.980067751407624
G008381,0,South Asia,74.38621365656095
G008382,0,North America,59.80154327174569
G008383,0,Southeast Asia,63.698411151770394
G008384,0,Africa,79.49042835468235
G008385,0,Africa,70.9460593444109
G008386,0,Middle East,0.0
G008387,0,Middle East,63.11027804517746
G008388,0,Africa,70.6628309366378
G008389,0,Central & North Asia,28.59615061366558
G008390,0,Middle East,85.86027261706556
G008391,0,Latin America,73.12694646382694
G008392,0,Central & North Asia,35.94338982480764
G008393,0,North America,30.946009885072705
G008394,0,North America,0.0
G008395,0,Oceania,80.37140862736106
G008396,0,East Asia,67.2736838489175
G008397,0,Europe,49.04018767637014
G008398,0,Middle East,0.0
G008399,0,Latin America,36.06024933385849
G008400,0,Africa,51.55945020103455
G008401,0,South Asia,83.13517834949855
G008402,0,Latin America,0.0
G008403,0,Africa,77.1164045726955
G008404,0,Africa,33.22882317113877
G008405,0,Central & North Asia,0.0
G008406,0,Europe,46.696037049336866
G008407,0,Africa,80.64692821478843
G008408,0,Africa,80.2944623885751
G008409,0,Latin America,75.32815477323533
G008410,0,Europe,37.714489293430795
G008411,0,North America,41.045039834976194
G008412,0,South Asia,0.0
G008413,0,North America,44.32860720099509
G008414,0,North America,32.70943834481095
G008415,0,South Asia,0.0
G008416,0,North America,67.70988089114451
G008417,0,North America,0.0
G008418,0,Africa,87.18443075756683
G008419,0,North America,39.90884926319122
G008420,0,Latin America,59.44350679221297
G008421,0,Africa,80.000796963689
G008422,0,East Asia,67.59832320447265
G008423,0,Central & North Asia,24.714116036176677
G008424,0,Southeast Asia,39.784500681356946
G008425,0,Oceania,68.43936189594865
G008426,0,Southeast Asia,36.23170854234696
G008427,0,Africa,49.89364039337635
G008428,0,Africa,69.98524674471581
G008429,0,East Asia,71.65769486188888
G008430,0,Africa,59.92422556877137
G008431,0,Latin America,72.39340277158853
G008432,0,Latin America,33.57421907997132
G008433,0,Latin America,42.07254608310353
G008434,0,Africa,0.0
G008435,0,Central & North Asia,32.46240614414215
G008436,0,Central & North Asia,45.54776721656323
G008437,0,Africa,56.581381527561135
G008438,0,Central & North Asia,27.616961313664913
G008439,0,East Asia,0.0
G008440,0,South Asia,0.0
G008441,0,Central & North Asia,37.71946291232109
G008442,0,Europe,63.324188751264046
G008443,0,Latin America,76.98266941832773
G008444,0,Latin America,57.200570773406454
G008445,0,Africa,55.19795236681087
G008446,0,North America,70.65285048115977
G008447,0,Africa,29.565511289119723
G008448,0,Africa,66.41844598305225
G008449,0,Central & North Asia,38.87546371513605
G008450,0,Oceania,71.89693386629223
G008451,0,Central & North Asia,17.445744816541673
G008452,0,Latin America,71.85427552788367
G008453,0,Africa,83.37156946140529
G008454,0,Africa,82.79779863908887
G008455,0,Africa,75.29164082167637
G008456,0,Latin America,43.88227384650707
G008457,0,Oceania,66.6939928637147
G008458,0,Southeast Asia,0.0
G008459,0,Latin America,41.04351719427109
G008460,0,East Asia,58.07778430907112
G008461,0,Latin America,0.0
G008462,0,North America,43.28933424252271
G008463,0,Africa,86.81826410241426
G008464,0,North America,0.0
G008465,0,Africa,0.0
G008466,0,North America,54.929122232314306
G008467,0,Africa,84.86644133011501
G008468,0,Latin America,35.77984385728836
G008469,0,Africa,67.68363879168034
G008470,0,Central & North Asia,0.0
G008471,0,North America,60.89453024072539
G008472,0,Africa,67.6162732382182
G008473,0,Latin America,72.8625244103074
G008474,0,North America,65.84224939653005
G008475,0,Central & North Asia,29.9963979896307
G008476,0,Europe,50.467693895220755
G008477,0,Africa,82.85506342570486
G008478,0,Oceania,58.49511507078915
G008479,0,North America,59.57666231074297
G008480,0,Latin America,44.10656247365475
G008481,0,Europe,0.0
G008482,0,North America,0.0
G008483,0,Latin America,78.17326437087493
G008484,0,Europe,59.259842636108395
G008485,0,Oceania,74.89861463931203
G008486,0,Africa,69.14666004016003
G008487,0,North America,33.60800280490788
G008488,0,Latin America,0.0
G008489,0,Latin America,26.516468384742737
G008490,0,Europe,0.0
G008491,0,Africa,70.77172699448467
G008492,0,Oceania,69.89156284850837
G008493,0,Africa,71.94276340663434
G008494,0,North America,29.905642619669436
G008495,0,North America,51.79898028217662
G008496,0,North America,21.49168947815895
G008497,0,Africa,46.81058429311983
G008498,0,Latin America,80.04444327050447
G008499,0,Oceania,76.02146688119751
G008500,0,Latin America,27.89396423625946
G008501,0,North America,59.41726131829348
G008502,0,Central & North Asia,62.846071014136086
G008503,0,North America,33.82750921211459
G008504,0,Africa,67.39235939383146
G008505,0,Latin America,73.11868890733791
G008506,0,North America,23.338073912501333
G008507,0,Europe,42.71945445346832
G008508,0,Southeast Asia,44.0921063387394
G008509,0,Africa,74.39592840856314
G008510,0,Africa,61.670333382606515
G008511,0,East Asia,44.11049219722097
G008512,0,South Asia,0.0
G008513,0,Africa,24.313117926597595
G008514,0,Latin America,78.68903377072017
G008515,0,Latin America,72.53318341278307
G008516,0,Africa,63.33605330368878
G008517,0,Oceania,77.20417102965712
G008518,0,Middle East,0.0
G008519,0,Africa,64.20687258005142
G008520,0,South Asia,77.69963730761408
G008521,0,Middle East,0.0
G008522,0,East Asia,68.87189346313477
G008523,0,North America,0.0
G008524,0,Africa,81.95983754150795
G008525,0,Latin America,78.48174690807859
G008526,0,Africa,92.615570637134
G008527,0,Africa,39.31021200609208
G008528,0,North America,0.0
G008529,0,Oceania,75.88770768553019
G008530,0,Oceania,0.0
G008531,0,Southeast Asia,67.23343473531983
G008532,0,Latin America,0.0
G008533,0,Africa,86.19937249481677
G008534,0,Africa,75.93622780621797
G008535,0,Europe,46.68714929260268
G008536,0,Africa,70.48452048946015
G008537,0,Latin America,0.0
G008538,0,Latin America,41.28874396133423
G008539,0,North America,0.0
G008540,0,East Asia,0.0
G008541,0,Africa,47.11297847700119
G008542,0,North America,0.0
G008543,0,Africa,79.95101893987078
G008544,0,North America,76.22302254472447
G008545,0,Africa,75.73746712183954
G008546,0,East Asia,0.0
G008547,0,Latin America,46.753055973154126
G008548,0,Oceania,79.64855642864109
G008549,0,North America,77.8342628735954
G008550,0,East Asia,72.67443408984938
G008551,0,North America,0.0
G008552,0,Oceania,73.39561729437656
G008553,0,Africa,67.15240114718134
G008554,0,North America,56.48280198837049
G008555,0,Africa,82.05039731049538
G008556,0,Latin America,26.519303050994875
G008557,0,Africa,82.35404636582733
G008558,0,North America,42.12430517928528
G008559,0,Africa,81.61074364528062
G008560,0,Europe,23.791246297980802
G008561,0,Middle East,79.00864943313599
G008562,0,Central & North Asia,72.61901953947545
G008563,0,Europe,27.465970225334168
G008564,0,Africa,76.23418554532529
G008565,0,Africa,85.72082569777966
G008566,0,Africa,0.0
G008567,0,Africa,0.0
G008568,0,Africa,80.161762627533
G008569,0,North America,23.736902711752695
G008570,0,Latin America,70.68266734503256
G008571,0,Latin America,0.0
G008572,0,North America,35.99187594997882
G008573,0,Africa,90.05347451961853
G008574,0,North America,45.47726978766919
G008575,0,South Asia,0.0
G008576,0,Africa,0.0
G008577,0,East Asia,0.0
G008578,0,North America,68.29661005632985
G008579,0,Central & North Asia,65.46156900422274
G008580,0,Africa,32.97492138195038
G008581,0,Central & North Asia,40.023483010709285
G008582,0,Latin America,74.74789804488962
G008583,0,North America,46.24308850309254
G008584,0,North America,0.0
G008585,0,East Asia,75.5785217474699
G008586,0,North America,0.0
G008587,0,Southeast Asia,66.26999675834178
G008588,0,Africa,89.97201157461514
G008589,0,Central & North Asia,34.79374610841274
G008590,0,North America,0.0
G008591,0,Oceania,65.75293118882179
G008592,0,North America,58.58585472911597
G008593,0,South Asia,75.26734540782914
G008594,0,Africa,62.75773334074021
G008595,0,Latin America,69.92976511162706
G008596,0,Central & North Asia,69.59391147779154
G008597,0,North America,66.67307687018587
G008598,0,Central & North Asia,0.0
G008599,0,Central & North Asia,33.75498923802376
G008600,0,North America,52.45776278667557
G008601,0,Latin America,69.74928394688666
G008602,0,Central & North Asia,60.324331605613224
G008603,0,Central & North Asia,0.0
G008604,0,Oceania,66.06246107544682
G008605,0,Southeast Asia,0.0
G008606,0,Latin America,0.0
G008607,0,East Asia,63.12190841343999
G008608,0,North America,42.12871492415667
G008609,0,North America,41.62444170892238
G008610,0,Central & North Asia,14.345392413816665
G008611,0,North America,44.895554407924415
G008612,0,Africa,0.0
G008613,0,Africa,92.1881418047421
G008614,0,Latin America,72.49024483610644
G008615,0,East Asia,74.99695915865898
G008616,0,South Asia,42.36258978716533
G008617,0,Central & North Asia,32.04258877730369
G008618,0,Southeast Asia,30.257877974307902
G008619,0,Latin America,76.39692698341065
G008620,0,Europe,21.55715076494939
G008621,0,East Asia,54.46850136882608
G008622,0,North America,36.79137038004398
G008623,0,North America,76.76023612270933
G008624,0,East Asia,46.26992006803643
G008625,0,Central & North Asia,41.11380251590772
G008626,0,Middle East,76.12194869565965
G008627,0,East Asia,62.15754999017715
G008628,0,Africa,84.12384015083313
G008629,0,Africa,71.98592423927785
G008630,0,Europe,42.31107511077145
G008631,0,Southeast Asia,68.91891375266783
G008632,0,Central & North Asia,48.28117288315296
G008633,0,Africa,0.0
G008634,0,Central & North Asia,32.03232416415214
G008635,0,Latin America,0.0
G008636,0,East Asia,44.15928965944052
G008637,0,North America,30.383766895174986
G008638,0,Oceania,64.82261379075051
G008639,0,Central & North Asia,39.97839637416601
G008640,0,Europe,60.91788285666705
G008641,0,Africa,82.6162213863839
G008642,0,Europe,25.192372265541195
G008643,0,Oceania,78.71320405197143
G008644,0,Europe,48.42166569448239
G008645,0,East Asia,55.518604954928165
G008646,0,South Asia,80.92730554223061
G008647,0,Southeast Asia,66.85836201376625
G008648,0,North America,71.37238733323234
G008649,0,East Asia,64.6141686013937
G008650,0,Central & North Asia,31.928801626682286
G008651,0,Central & North Asia,40.48795613372326
G008652,0,North America,26.37943998980522
G008653,0,South Asia,67.45199657557228
G008654,0,Africa,87.42837406329811
G008655,0,Central & North Asia,35.21524828413129
G008656,0,Africa,85.31645622129739
G008657,0,Central & North Asia,53.6367245095029
G008658,0,Latin America,39.70323048679757
G008659,0,Africa,0.0
G008660,0,Latin America,67.34694717963536
G008661,0,North America,0.0
G008662,0,Africa,77.03551377761364
G008663,0,North America,70.25926061186105
G008664,0,Africa,85.48821457901597
G008665,0,North America,35.09709476113319
G008666,0,Central & North Asia,14.734921640485524
G008667,0,South Asia,0.0
G008668,0,Southeast Asia,75.99825353056193
G008669,0,Latin America,67.79041940357469
G008670,0,Central & North Asia,30.20866103633245
G008671,0,North America,48.673472903045734
G008672,0,Africa,82.27589068688452
G008673,0,Africa,83.36914826571942
G008674,0,Africa,61.363724113821974
G008675,0,Oceania,80.76225163894892
G008676,0,South Asia,74.41579787118417
G008677,0,Africa,74.34387722949367
G008678,0,North America,40.799967754125596
G008679,0,Central & North Asia,24.715110466971538
G008680,0,Africa,63.18592824214697
G008681,0,Middle East,72.31280075788497
G008682,0,Central & North Asia,37.839884828567506
G008683,0,Latin America,68.93954344301514
G008684,0,Southeast Asia,43.63174238693715
G008685,0,Africa,65.01709138095379
G008686,0,Africa,85.68779005102813
G008687,0,Oceania,78.9939763585925
G008688,0,Latin America,0.0
G008689,0,Africa,86.12159668588639
G008690,0,North America,35.7194581028223
G008691,0,Africa,0.0
G008692,0,Central & North Asia,0.0
G008693,0,Europe,55.11996361203807
G008694,0,Africa,57.07549335603822
G008695,0,North America,0.0
G008696,0,Africa,58.277354149876224
G008697,0,Central & North Asia,37.383405954957006
G008698,0,Latin America,79.15492134514722
G008699,0,North America,48.488923747435216
G008700,0,North America,42.14956337494561
G008701,0,Africa,79.39490495389701
G008702,0,East Asia,79.92203143013607
G008703,0,Central & North Asia,31.786655237197873
G008704,0,Africa,60.50560837992034
G008705,0,Oceania,79.6231875384152
G008706,0,Latin America,71.67319511548317
G008707,0,Central & North Asia,59.40089774373174
G008708,0,North America,43.78153210907272
G008709,0,Latin America,0.0
G008710,0,North America,0.0
G008711,0,Central & North Asia,67.55799960359931
G008712,0,Oceania,80.0815426492393
G008713,0,East Asia,63.98761628459394
G008714,0,Latin America,58.44501533381504
G008715,0,North America,42.19317615497112
G008716,0,North America,0.0
G008717,0,Oceania,78.74117349512875
G008718,0,Africa,85.95042836093903
G008719,0,Latin America,42.242709853649146
G008720,0,Africa,72.84366562774325
G008721,0,North America,65.18628768402338
G008722,0,Latin America,59.40302231658949
G008723,0,South Asia,80.47826855599881
G008724,0,Latin America,68.61063644193881
G008725,0,Oceania,79.20438077029586
G008726,0,Middle East,85.0024615418762
G008727,0,Europe,30.945209232619312
G008728,0,East Asia,0.0
G008729,0,Africa,84.70022451427579
G008730,0,Africa,56.93454177233305
G008731,0,Africa,73.79087350481748
G008732,0,Africa,80.3346961080432
G008733,0,Africa,84.10518173388459
G008734,0,Africa,84.78739545793064
G008735,0,Southeast Asia,35.263845045248665
G008736,0,Southeast Asia,40.61646143410423
G008737,0,Africa,79.04589166256333
G008738,0,Central & North Asia,72.05131161463531
G008739,0,Central & North Asia,0.0
G008740,0,Africa,49.050982669472695
G008741,0,Europe,25.84242416983662
G008742,0,Latin America,44.261772044897086
G008743,0,Central & North Asia,57.231245893783644
G008744,0,Africa,79.89116022339464
G008745,0,Europe,15.864093293204451
G008746,0,Central & North Asia,0.0
G008747,0,Central & North Asia,63.72396498140694
G008748,0,Latin America,40.32630148124696
G008749,0,Latin America,61.75311379585122
G008750,0,Central & North Asia,62.022735155463224
G008751,0,North America,62.635668233065886
G008752,0,Africa,84.752484895307
G008753,0,Latin America,26.79560258674622
G008754,0,Latin America,76.87804467642759
G008755,0,Oceania,69.77355419510016
G008756,0,Middle East,0.0
G008757,0,Oceania,80.15242714449764
G008758,0,East Asia,0.0
G008759,0,Oceania,75.50909559762479
G008760,0,East Asia,56.81437443954476
G008761,0,East Asia,48.8308441337347
G008762,0,Oceania,75.97371260535716
G008763,0,Middle East,82.19353813703042
G008764,0,Africa,84.39375039881469
G008765,0,Southeast Asia,0.0
G008766,0,Central & North Asia,64.98727238005128
G008767,0,Latin America,83.18086607702934
G008768,0,North America,39.71117953583689
G008769,0,North America,71.90332204009549
G008770,0,East Asia,60.84272348022461
G008771,0,North America,68.65773048349946
G008772,0,Oceania,79.85725386062263
G008773,0,Central & North Asia,55.00593780299028
G008774,0,Europe,0.0
G008775,0,North America,0.0
G008776,0,North America,0.0
G008777,0,Central & North Asia,0.0
G008778,0,Africa,87.95914671175949
G008779,0,Africa,75.63901439870126
G008780,0,Africa,89.40339357304482
G008781,0,Africa,87.6397700944421
G008782,0,Oceania,32.129268709688475
G008783,0,North America,59.37096422431325
G008784,0,Central & North Asia,27.072264962362517
G008785,0,Africa,55.331882339477545
G008786,0,East Asia,74.3455399113713
G008787,0,East Asia,0.0
G008788,0,Africa,56.277061273564
G008789,0,North America,37.449154720306396
G008790,0,Central & North Asia,41.35540800008178
G008791,0,Latin America,27.977663703441618
G008792,0,Europe,50.829477954084226
G008793,0,North America,41.0230187985897
G008794,0,Middle East,79.83544080536068
G008795,0,East Asia,0.0
G008796,0,Africa,88.66897206782978
G008797,0,Oceania,72.41596438249947
G008798,0,Latin America,38.011695672035216
G008799,0,Latin America,27.067985688209532
G008800,0,Europe,41.49858660434953
G008801,0,Latin America,70.25662282261162
G008802,0,Africa,72.57666229250574
G008803,0,North America,32.78199396717549
G008804,0,Africa,50.02932151663304
G008805,0,Latin America,0.0
G008806,0,East Asia,66.42494132186472
G008807,0,Africa,0.0
G008808,0,East Asia,57.672020673424015
G008809,0,Southeast Asia,69.45003042268752
G008810,0,North America,31.61957641839258
G008811,0,Africa,86.19890137645602
G008812,0,Europe,0.0
G008813,0,Africa,82.538645362854
G008814,0,Africa,85.62299907755853
G008815,0,Latin America,40.91690393590927
G008816,0,Latin America,53.699894702448994
G008817,0,Africa,70.68377318740974
G008818,0,Latin America,45.50786196413636
G008819,0,Latin America,35.6013272895813
G008820,0,North America,71.04500204741232
G008821,0,Middle East,70.83749211855458
G008822,0,Latin America,75.02888901884629
G008823,0,Oceania,77.00757785961032
G008824,0,North America,24.872221267938613
G008825,0,Africa,85.93447259896993
G008826,0,East Asia,0.0
G008827,0,Europe,0.0
G008828,0,North America,59.154813243318685
G008829,0,Southeast Asia,56.8418220230955
G008830,0,Africa,41.01578058242798
G008831,0,Africa,83.07585147336127
G008832,0,Latin America,63.14431742703553
G008833,0,Africa,80.50198007160425
G008834,0,North America,40.4492751699388
G008835,0,Central & North Asia,69.33716228603232
G008836,0,Latin America,56.60820058777929
G008837,0,Africa,79.42761291371285
G008838,0,Southeast Asia,0.0
G008839,0,Africa,75.82316846147992
G008840,0,Latin America,63.049862366271746
G008841,0,Latin America,30.339874579906468
G008842,0,North America,46.425349344759276
G008843,0,North America,69.11479034638404
G008844,0,Central & North Asia,31.23184226095676
G008845,0,Central & North Asia,31.306686463594442
G008846,0,Africa,48.508163624048244
G008847,0,Southeast Asia,24.931297317028044
G008848,0,North America,0.0
G008849,0,Africa,69.25864733607841
G008850,0,South Asia,78.07410367877692
G008851,0,Africa,77.77926910042764
G008852,0,South Asia,70.62247758242488
G008853,0,Latin America,61.26561795288325
G008854,0,Latin America,0.0
G008855,0,Africa,84.59880335342885
G008856,0,South Asia,75.91911501425504
G008857,0,Europe,29.659225285624014
G008858,0,Africa,0.0
G008859,0,Central & North Asia,14.058520004749298
G008860,0,Southeast Asia,67.64232850682014
G008861,0,Central & North Asia,0.0
G008862,0,Middle East,31.561716166351783
G008863,0,Africa,56.61348258022107
G008864,0,Latin America,63.69329356038571
G008865,0,Central & North Asia,40.52373188608885
G008866,0,North America,43.92018207629522
G008867,0,East Asia,0.0
G008868,0,Southeast Asia,0.0
G008869,0,East Asia,60.15513359446236
G008870,0,North America,37.555895357370375
G008871,0,Central & North Asia,52.17742433799758
G008872,0,Central & North Asia,0.0
G008873,0,South Asia,0.0
G008874,0,Africa,71.04767338014192
G008875,0,Central & North Asia,35.216202965736386
G008876,0,Central & North Asia,0.0
G008877,0,Africa,81.18794698594014
G008878,0,East Asia,0.0
G008879,0,Africa,73.50238438853171
G008880,0,Central & North Asia,26.73645575892925
G008881,0,Africa,83.97205311253781
G008882,0,Latin America,25.667671236515044
G008883,0,Africa,82.4047939723134
G008884,0,Africa,42.447233230952065
G008885,0,Africa,75.65226107763499
G008886,0,Latin America,57.77457622620554
G008887,0,Africa,70.36585480566639
G008888,0,North America,0.0
G008889,0,Latin America,42.233500749746966
G008890,0,Africa,83.28625190590323
G008891,0,East Asia,0.0
G008892,0,Oceania,78.01251237377525
G008893,0,Latin America,33.28329862117768
G008894,0,North America,90.0274848970825
G008895,0,North America,40.62319065415859
G008896,0,North America,0.0
G008897,0,Southeast Asia,0.0
G008898,0,Europe,24.661780124389765
G008899,0,Africa,77.75332683232426
G008900,0,Africa,69.001097114563
G008901,0,East Asia,59.42338793408871
G008902,0,Europe,19.58385282078656
G008903,0,Latin America,53.20763287117264
G008904,0,Africa,83.23219371783735
G008905,0,Southeast Asia,52.80056427658688
G008906,0,Africa,66.0723728857817
G008907,0,South Asia,63.22880561500788
G008908,0,Central & North Asia,51.12719146764279
G008909,0,Africa,84.23497956393659
G008910,0,North America,81.04058291854732
G008911,0,Middle East,76.11516230959242
G008912,0,Latin America,59.41226215140748
G008913,0,North America,57.621697197343366
G008914,0,North America,44.6989637671673
G008915,0,Africa,0.0
G008916,0,East Asia,71.0198197174542
G008917,0,Latin America,80.61255464652271
G008918,0,South Asia,73.02335164558889
G008919,0,Latin America,64.86670623950661
G008920,0,Africa,76.27933441162111
G008921,0,Africa,56.55440454275682
G008922,0,Latin America,46.23020134653467
G008923,0,Latin America,62.26810371517413
G008924,0,Oceania,67.3219209552895
G008925,0,Africa,79.06012866176259
G008926,0,North America,58.40762963088354
G008927,0,South Asia,0.0
G008928,0,North America,54.263383797000756
G008929,0,North America,65.04505839036538
G008930,0,Africa,84.3631884366274
G008931,0,Central & North Asia,37.689282219290725
G008932,0,Africa,85.60857003697753
G008933,0,Central & North Asia,41.124995564695446
G008934,0,South Asia,70.9547407845656
G008935,0,North America,0.0
G008936,0,Africa,85.02851570297551
G008937,0,Africa,43.29925542960022
G008938,0,Africa,96.38867692820729
G008939,0,North America,41.38677161920071
G008940,0,Africa,56.684100236101585
G008941,0,Africa,82.13487768591264
G008942,0,South Asia,61.52154477472196
G008943,0,Africa,84.13964957721531
G008944,0,South Asia,76.72484847290815
G008945,0,East Asia,0.0
G008946,0,Africa,67.80622760164738
G008947,0,Africa,83.44565465828776
G008948,0,Southeast Asia,0.0
G008949,0,East Asia,0.0
G008950,0,North America,82.9242963018842
G008951,0,East Asia,0.0
G008952,0,Africa,48.07913528776169
G008953,0,Middle East,90.37961227187424
G008954,0,East Asia,0.0
G008955,0,Central & North Asia,62.901303865730775
G008956,0,Central & North Asia,73.70247655423663
G008957,0,Africa,84.75444878619548
G008958,0,North America,35.93557872182131
G008959,0,Middle East,80.67970321815665
G008960,0,Latin America,78.26608825267806
G008961,0,Middle East,0.0
G008962,0,Africa,79.52006495285035
G008963,0,Oceania,78.75674402174354
G008964,0,Oceania,79.86810449838639
G008965,0,Africa,70.97372194311113
G008966,0,Central & North Asia,0.0
G008967,0,South Asia,71.36207082459059
G008968,0,Africa,0.0
G008969,0,Africa,85.88723591206968
G008970,0,Africa,88.31549048366331
G008971,0,North America,64.39943239106373
G008972,0,Latin America,78.17513398671872
G008973,0,East Asia,73.53484902564956
G008974,0,Middle East,85.02083691047854
G008975,0,Latin America,0.0
G008976,0,North America,45.89953063464165
G008977,0,East Asia,0.0
G008978,0,Latin America,60.61408622778185
G008979,0,Europe,36.50802804060416
G008980,0,Latin America,41.567437651634215
G008981,0,Central & North Asia,41.80675747919082
G008982,0,Africa,32.02063720703125
G008983,0,Africa,85.03816701716184
G008984,0,North America,47.21881908157467
G008985,0,North America,0.0
G008986,0,Europe,51.48631816524809
G008987,0,Latin America,33.42837079354488
G008988,0,North America,38.574273927688594
G008989,0,North America,0.0
G008990,0,East Asia,73.70174677208789
G008991,0,Europe,0.0
G008992,0,Latin America,70.20251833159996
G008993,0,Latin America,67.29884455452545
G008994,0,Africa,66.33038751831018
G008995,0,Africa,86.70121538136945
G008996,0,South Asia,67.89804037409749
G008997,0,Latin America,28.73477208709717
G008998,0,North America,83.89378153373256
G008999,0,Africa,75.6093065456748
G009000,0,Southeast Asia,0.0
G009001,0,Africa,41.39195482658617
G009002,0,Middle East,78.76055212157512
G009003,0,North America,32.73989676094055
G009004,0,Africa,76.88317749465597
G009005,0,North America,42.23114290601557
G009006,0,Europe,40.15181038153172
G009007,0,Africa,80.7297392333448
G009008,0,Africa,71.03364967790878
G009009,0,Europe,64.39196395036669
G009010,0,Central & North Asia,22.995998925089832
G009011,0,Latin America,57.9380648803711
G009012,0,South Asia,0.0
G009013,0,East Asia,68.80979751586914
G009014,0,Southeast Asia,0.0
G009015,0,North America,30.848525018478888
G009016,0,Latin America,49.95513828897476
G009017,0,Middle East,85.30303069736064
G009018,0,North America,29.966781192208774
G009019,0,North America,58.2596375961701
G009020,0,East Asia,78.22674524986743
G009021,0,Africa,74.36757125518358
G009022,0,East Asia,0.0
G009023,0,Africa,78.07912067127228
G009024,0,Africa,57.23196738767624
G009025,0,Europe,57.30752091341985
G009026,0,Oceania,30.15302159428596
G009027,0,North America,32.907465238672316
G009028,0,Central & North Asia,34.101888456702234
G009029,0,Central & North Asia,34.7707058532834
G009030,0,Africa,88.17816427984789
G009031,0,North America,0.0
G009032,0,Africa,84.60306181430818
G009033,0,Africa,81.63056109335297
G009034,0,North America,80.90545896369038
G009035,0,North America,0.0
G009036,0,Africa,0.0
G009037,0,North America,36.57326067733765
G009038,0,Latin America,0.0
G009039,0,North America,76.4574250465794
G009040,0,Oceania,79.44873142889143
G009041,0,East Asia,0.0
G009042,0,Oceania,73.72022034324118
G009043,0,South Asia,72.94536191880704
G009044,0,Latin America,56.42912459377809
G009045,0,East Asia,74.88666890202958
G009046,0,Latin America,43.15281567919254
G009047,0,Africa,84.21006185551664
G009048,0,Africa,82.22399171972275
G009049,0,Europe,63.69213654756547
G009050,0,East Asia,51.077482194840904
G009051,0,North America,60.768445895888576
G009052,0,Africa,81.761640971303
G009053,0,Southeast Asia,51.27410607791669
G009054,0,Middle East,97.72769291450672
G009055,0,Oceania,80.18451660048962
G009056,0,East Asia,0.0
G009057,0,Middle East,92.8702866515138
G009058,0,Africa,82.75188550603028
G009059,0,Central & North Asia,44.74592237987933
G009060,0,East Asia,0.0
G009061,0,Central & North Asia,29.842965075731275
G009062,0,East Asia,53.01842169907598
G009063,0,Africa,85.80627959790826
G009064,0,Middle East,53.24794187991546
G009065,0,Africa,83.84983259403705
G009066,0,North America,51.85136247227769
G009067,0,Europe,35.95308421850205
G009068,0,North America,55.75822713398932
G009069,0,North America,23.21845486092567
G009070,0,Central & North Asia,11.149188996076584
G009071,0,North America,70.34446357452869
G009072,0,North America,64.50267099934638
G009073,0,North America,42.551462736189364
G009074,0,Middle East,77.38518308610627
G009075,0,Europe,0.0
G009076,0,Oceania,72.38072289459092
G009077,0,East Asia,0.0
G009078,0,South Asia,71.89387326016931
G009079,0,Latin America,73.6430977590373
G009080,0,Central & North Asia,72.61325716086048
G009081,0,Africa,59.80895093774795
G009082,0,Europe,41.77108545411717
G009083,0,Central & North Asia,56.845123589336865
G009084,0,Europe,0.0
G009085,0,Latin America,38.2866820936203
G009086,0,Latin America,53.88187535047532
G009087,0,Oceania,77.1810648342967
G009088,0,Europe,40.84469024807757
G009089,0,North America,62.92808187106523
G009090,0,North America,77.14706839925232
G009091,0,Africa,83.83223580406832
G009092,0,Latin America,0.0
G009093,0,North America,0.0
G009094,0,Oceania,74.50074221217632
G009095,0,Middle East,81.49353403608366
G009096,0,North America,70.14861628079233
G009097,0,Middle East,63.00535324492509
G009098,0,Latin America,50.88086785589565
G009099,0,Africa,85.6346381367445
G009100,0,Latin America,65.84974266153755
G009101,0,Central & North Asia,32.1378424652851
G009102,0,Latin America,73.75963221318253
G009103,0,Africa,85.31804173927236
G009104,0,North America,34.638769402503975
G009105,0,East Asia,0.0
G009106,0,North America,0.0
G009107,0,North America,38.04879996395111
G009108,0,Africa,85.64577989454612
G009109,0,East Asia,67.09723369611395
G009110,0,Latin America,0.0
G009111,0,Middle East,0.0
G009112,0,Oceania,50.26136342486468
G009113,0,East Asia,0.0
G009114,0,North America,33.37045757603645
G009115,0,Europe,29.927217598491545
G009116,0,Latin America,0.0
G009117,0,South Asia,0.0
G009118,0,Africa,0.0
G009119,0,Central & North Asia,19.771712565183638
G009120,0,Middle East,89.32911661252831
G009121,0,Latin America,0.0
G009122,0,Europe,51.69454893765305
G009123,0,Europe,55.93283454537392
G009124,0,North America,56.6203306077213
G009125,0,Central & North Asia,13.90851210927963
G009126,0,North America,68.8882047223792
G009127,0,Africa,81.2068561854489
G009128,0,Oceania,69.62038597410105
G009129,0,Middle East,82.08237553465368
G009130,0,Central & North Asia,56.87853762928023
G009131,0,Latin America,0.0
G009132,0,Latin America,57.31839844357245
G009133,0,Oceania,80.9204215746969
G009134,0,Africa,78.11251480481299
G009135,0,Central & North Asia,0.0
G009136,0,Africa,80.95666350978252
G009137,0,Africa,75.51807217717531
G009138,0,East Asia,0.0
G009139,0,North America,61.68583775676743
G009140,0,Africa,85.68797085011005
G009141,0,North America,24.922053088188168
G009142,0,Latin America,0.0
G009143,0,Oceania,61.30607393324375
G009144,0,Latin America,66.11416839869997
G009145,0,Africa,47.8696341635314
G009146,0,North America,61.261263237647924
G009147,0,North America,25.91110202515125
G009148,0,Africa,73.17164923509324
G009149,0,North America,32.45877897787094
G009150,0,East Asia,50.07309260898829
G009151,0,Africa,58.35914189818773
G009152,0,Latin America,62.55938936832457
G009153,0,North America,67.53317507482117
G009154,0,Middle East,0.0
G009155,0,Africa,66.67026513922215
G009156,0,Oceania,74.4582232662331
G009157,0,Latin America,72.5688810598778
G009158,0,Africa,91.39176379504529
G009159,0,East Asia,69.05182399559021
G009160,0,Latin America,73.07091863069391
G009161,0,Africa,80.89322636687756
G009162,0,Oceania,64.22634315377474
G009163,0,Latin America,39.59688290438507
G009164,0,Africa,0.0
G009165,0,Europe,30.962872243216538
G009166,0,North America,0.0
G009167,0,Central & North Asia,34.8160167427659
G009168,0,Africa,82.54050939571857
G009169,0,Central & North Asia,19.05598642587662
G009170,0,Latin America,75.95697849696379
G009171,0,Africa,83.70865024007088
G009172,0,South Asia,73.1732645854643
G009173,0,Central & North Asia,21.669290417194365
G009174,0,Africa,0.0
G009175,0,Latin America,72.37619793107653
G009176,0,Oceania,80.07028618818522
G009177,0,Central & North Asia,59.69378967589141
G009178,0,South Asia,65.04084482360247
G009179,0,North America,70.94013875438318
G009180,0,Africa,86.32001462769509
G009181,0,Africa,21.554108071804045
G009182,0,Central & North Asia,67.05285506549478
G009183,0,Oceania,80.49849352426828
G009184,0,East Asia,70.66902011138382
G009185,0,Latin America,0.0
G009186,0,Latin America,65.3201486147028
G009187,0,North America,76.53831847512723
G009188,0,Latin America,41.25701588654519
G009189,0,North America,54.21346491663925
G009190,0,Middle East,88.3683394983465
G009191,0,North America,51.218501535166396
G009192,0,Oceania,22.461822832107543
G009193,0,Middle East,72.28149471485614
G009194,0,Africa,74.32565027600528
G009195,0,Latin America,67.8417819530964
G009196,0,Central & North Asia,67.92098532776535
G009197,0,Africa,67.03668244227497
G009198,0,Africa,80.68197457330606
G009199,0,North America,90.97358657405593
G009200,0,Southeast Asia,0.0
G009201,0,Oceania,76.52043682986498
G009202,0,Africa,71.79719051877296
G009203,0,Africa,0.0
G009204,0,Latin America,72.8342198419571
G009205,0,East Asia,45.01862720227241
G009206,0,Africa,68.99651125565454
G009207,0,Latin America,66.75555535396121
G009208,0,North America,65.0619768598748
G009209,0,Africa,51.91782206583023
G009210,0,East Asia,64.906753916502
G009211,0,East Asia,69.35907033839823
G009212,0,Latin America,72.69106212142923
G009213,0,North America,21.516877565145492
G009214,0,Europe,25.63943164650599
G009215,0,Central & North Asia,18.65963164138794
G009216,0,Africa,84.93079020868987
G009217,0,North America,16.485731602000467
G009218,0,Africa,81.21935944974423
G009219,0,East Asia,62.417931035280226
G009220,0,East Asia,74.26706235587598
G009221,0,East Asia,0.0
G009222,0,Africa,90.9809256039754
G009223,0,Latin America,29.649602210998534
G009224,0,Europe,57.70054814241872
G009225,0,Oceania,71.17577897018195
G009226,0,Africa,0.0
G009227,0,Latin America,81.02712469509878
G009228,0,Middle East,64.21479401487112
G009229,0,North America,41.39786005750298
G009230,0,Latin America,70.86735634340482
G009231,0,North America,67.3317989165783
G009232,0,East Asia,0.0
G009233,0,Latin America,50.31328127670287
G009234,0,Europe,68.13604290599534
G009235,0,Latin America,43.17410675287247
G009236,0,Africa,39.295072175502774
G009237,0,Latin America,71.3579341192941
G009238,0,South Asia,41.06035879659653
G009239,0,South Asia,75.0214540234208
G009240,0,Africa,83.33476126217843
G009241,0,Latin America,60.95896266752301
G009242,0,North America,46.25986086373031
G009243,0,Latin America,0.0
G009244,0,Latin America,70.22202290847898
G009245,0,East Asia,77.82799536830187
G009246,0,Africa,81.34921024571766
G009247,0,Central & North Asia,17.110971078991888
G009248,0,Africa,62.398750555396084
G009249,0,Europe,53.98676042354106
G009250,0,Oceania,70.81187995475531
G009251,0,Africa,66.01466312460465
G009252,0,Europe,0.0
G009253,0,Southeast Asia,70.1486121199131
G009254,0,North America,30.271555458903315
G009255,0,Europe,52.27204542867704
G009256,0,East Asia,0.0
G009257,0,Latin America,71.81832076891986
G009258,0,Middle East,81.80489139735833
G009259,0,Africa,79.86564091859262
G009260,0,Oceania,71.09816580903531
G009261,0,Central & North Asia,36.852440782368184
G009262,0,Africa,73.00950155979577
G009263,0,South Asia,83.94700056630916
G009264,0,North America,28.94151502621174
G009265,0,Latin America,76.98992475271315
G009266,0,Oceania,72.02431711751223
G009267,0,Central & North Asia,21.01438486232902
G009268,0,Southeast Asia,28.70505010214719
G009269,0,East Asia,0.0
G009270,0,East Asia,53.788350692868235
G009271,0,Central & North Asia,0.0
G009272,0,Europe,33.405794451951984
G009273,0,Europe,33.523841067353885
G009274,0,North America,67.52468655704008
G009275,0,Africa,81.07653056097755
G009276,0,Latin America,44.08449025344849
G009277,0,Middle East,74.88546856349707
G009278,0,South Asia,72.17854071289301
G009279,0,Oceania,74.12194636201859
G009280,0,North America,48.47150582671888
G009281,0,Africa,84.5761156231269
G009282,0,Africa,87.1653942476958
G009283,0,East Asia,0.0
G009284,0,Africa,89.07884883774682
G009285,0,Europe,58.228035706520075
G009286,0,Central & North Asia,54.269386945533014
G009287,0,Southeast Asia,37.33526280082356
G009288,0,Central & North Asia,70.80786172240973
G009289,0,Southeast Asia,67.64645899760724
G009290,0,Central & North Asia,0.0
G009291,0,North America,58.155194227814675
G009292,0,Oceania,73.64471546148532
G009293,0,Middle East,0.0
G009294,0,North America,78.6992859872399
G009295,0,Africa,60.261288794842635
G009296,0,North America,27.000100204408174
G009297,0,Europe,0.0
G009298,0,Africa,85.31995906469227
G009299,0,Latin America,51.21980613511982
G009300,0,Central & North Asia,61.34969878553983
G009301,0,Europe,28.680038095658478
G009302,0,Latin America,63.43888203445077
G009303,0,North America,0.0
G009304,0,North America,52.58829423642158
G009305,0,Africa,25.7628215212822
G009306,0,Africa,77.08073784109679
G009307,0,North America,50.250748566883985
G009308,0,Africa,85.08983548830315
G009309,0,East Asia,67.63026422661453
G009310,0,North America,0.0
G009311,0,Latin America,47.80141016869111
G009312,0,East Asia,0.0
G009313,0,Southeast Asia,0.0
G009314,0,Oceania,80.59073974329235
G009315,0,Latin America,83.14384702777862
G009316,0,North America,35.86040194761753
G009317,0,Oceania,75.63845181360843
G009318,0,Africa,85.6666481923461
G009319,0,Middle East,79.38287151628732
G009320,0,Central & North Asia,62.34875694218277
G009321,0,Oceania,0.0
G009322,0,East Asia,61.95323086762608
G009323,0,East Asia,69.78850937962532
G009324,0,North America,0.0
G009325,0,Central & North Asia,16.91523715186119
G009326,0,Oceania,78.62490847390889
G009327,0,Central & North Asia,41.257726705402135
G009328,0,Middle East,66.61323620165885
G009329,0,Latin America,0.0
G009330,0,Southeast Asia,0.0
G009331,0,Southeast Asia,66.42819792981581
G009332,0,Latin America,48.223131526768206
G009333,0,Middle East,86.64132049951951
G009334,0,Central & North Asia,0.0
G009335,0,North America,37.13095206046105
G009336,0,East Asia,0.0
G009337,0,Central & North Asia,68.64815481829643
G009338,0,Europe,60.43529122270554
G009339,0,Latin America,0.0
G009340,0,Latin America,0.0
G009341,0,North America,52.44629961729049
G009342,0,Africa,35.43478073644638
G009343,0,Latin America,57.92245594998562
G009344,0,North America,47.62147335100174
G009345,0,East Asia,0.0
G009346,0,Latin America,60.29071052674091
G009347,0,Middle East,0.0
G009348,0,Central & North Asia,0.0
G009349,0,Central & North Asia,52.45788168834646
G009350,0,Latin America,0.0
G009351,0,South Asia,74.40259084254504
G009352,0,Latin America,52.10330836495125
G009353,0,East Asia,0.0
G009354,0,Africa,80.15293300628663
G009355,0,North America,0.0
G009356,0,Europe,43.33683227879351
G009357,0,North America,70.59483371155913
G009358,0,Europe,47.46645058875734
G009359,0,Oceania,73.21659284326435
G009360,0,East Asia,45.776936854600905
G009361,0,Southeast Asia,49.387445085164266
G009362,0,Oceania,76.66013719344139
G009363,0,Africa,84.52073478848556
G009364,0,Africa,77.42316836890126
G009365,0,Middle East,89.34152430317619
G009366,0,Europe,56.97919801507574
G009367,0,North America,75.84980841436621
G009368,0,Africa,81.28550189132989
G009369,0,Central & North Asia,40.52778729075193
G009370,0,Europe,15.440013104893943
G009371,0,Africa,83.9981951545328
G009372,0,Central & North Asia,32.5944893900156
G009373,0,Central & North Asia,22.045488999186137
G009374,0,North America,0.0
G009375,0,Latin America,25.41017649316788
G009376,0,Latin America,58.94520605517879
G009377,0,Europe,33.216089550047215
G009378,0,Oceania,33.09212222719193
G009379,0,Oceania,72.94425454397002
G009380,0,Central & North Asia,28.508884149909015
G009381,0,South Asia,73.62378685712814
G009382,0,Africa,39.75915388679505
G009383,0,Central & North Asia,54.537721061816725
G009384,0,Africa,0.0
G009385,0,Africa,85.15529813498259
G009386,0,North America,51.95822971960271
G009387,0,Central & North Asia,39.735982736945154
G009388,0,North America,56.88515656937794
G009389,0,Africa,83.59006775039434
G009390,0,Latin America,46.58968721818925
G009391,0,Africa,47.94152338345845
G009392,0,North America,82.3992531607702
G009393,0,Africa,86.321786863346
G009394,0,East Asia,64.0956169833988
G009395,0,Africa,83.45055044381365
G009396,0,Africa,83.57932279661027
G009397,0,Europe,20.323871707439423
G009398,0,Oceania,77.73106697428226
G009399,0,Africa,69.20873163420505
G009400,0,Africa,71.08162668669765
G009401,0,Africa,84.50759016738833
G009402,0,Africa,79.0265025357568
G009403,0,Latin America,49.2659933200316
G009404,0,Southeast Asia,0.0
G009405,0,Middle East,0.0
G009406,0,Middle East,76.11674312206199
G009407,0,Europe,26.934480318159764
G009408,0,Oceania,0.0
G009409,0,Europe,43.19611689323186
G009410,0,Central & North Asia,21.159793485294685
G009411,0,Oceania,80.19275812917948
G009412,0,Africa,79.37433526748599
G009413,0,North America,29.414915529847143
G009414,0,Africa,83.68193972318822
G009415,0,North America,22.764503453612324
G009416,0,North America,93.49193223232707
G009417,0,East Asia,68.3282060494423
G009418,0,Southeast Asia,0.0
G009419,0,North America,0.0
G009420,0,Africa,81.11969279760484
G009421,0,Latin America,0.0
G009422,0,Europe,33.92611892294884
G009423,0,East Asia,0.0
G009424,0,Europe,40.64417389722304
G009425,0,South Asia,77.06188200962274
G009426,0,Central & North Asia,72.30702704790235
G009427,0,Middle East,92.11285868374327
G009428,0,Europe,61.43425972304198
G009429,0,Latin America,56.746286931883205
G009430,0,East Asia,76.35054902717472
G009431,0,Africa,82.8065827832285
G009432,0,Central & North Asia,25.06355571138859
G009433,0,Central & North Asia,28.032051087021827
G009434,0,Africa,0.0
G009435,0,Africa,69.15504793596267
G009436,0,Latin America,37.585002402305605
G009437,0,Africa,52.38878122655189
G009438,0,Latin America,81.22845849934312
G009439,0,East Asia,0.0
G009440,0,North America,54.35697972313564
G009441,0,Africa,48.26642669057847
G009442,0,Latin America,0.0
G009443,0,North America,70.4682758216858
G009444,0,Middle East,69.0841823341142
G009445,0,Latin America,77.6640947233005
G009446,0,Southeast Asia,0.0
G009447,0,Latin America,71.2300996081766
G009448,0,Europe,64.10504121715192
G009449,0,Europe,0.0
G009450,0,Latin America,71.52218585624477
G009451,0,East Asia,64.6140968648981
G009452,0,North America,0.0
G009453,0,Latin America,27.972624339103696
G009454,0,North America,0.0
G009455,0,Latin America,0.0
G009456,0,Africa,49.91628132103429
G009457,0,East Asia,0.0
G009458,0,Africa,63.166197128547864
G009459,0,East Asia,0.0
G009460,0,Middle East,79.51727202228524
G009461,0,Africa,69.13444597005348
G009462,0,Latin America,30.394937481880184
G009463,0,Southeast Asia,61.01731544828415
G009464,0,South Asia,57.3866918482094
G009465,0,Central & North Asia,0.0
G009466,0,Central & North Asia,39.577338733673095
G009467,0,Latin America,81.94828651052171
G009468,0,Europe,59.95946909171342
G009469,0,Latin America,76.5152679535286
G009470,0,South Asia,73.16563250805437
G009471,0,North America,49.67630688352837
G009472,0,Central & North Asia,64.70642533338432
G009473,0,Africa,82.18122181425312
G009474,0,East Asia,0.0
G009475,0,North America,39.991558952391145
G009476,0,Europe,37.76471632991234
G009477,0,Latin America,60.961625142307
G009478,0,Africa,61.24725500053347
G009479,0,Latin America,49.83432071029779
G009480,0,North America,78.70945468150124
G009481,0,North America,0.0
G009482,0,South Asia,41.55021907686103
G009483,0,Africa,84.55038764956593
G009484,0,Africa,72.22643822421811
G009485,0,Africa,82.30073918527455
G009486,0,Latin America,63.42760633155071
G009487,0,Oceania,77.91495611169935
G009488,0,Europe,33.14110559704087
G009489,0,Southeast Asia,0.0
G009490,0,South Asia,0.0
G009491,0,North America,0.0
G009492,0,Africa,68.54161874616146
G009493,0,East Asia,74.70693209883572
G009494,0,North America,78.21101617693901
G009495,0,North America,68.05300587364037
G009496,0,Oceania,77.45953367081285
G009497,0,Europe,21.568864081140724
G009498,0,Central & North Asia,26.025682417392737
G009499,0,North America,48.40398070811142
G009500,0,Central & North Asia,33.83629362082481
G009501,0,Africa,45.815077402476106
G009502,0,Southeast Asia,43.672834476947784
G009503,0,Africa,84.46704446943104
G009504,0,North America,24.23104633224011
G009505,0,North America,37.09814379441738
G009506,0,Central & North Asia,30.729868024970546
G009507,0,Southeast Asia,50.91138771314332
G009508,0,Latin America,44.14695795923472
G009509,0,Africa,70.8576249883247
G009510,0,North America,0.0
G009511,0,Latin America,61.2774960578644
G009512,0,Latin America,39.39153903484345
G009513,0,Southeast Asia,0.0
G009514,0,Southeast Asia,75.52915501341315
G009515,0,Latin America,72.43139786226462
G009516,0,Central & North Asia,39.343951758298005
G009517,0,Latin America,60.810126476466664
G009518,0,South Asia,77.33547988826037
G009519,0,Africa,72.50945757361615
G009520,0,Latin America,0.0
G009521,0,Africa,86.24287721914054
G009522,0,Europe,0.0
G009523,0,Africa,75.699623875795
G009524,0,Central & North Asia,29.12114816570282
G009525,0,Central & North Asia,0.0
G009526,0,North America,0.0
G009527,0,Latin America,63.90161835795279
G009528,0,North America,0.0
G009529,0,Oceania,73.41447758305073
G009530,0,Latin America,50.31777439759356
G009531,0,Latin America,82.81938735619639
G009532,0,Middle East,78.96701948484778
G009533,0,North America,54.707063760280604
G009534,0,North America,37.96595660257339
G009535,0,Africa,73.8602152301669
G009536,0,Europe,57.89570516759157
G009537,0,Africa,72.99673803220553
G009538,0,East Asia,0.0
G009539,0,Africa,0.0
G009540,0,Latin America,76.09752096571073
G009541,0,Africa,52.03727935405211
G009542,0,Southeast Asia,65.72157840537663
G009543,0,Africa,81.64712379002572
G009544,0,Middle East,74.364293369174
G009545,0,South Asia,42.64120601223455
G009546,0,Latin America,70.84526183048162
G009547,0,Latin America,70.6788844728235
G009548,0,North America,36.40391197288036
G009549,0,Central & North Asia,26.540389991283416
G009550,0,Oceania,0.0
G009551,0,Central & North Asia,17.28555382299423
G009552,0,Latin America,46.08730037271977
G009553,0,Africa,84.46927064010501
G009554,0,Africa,0.0
G009555,0,Oceania,74.83564259660244
G009556,0,Central & North Asia,28.193626369833947
G009557,0,Africa,85.98635175054633
G009558,0,Latin America,52.563727696895604
G009559,0,Europe,30.546725697517395
G009560,0,Latin America,0.0
G009561,0,North America,46.859580643892286
G009562,0,Central & North Asia,20.57432173880935
G009563,0,Europe,55.56970660601962
G009564,0,Southeast Asia,0.0
G009565,0,South Asia,72.8784559428692
G009566,0,North America,0.0
G009567,0,Africa,86.01571177906703
G009568,0,Africa,76.86499796619921
G009569,0,Latin America,0.0
G009570,0,Latin America,42.2263395869732
G009571,0,Europe,39.8593066234119
G009572,0,East Asia,0.0
G009573,0,Oceania,0.0
G009574,0,South Asia,0.0
G009575,0,Oceania,80.02312923091651
G009576,0,Oceania,37.528297200665335
G009577,0,Southeast Asia,0.0
G009578,0,Central & North Asia,31.717645896792412
G009579,0,Middle East,0.0
G009580,0,North America,42.630622517347334
G009581,0,South Asia,79.14678786065996
G009582,0,South Asia,82.62840839252146
G009583,0,East Asia,69.85105347772259
G009584,0,East Asia,71.85437371969223
G009585,0,East Asia,62.51253462875251
G009586,0,Africa,68.0843380626887
G009587,0,Africa,67.1798747522488
G009588,0,North America,80.77376816077665
G009589,0,North America,58.24215188834523
G009590,0,Central & North Asia,55.34329949980974
G009591,0,North America,41.91941894061638
G009592,0,Latin America,0.0
G009593,0,East Asia,0.0
G009594,0,Europe,57.18560680687427
G009595,0,Africa,86.5521184309423
G009596,0,Middle East,78.45811245451868
G009597,0,Africa,85.94151968085765
G009598,0,North America,61.96548266059341
G009599,0,Europe,58.91116549695802
G009600,0,Africa,48.14749279519284
G009601,0,Latin America,56.2354923055172
G009602,0,Latin America,67.50478743597053
G009603,0,North America,39.24247006738186
G009604,0,Africa,88.33162799519661
G009605,0,Middle East,83.55179263050087
G009606,0,Europe,23.183288421179306
G009607,0,Central & North Asia,36.33547605085373
G009608,0,Latin America,85.07181202803959
G009609,0,South Asia,82.77106538515876
G009610,0,Africa,0.0
G009611,0,Latin America,74.0716454268983
G009612,0,North America,37.2439888818264
G009613,0,Oceania,79.60630081015825
G009614,0,Africa,34.48540833520891
G009615,0,Europe,40.52093439315305
G009616,0,Latin America,34.26297607162594
G009617,0,North America,0.0
G009618,0,Southeast Asia,61.22358124904199
G009619,0,Latin America,71.42959284637192
G009620,0,North America,53.62167646262501
G009621,0,Latin America,26.042558492660522
G009622,0,Africa,76.69708577140172
G009623,0,Africa,86.84614083033802
G009624,0,South Asia,86.43538859734979
G009625,0,Africa,69.12827169490583
G009626,0,East Asia,59.580607539811815
G009627,0,Africa,67.15959226290927
G009628,0,Africa,92.5443105711946
G009629,0,Africa,66.59737827896892
G009630,0,Latin America,73.70369043482073
G009631,0,Africa,83.84504718314338
G009632,0,East Asia,80.14669221200727
G009633,0,Africa,67.94536616421468
G009634,0,Africa,81.89234862375261
G009635,0,East Asia,59.10850794980742
G009636,0,South Asia,0.0
G009637,0,North America,0.0
G009638,0,North America,48.60541132807732
G009639,0,Africa,53.01083941686153
G009640,0,Southeast Asia,0.0
G009641,0,Oceania,69.82263035434484
G009642,0,Oceania,80.78434616917372
G009643,0,East Asia,0.0
G009644,0,Africa,82.51641471838951
G009645,0,Oceania,67.27282278513908
G009646,0,Central & North Asia,60.0154924325049
G009647,0,Africa,86.78122422475798
G009648,0,Southeast Asia,74.09084624801079
G009649,0,Central & North Asia,63.85098465219411
G009650,0,Latin America,0.0
G009651,0,North America,75.740424320761
G009652,0,Middle East,81.32489772406221
G009653,0,Oceania,75.59509060281516
G009654,0,South Asia,70.5922196041743
G009655,0,Africa,83.19718373435735
G009656,0,Latin America,74.39606954471901
G009657,0,North America,31.92740789043903
G009658,0,Africa,79.29170007315278
G009659,0,Oceania,77.84142488491536
G009660,0,Oceania,65.04431866127254
G009661,0,Africa,82.02745313477516
G009662,0,Africa,65.03611919438839
G009663,0,Central & North Asia,58.71952897160162
G009664,0,Africa,93.13855209423465
G009665,0,North America,40.97170750689506
G009666,0,Africa,86.4764189184457
G009667,0,Africa,83.08317359144219
G009668,0,East Asia,47.8546673398921
G009669,0,Oceania,0.0
G009670,0,North America,83.74550440440936
G009671,0,Africa,0.0
G009672,0,Central & North Asia,40.4230060056448
G009673,0,Africa,84.6223341281414
G009674,0,Africa,81.99465214663743
G009675,0,Central & North Asia,64.23852062733472
G009676,0,North America,37.82403279793262
G009677,0,Africa,83.82601963839026
G009678,0,North America,55.176653591593116
G009679,0,Latin America,90.11887709173516
G009680,0,North America,78.5412456294822
G009681,0,Africa,64.80985642966448
G009682,0,Latin America,78.11965085348577
G009683,0,East Asia,18.529378505851284
G009684,0,East Asia,53.70061047754143
G009685,0,South Asia,72.38300060683488
G009686,0,North America,37.141424070477484
G009687,0,Africa,37.7237751455307
G009688,0,Latin America,37.52200943470001
G009689,0,Africa,85.74287738543748
G009690,0,Southeast Asia,26.967358365058896
G009691,0,North America,0.0
G009692,0,Latin America,68.70802847938465
G009693,0,Europe,51.76898286338647
G009694,0,Africa,48.802703482389454
G009695,0,North America,44.15050152933597
G009696,0,East Asia,58.995442310764034
G009697,0,East Asia,0.0
G009698,0,East Asia,77.67624004924298
G009699,0,Africa,63.202602840143626
G009700,0,Central & North Asia,36.85432617974281
G009701,0,North America,0.0
G009702,0,Africa,67.53580640468452
G009703,0,Africa,68.85875530234252
G009704,0,Africa,86.1371498992741
G009705,0,Middle East,70.68469001616538
G009706,0,Southeast Asia,0.0
G009707,0,South Asia,54.161026524944745
G009708,0,South Asia,60.958869260446605
G009709,0,Central & North Asia,23.489075041890146
G009710,0,Central & North Asia,27.4829114896059
G009711,0,East Asia,0.0
G009712,0,Oceania,78.66058986786008
G009713,0,Latin America,49.222440674543385
G009714,0,Europe,29.68270294615174
G009715,0,Oceania,78.48535830074549
G009716,0,Europe,57.20509303009646
G009717,0,North America,57.268006772330324
G009718,0,Latin America,74.67016813908359
G009719,0,Southeast Asia,0.0
G009720,0,Central & North Asia,16.71906092309952
G009721,0,North America,10.290230738826097
G009722,0,Africa,80.3118789938887
G009723,0,Europe,36.41216749492558
G009724,0,Latin America,47.07183654096181
G009725,0,Europe,42.72402754966914
G009726,0,Oceania,76.66204071497916
G009727,0,Africa,84.97870840141178
G009728,0,East Asia,0.0
G009729,0,Central & North Asia,38.409639521479605
G009730,0,Africa,0.0
G009731,0,Central & North Asia,42.43695987373771
G009732,0,Latin America,43.865643893003465
G009733,0,Africa,85.45217697191238
G009734,0,Latin America,59.39800050196503
G009735,0,Oceania,75.3228679934144
G009736,0,Central & North Asia,58.71729731523991
G009737,0,Latin America,0.0
G009738,0,Africa,0.0
G009739,0,Africa,62.821223949735824
G009740,0,Africa,83.73258794996144
G009741,0,Europe,27.020863086396997
G009742,0,Africa,59.74181620550155
G009743,0,Africa,84.09439215134806
G009744,0,North America,50.7653202148134
G009745,0,Central & North Asia,36.8129364837408
G009746,0,North America,39.63334829354285
G009747,0,Africa,46.69727073001862
G009748,0,East Asia,55.978417679573546
G009749,0,East Asia,0.0
G009750,0,Africa,80.31777237579858
G009751,0,Latin America,29.79441957092285
G009752,0,North America,0.0
G009753,0,Central & North Asia,70.62538474659623
G009754,0,Central & North Asia,20.26141655278206
G009755,0,Oceania,74.2038763975203
G009756,0,East Asia,45.65608702508609
G009757,0,Latin America,28.69779255008698
G009758,0,North America,0.0
G009759,0,Europe,32.43904543685913
G009760,0,North America,77.74192421853542
G009761,0,Europe,0.0
G009762,0,East Asia,0.0
G009763,0,Latin America,56.95879829091377
G009764,0,Latin America,73.98452735393697
G009765,0,Middle East,80.08180083978176
G009766,0,Central & North Asia,0.0
G009767,0,Central & North Asia,40.991153281927105
G009768,0,North America,27.005381923437117
G009769,0,Middle East,84.82854378083348
G009770,0,North America,0.0
G009771,0,East Asia,67.59710304202817
G009772,0,Middle East,0.0
G009773,0,Oceania,80.20146126517653
G009774,0,Africa,61.43726936745283
G009775,0,Middle East,81.31662361019309
G009776,0,Middle East,84.18017854470014
G009777,0,Africa,79.71778457474709
G009778,0,Latin America,81.7404909055233
G009779,0,North America,0.0
G009780,0,Middle East,0.0
G009781,0,Latin America,73.81327414035796
G009782,0,East Asia,61.23151839303971
G009783,0,Middle East,84.98993659636379
G009784,0,Latin America,60.57976426306637
G009785,0,Latin America,45.62297013521918
G009786,0,Africa,86.71499553097784
G009787,0,North America,56.796652048945425
G009788,0,Africa,59.740362851348785
G009789,0,Oceania,0.0
G009790,0,North America,21.782596200234963
G009791,0,East Asia,67.0277632343173
G009792,0,North America,42.370647221088404
G009793,0,Africa,67.89676036157209
G009794,0,Africa,81.11454692792034
G009795,0,Middle East,58.09280817489552
G009796,0,North America,39.926110168278214
G009797,0,Oceania,76.92883699089289
G009798,0,Latin America,72.3422319022417
G009799,0,South Asia,78.02236409938337
G009800,0,Europe,50.40636635173451
G009801,0,North America,51.92409594601934
G009802,0,Central & North Asia,44.53389936504581
G009803,0,North America,39.579154196858404
G009804,0,Central & North Asia,76.8003670516231
G009805,0,Middle East,80.37108076290652
G009806,0,Oceania,56.67508733278513
G009807,0,Central & North Asia,31.255772168874735
G009808,0,Middle East,0.0
G009809,0,Latin America,75.07209179794427
G009810,0,North America,39.704724462628356
G009811,0,East Asia,0.0
G009812,0,North America,0.0
G009813,0,Central & North Asia,26.358575559854508
G009814,0,Africa,73.89617471247008
G009815,0,Latin America,44.769043458331716
G009816,0,Central & North Asia,65.573936828476
G009817,0,Latin America,40.43910172176361
G009818,0,Latin America,35.241567213058474
G009819,0,North America,42.42527108252048
G009820,0,Africa,75.25589011045838
G009821,0,East Asia,36.43940715138117
G009822,0,East Asia,57.944063843250284
G009823,0,Africa,73.74720764273948
G009824,0,South Asia,0.0
G009825,0,Africa,24.870527360916135
G009826,0,North America,41.62101802361011
G009827,0,Europe,44.97039284356796
G009828,0,Central & North Asia,14.057525055050851
G009829,0,Middle East,81.98518434225022
G009830,0,North America,0.0
G009831,0,Latin America,0.0
G009832,0,South Asia,58.39972248472273
G009833,0,East Asia,75.08917405127035
G009834,0,Central & North Asia,33.467492195963864
G009835,0,North America,0.0
G009836,0,Central & North Asia,36.346132376015184
G009837,0,Latin America,58.98700265330257
G009838,0,Europe,33.55261994022312
G009839,0,Europe,15.67182308125496
G009840,0,Africa,58.67355953025818
G009841,0,Africa,85.5663150074482
G009842,0,Europe,0.0
G009843,0,Middle East,84.1668556176424
G009844,0,Middle East,77.13999700678885
G009845,0,East Asia,0.0
G009846,0,Africa,0.0
G009847,0,Central & North Asia,62.62911106998992
G009848,0,Southeast Asia,0.0
G009849,0,East Asia,58.071192466720944
G009850,0,Africa,0.0
G009851,0,Africa,80.1159865698092
G009852,0,Central & North Asia,70.81566649169181
G009853,0,North America,84.629989104867
G009854,0,South Asia,60.701154403279226
G009855,0,Africa,84.9057747823596
G009856,0,Africa,43.3743763833046
G009857,0,Europe,57.29869167090366
G009858,0,Latin America,60.147719478607186
G009859,0,Africa,85.02920093736776
G009860,0,North America,47.710775816077536
G009861,0,North America,0.0
G009862,0,Central & North Asia,56.739087901562456
G009863,0,Southeast Asia,53.649224264668696
G009864,0,Middle East,92.69346763467789
G009865,0,North America,0.0
G009866,0,Central & North Asia,22.61376506090164
G009867,0,Africa,63.546624725656066
G009868,0,Africa,52.29866546034814
G009869,0,East Asia,71.9807316081524
G009870,0,Africa,73.902449426707
G009871,0,Africa,73.68390349698068
G009872,0,Latin America,0.0
G009873,0,Latin America,75.04043569887565
G009874,0,Central & North Asia,37.24791198766232
G009875,0,Latin America,74.4049233598113
G009876,0,Africa,74.75211042708159
G009877,0,Latin America,0.0
G009878,0,South Asia,74.89245631170274
G009879,0,North America,70.9852704248609
G009880,0,Africa,67.42903202712536
G009881,0,North America,34.946158862829215
G009882,0,Africa,66.82641751646996
G009883,0,Europe,26.957687006577853
G009884,0,Africa,84.38647443556786
G009885,0,Africa,86.21970218515396
G009886,0,Central & North Asia,19.12099255931377
G009887,0,Latin America,49.11899831855298
G009888,0,Europe,48.64077419415748
G009889,0,Oceania,71.01127886646987
G009890,0,Central & North Asia,53.38680229010727
G009891,0,Southeast Asia,0.0
G009892,0,Southeast Asia,70.30984874690482
G009893,0,Southeast Asia,54.05551663970947
G009894,0,South Asia,0.0
G009895,0,Middle East,80.35101882904769
G009896,0,North America,28.528259474754332
G009897,0,Africa,0.0
G009898,0,Southeast Asia,0.0
G009899,0,Oceania,70.2728197572385
G009900,0,Africa,81.17362213155627
G009901,0,Latin America,0.0
G009902,0,Africa,75.51669752400754
G009903,0,Oceania,74.93474789440631
G009904,0,Southeast Asia,0.0
G009905,0,Europe,46.64550354352504
G009906,0,Oceania,74.73508086066694
G009907,0,Latin America,0.0
G009908,0,Africa,76.30854852370918
G009909,0,North America,59.78026303575257
G009910,0,North America,37.52957474283874
G009911,0,Latin America,0.0
G009912,0,East Asia,74.92047788441182
G009913,0,Latin America,36.51883639004736
G009914,0,Africa,73.70113800644876
G009915,0,East Asia,81.5364574055455
G009916,0,Africa,87.09696667402983
G009917,0,Africa,86.3204936337471
G009918,0,Central & North Asia,46.70907012549132
G009919,0,Middle East,88.1795489853774
G009920,0,North America,0.0
G009921,0,Europe,6.731570521116256
G009922,0,Africa,68.19710805690289
G009923,0,Africa,79.31219551015262
G009924,0,South Asia,90.84882126326904
G009925,0,Latin America,67.2170030648293
G009926,0,South Asia,75.19271618963779
G009927,0,Europe,46.53940968155862
G009928,0,Africa,82.74540583369136
G009929,0,Middle East,75.57333600241849
G009930,0,Europe,46.165270267605784
G009931,0,South Asia,74.07722088025014
G009932,0,North America,36.8309637607336
G009933,0,Europe,38.77958333546825
G009934,0,Africa,79.51959153565765
G009935,0,North America,0.0
G009936,0,North America,83.21271447027814
G009937,0,Africa,40.14126394033432
G009938,0,Middle East,85.12824080501001
G009939,0,East Asia,58.0567004866004
G009940,0,Middle East,85.32225055949978
G009941,0,North America,32.875072435826965
G009942,0,Latin America,44.17843254876137
G009943,0,Latin America,0.0
G009944,0,Europe,19.744954369089818
G009945,0,North America,0.0
G009946,0,Africa,74.84271226781608
G009947,0,Latin America,71.43163897845241
G009948,0,Central & North Asia,38.633444698929786
G009949,0,Southeast Asia,51.8041469859788
G009950,0,Africa,54.05500228851854
G009951,0,Oceania,71.60502892690897
G009952,0,Latin America,57.20748341655732
G009953,0,Africa,67.77525765371324
G009954,0,Africa,94.95500903822077
G009955,0,Oceania,68.93720208960772
G009956,0,Latin America,0.0
G009957,0,Latin America,0.0
G009958,0,Latin America,69.94123285924665
G009959,0,North America,31.502023788392535
G009960,0,Europe,17.284425482265874
G009961,0,Oceania,0.0
G009962,0,Central & North Asia,23.782433808386326
G009963,0,Southeast Asia,60.90202364206314
G009964,0,South Asia,0.0
G009965,0,Africa,22.88977514123916
G009966,0,Europe,0.0
G009967,0,Southeast Asia,44.782359392166136
G009968,0,North America,18.4093783744682
G009969,0,Africa,73.43743796429308
G009970,0,Europe,61.24039093310364
G009971,0,Africa,83.4022007702589
G009972,0,East Asia,21.227090709209442
G009973,0,Oceania,0.0
G009974,0,Africa,82.21076579642298
G009975,0,Africa,0.0
G009976,0,Middle East,80.20936373639107
G009977,0,Africa,82.67771835070866
G009978,0,East Asia,71.27352918666782
G009979,0,Southeast Asia,54.307384469509124
G009980,0,Africa,86.46414401751757
G009981,0,Oceania,77.97160968923568
G009982,0,Africa,76.01574631229042
G009983,0,North America,41.62687887887656
G009984,0,Africa,83.71913866847935
G009985,0,Latin America,63.50946609678413
G009986,0,North America,26.817323645830154
G009987,0,Africa,0.0
G009988,0,Central & North Asia,0.0
G009989,0,Europe,50.51405103273463
G009990,0,Central & North Asia,28.230602631211276
G009991,0,Central & North Asia,38.272265772931505
G009992,0,North America,76.59132207684897
G009993,0,Africa,87.16200881177458
G009994,0,North America,36.31676069273732
G009995,0,Africa,42.65103418552514
G009996,0,Central & North Asia,30.681022244630444
G009997,0,Central & North Asia,59.589461060928585
G009998,0,North America,68.89280471938848
G009999,0,Africa,75.9907283148332
G010000,0,North America,27.68119501446233
G010001,0,Latin America,0.0
G010002,0,North America,0.0
G010003,0,Africa,76.49913650959729
G010004,0,North America,43.33847241398319
G010005,0,Africa,70.15290659213066
G010006,0,North America,29.894075651020717
G010007,0,Europe,23.504401575987988
G010008,0,North America,66.62393352329008
G010009,0,Oceania,81.53468669253589
G010010,0,Europe,37.61119493996013
G010011,0,North America,64.16603890976941
G010012,0,North America,40.94309765999019
G010013,0,Africa,87.81158493655018
G010014,0,East Asia,76.3557030479908
G010015,0,Africa,63.70456065156604
G010016,0,Africa,0.0
G010017,0,Oceania,0.0
G010018,0,East Asia,73.67739091716707
G010019,0,Africa,66.24754331839085
G010020,0,Latin America,26.087093299388886
G010021,0,Central & North Asia,21.24663322484493
G010022,0,East Asia,28.85533734653935
G010023,0,Africa,85.7968961815834
G010024,0,Africa,60.97841523383964
G010025,0,Africa,0.0
G010026,0,Africa,38.66814863967896
G010027,0,Africa,82.27709777448936
G010028,0,Africa,84.9652163233161
G010029,0,Central & North Asia,38.506825071394445
G010030,0,Latin America,66.97388111348947
G010031,0,North America,28.383213581085204
G010032,0,Latin America,29.466472410202027
G010033,0,Africa,79.16145782536269
G010034,0,Africa,0.0
G010035,0,Europe,0.0
G010036,0,Latin America,0.0
G010037,0,Africa,74.04751793313388
G010038,0,Africa,84.34236134910584
G010039,0,Africa,56.52183577859401
G010040,0,Africa,80.04238508769058
G010041,0,Africa,86.45696331296861
G010042,0,Oceania,0.0
G010043,0,Europe,44.230439897392735
G010044,0,Middle East,0.0
G010045,0,Africa,79.94001120443417
G010046,0,Oceania,78.25885687085986
G010047,0,Europe,0.0
G010048,0,Southeast Asia,33.49215446758271
G010049,0,Europe,43.623983046694235
G010050,0,Africa,81.03858384424449
G010051,0,Central & North Asia,67.83314325654507
G010052,0,Africa,79.1694994775653
G010053,0,Africa,86.68525553500291
G010054,0,Oceania,33.98178048992157
G010055,0,Africa,85.14111638862437
G010056,0,Africa,42.39315859031677
G010057,0,Middle East,74.01377711232955
G010058,0,Oceania,0.0
G010059,0,North America,42.13987113326788
G010060,0,North America,0.0
G010061,0,Africa,85.9994678106755
G010062,0,Latin America,35.666942979812625
G010063,0,Oceania,79.13870678064227
G010064,0,Africa,65.69552057917734
G010065,0,Africa,0.0
G010066,0,Middle East,82.61806052829506
G010067,0,East Asia,55.24354532706738
G010068,0,Europe,25.66606129497289
G010069,0,Latin America,68.06691466492776
G010070,0,Africa,93.42240260714834
G010071,0,Middle East,80.01212401920557
G010072,0,North America,64.74794275101297
G010073,0,Latin America,0.0
G010074,0,North America,61.74745421730749
G010075,0,North America,36.24266915905475
G010076,0,East Asia,64.6911490392685
G010077,0,Africa,79.06534773695469
G010078,0,Africa,83.11021084370216
G010079,0,Middle East,80.29570926407071
G010080,0,Europe,44.74272479824587
G010081,0,Middle East,85.39670288901031
G010082,0,North America,57.78627574375904
G010083,0,Europe,12.823033776730297
G010084,0,South Asia,88.24878080726032
G010085,0,Africa,77.64450296670199
G010086,0,Africa,69.94966452795087
G010087,0,Africa,76.41383467876912
G010088,0,Africa,85.56517946845294
G010089,0,Europe,35.197892740726466
G010090,0,North America,0.0
G010091,0,East Asia,59.34044146690495
G010092,0,Africa,61.549300776170966
G010093,0,Europe,45.60584426280494
G010094,0,North America,38.50121674633026
G010095,0,Middle East,82.27893538347159
G010096,0,Latin America,46.71169954776764
G010097,0,Africa,77.50687610542548
G010098,0,Latin America,77.83529760359635
G010099,0,Central & North Asia,68.44104126783664
G010100,0,North America,76.14715224882961
G010101,0,North America,0.0
G010102,0,Latin America,71.78986560863257
G010103,0,Africa,83.6764905782044
G010104,0,East Asia,82.76062487065792
G010105,0,Europe,60.039513633915874
G010106,0,North America,71.76727015889774
G010107,0,Central & North Asia,58.455835215479134
G010108,0,Africa,83.65550567362344
G010109,0,Latin America,54.02982088661194
G010110,0,Europe,63.22304599592181
G010111,0,East Asia,65.27884173019999
G010112,0,East Asia,0.0
G010113,0,Central & North Asia,38.659807684898375
G010114,0,East Asia,0.0
G010115,0,Africa,0.0
G010116,0,Latin America,39.41466503477097
G010117,0,Europe,48.377973351778394
G010118,0,Southeast Asia,0.0
G010119,0,Southeast Asia,64.33327078778454
G010120,0,Africa,82.35298505204554
G010121,0,Southeast Asia,0.0
G010122,0,Oceania,0.0
G010123,0,Africa,86.13001269489527
G010124,0,Africa,76.79359221081661
G010125,0,North America,71.42164023001266
G010126,0,Europe,44.6389074750344
G010127,0,East Asia,0.0
G010128,0,Southeast Asia,0.0
G010129,0,Central & North Asia,40.032199706137185
G010130,0,Europe,51.469665618405195
G010131,0,Africa,72.70902320158483
G010132,0,Oceania,65.41045864894987
G010133,0,Central & North Asia,14.3290580971241
G010134,0,South Asia,60.04838591492177
G010135,0,Africa,82.8635087019458
G010136,0,North America,0.0
G010137,0,Africa,83.56135157833994
G010138,0,Africa,81.5076306526932
G010139,0,Central & North Asia,73.00600086954235
G010140,0,Central & North Asia,20.440222779512407
G010141,0,Central & North Asia,0.0
G010142,0,North America,72.27126499855879
G010143,0,Oceania,82.84135461592675
G010144,0,Africa,75.03036959643796
G010145,0,East Asia,74.01077449965476
G010146,0,Central & North Asia,0.0
G010147,0,East Asia,72.32588978374005
G010148,0,Central & North Asia,71.90844748662909
G010149,0,Southeast Asia,35.254774990009544
G010150,0,Latin America,49.7525351061532
G010151,0,Africa,48.54236934534709
G010152,0,Oceania,79.52397977146506
G010153,0,Central & North Asia,0.0
G010154,0,North America,0.0
G010155,0,Central & North Asia,61.46530385529994
G010156,0,Europe,49.21024895757979
G010157,0,East Asia,61.22190429323911
G010158,0,Central & North Asia,61.379101004779336
G010159,0,Europe,0.0
G010160,0,Oceania,73.54607481980324
G010161,0,Oceania,76.18567733561721
G010162,0,Latin America,72.42093792626352
G010163,0,South Asia,77.86991311010087
G010164,0,Africa,70.95003449833393
G010165,0,Africa,67.0966811605999
G010166,0,North America,0.0
G010167,0,North America,57.10469817028804
G010168,0,Africa,79.12209886543452
G010169,0,Southeast Asia,0.0
G010170,0,North America,38.9098029785373
G010171,0,Central & North Asia,61.027830576702954
G010172,0,North America,43.64828960442543
G010173,0,Latin America,67.79001600987984
G010174,0,Africa,86.9845873779754
G010175,0,Africa,79.01263146130742
G010176,0,Africa,85.88067627218366
G010177,0,South Asia,87.14992182870796
G010178,0,North America,0.0
G010179,0,North America,0.0
G010180,0,Central & North Asia,72.81054933484643
G010181,0,Southeast Asia,56.00610502667499
G010182,0,East Asia,41.741586595685206
G010183,0,Africa,78.06570819139841
G010184,0,Central & North Asia,38.3342248506546
G010185,0,Middle East,84.4342227952855
G010186,0,Africa,78.93911157083512
G010187,0,Africa,64.1485421961546
G010188,0,Central & North Asia,53.61035761839151
G010189,0,Southeast Asia,0.0
G010190,0,South Asia,84.69519223979341
G010191,0,Africa,85.42662081846595
G010192,0,Africa,57.558895314509215
G010193,0,North America,21.75255579674244
G010194,0,Central & North Asia,54.54515082395077
G010195,0,Middle East,81.49173020508886
G010196,0,North America,41.00386164265871
G010197,0,Europe,32.08168579936028
G010198,0,Latin America,65.79602119483009
G010199,0,Africa,74.19916775336863
G010200,0,Central & North Asia,20.835765554785727
G010201,0,Oceania,33.625673253297805
G010202,0,Latin America,25.22442356109619
G010203,0,Oceania,70.83687889230433
G010204,0,Africa,87.33945219671728
G010205,0,North America,71.37769708847095
G010206,0,East Asia,62.89086411175132
G010207,0,East Asia,65.09170285396866
G010208,0,North America,0.0
G010209,0,East Asia,69.64266472274065
G010210,0,Central & North Asia,25.09784598231315
G010211,0,North America,0.0
G010212,0,Southeast Asia,55.38399000320967
G010213,0,Latin America,61.95940795037242
G010214,0,Africa,79.02911477133631
G010215,0,Central & North Asia,55.67084523837585
G010216,0,Europe,57.59318063908816
G010217,0,Latin America,73.5281293477994
G010218,0,Latin America,72.86486794754865
G010219,0,Oceania,80.58948269417883
G010220,0,Africa,88.51161424786756
G010221,0,Latin America,45.35637791371346
G010222,0,East Asia,0.0
G010223,0,Africa,57.822079468221375
G010224,0,North America,0.0
G010225,0,Africa,81.21976819738475
G010226,0,Latin America,52.24285082704371
G010227,0,Latin America,70.32898823806373
G010228,0,Middle East,80.23401532340048
G010229,0,Latin America,67.92347394764423
G010230,0,Latin America,72.15788085084972
G010231,0,Central & North Asia,27.006554177999497
G010232,0,Africa,92.43008452450506
G010233,0,Europe,31.05169647656788
G010234,0,Europe,57.45707859399825
G010235,0,East Asia,0.0
G010236,0,Africa,72.59461403018236
G010237,0,North America,41.349286400184035
G010238,0,Oceania,77.37700784128904
G010239,0,Latin America,56.15337375545864
G010240,0,East Asia,72.23752019188078
G010241,0,Central & North Asia,69.91032493483658
G010242,0,Europe,18.429446297049516
G010243,0,Europe,42.00099020457267
G010244,0,Central & North Asia,68.18663995039464
G010245,0,North America,44.70799576970303
G010246,0,Southeast Asia,66.46253291511537
G010247,0,Africa,58.526564528140156
G010248,0,Africa,85.11278428779679
G010249,0,Middle East,83.78730299174786
G010250,0,Central & North Asia,64.08507337237488
G010251,0,Africa,70.84231729324297
G010252,0,Central & North Asia,64.95502851989866
G010253,0,Latin America,55.34563047885895
G010254,0,Central & North Asia,70.8645948216274
G010255,0,Central & North Asia,36.9654244055748
G010256,0,Africa,83.01386980139036
G010257,0,North America,41.131634078741065
G010258,0,Africa,87.516085456267
G010259,0,Latin America,72.4062904300527
G010260,0,North America,0.0
G010261,0,East Asia,49.5431271332701
G010262,0,Europe,21.661867406845094
G010263,0,Africa,48.12471997931509
G010264,0,Europe,25.15721224033832
G010265,0,Middle East,95.57816439452247
G010266,0,East Asia,71.72932992009818
G010267,0,Africa,54.236972346305855
G010268,0,Latin America,53.25300053826968
G010269,0,Southeast Asia,58.64555250301958
G010270,0,Middle East,81.96811137482524
G010271,0,Oceania,31.498198863275125
G010272,0,Europe,68.86639551059947
G010273,0,North America,42.614395151019096
G010274,0,Oceania,75.70256095439196
G010275,0,North America,27.98788767540455
G010276,0,Africa,69.84248315451002
G010277,0,Oceania,76.6155419227481
G010278,0,South Asia,0.0
G010279,0,Africa,69.38213224506379
G010280,0,Central & North Asia,56.17340785294771
G010281,0,Africa,85.414070302248
G010282,0,North America,67.56887878009587
G010283,0,Latin America,35.949077147960665
G010284,0,Africa,83.83107051280322
G010285,0,Africa,85.71869988002561
G010286,0,North America,7.943404421567918
G010287,0,Africa,92.47069399110838
G010288,0,South Asia,73.16971317230751
G010289,0,Latin America,0.0
G010290,0,Central & North Asia,52.946227016080506
G010291,0,Africa,43.90495955038071
G010292,0,Oceania,65.52959363296854
G010293,0,Latin America,68.40853559728103
G010294,0,Central & North Asia,29.078848424404857
G010295,0,Middle East,87.2749921614907
G010296,0,North America,0.0
G010297,0,East Asia,71.15734340002095
G010298,0,North America,62.624600977897636
G010299,0,North America,38.55635552215576
G010300,0,Africa,72.04928390294315
G010301,0,Africa,82.96259930276871
G010302,0,Latin America,59.33378920768969
G010303,0,Europe,59.50756648725272
G010304,0,Africa,85.3768375739076
G010305,0,Central & North Asia,0.0
G010306,0,Middle East,76.46265321067428
G010307,0,Latin America,0.0
G010308,0,Europe,59.88790535509677
G010309,0,Africa,84.91085037952661
G010310,0,North America,64.84202889537812
G010311,0,North America,31.649048515558242
G010312,0,Middle East,80.45032895958425
G010313,0,North America,56.13135840135632
G010314,0,Africa,48.57731524205207
G010315,0,Central & North Asia,47.24394711210872
G010316,0,Africa,86.8634456936139
G010317,0,Africa,0.0
G010318,0,North America,37.05505124032498
G010319,0,Latin America,0.0
G010320,0,Central & North Asia,60.37784696045608
G010321,0,Europe,53.41448620038683
G010322,0,Africa,94.23812047707945
G010323,0,Latin America,38.788590092659
G010324,0,Africa,85.6647764467448
G010325,0,North America,78.69080227544903
G010326,0,Latin America,66.7614492533568
G010327,0,Middle East,87.588656313553
G010328,0,Africa,85.03477271306515
G010329,0,Oceania,0.0
G010330,0,South Asia,75.94330961174045
G010331,0,North America,82.06063036681307
G010332,0,East Asia,53.04439080610871
G010333,0,North America,23.77130919861793
G010334,0,Latin America,44.05348797285557
G010335,0,North America,65.8658154665042
G010336,0,East Asia,0.0
G010337,0,Middle East,85.11936201107503
G010338,0,Middle East,82.08563903081779
G010339,0,Oceania,77.69774127703906
G010340,0,Latin America,0.0
G010341,0,Latin America,77.4495560254274
G010342,0,Central & North Asia,15.101622008100147
G010343,0,Middle East,81.7157550972104
G010344,0,Oceania,63.87933258253335
G010345,0,Africa,72.7390801241398
G010346,0,Africa,88.42681370546511
G010347,0,North America,73.99929974461958
G010348,0,North America,24.39267111718654
G010349,0,North America,43.27739482319355
G010350,0,Africa,83.9952249551587
G010351,0,Europe,68.58169877704978
G010352,0,Europe,35.56969442677498
G010353,0,Latin America,46.86918151363821
G010354,0,Africa,68.51422542641743
G010355,0,Latin America,55.44124692809582
G010356,0,Central & North Asia,0.0
G010357,0,Central & North Asia,59.11231989696621
G010358,0,North America,37.87480669572949
G010359,0,East Asia,0.0
G010360,0,North America,81.33426258881074
G010361,0,Oceania,60.577948949337014
G010362,0,Latin America,85.85435495775938
G010363,0,Europe,0.0
G010364,0,Africa,0.0
G010365,0,Central & North Asia,14.090746519982817
G010366,0,South Asia,0.0
G010367,0,Africa,83.25954064744711
G010368,0,East Asia,72.35367232489585
G010369,0,Central & North Asia,76.50939458798098
G010370,0,East Asia,0.0
G010371,0,Middle East,82.60406332039834
G010372,0,North America,72.12848786690562
G010373,0,Central & North Asia,46.289921441125145
G010374,0,North America,36.79771991334179
G010375,0,Central & North Asia,27.148380500197412
G010376,0,Middle East,70.71016845945879
G010377,0,Africa,47.888630496501925
G010378,0,Africa,84.02994578889013
G010379,0,Africa,78.92938278131187
G010380,0,Europe,34.311607351144154
G010381,0,Africa,63.47497210883915
G010382,0,Oceania,80.13450931045413
G010383,0,Europe,82.9006558352736
G010384,0,Africa,74.6949990801811
G010385,0,Latin America,41.845271990180024
G010386,0,Africa,84.34884742459656
G010387,0,Central & North Asia,0.0
G010388,0,Latin America,45.4782203069817
G010389,0,Oceania,54.015908551879
G010390,0,Africa,70.54575061625242
G010391,0,Africa,79.49200650686659
G010392,0,North America,21.706182222366333
G010393,0,Africa,79.22381818379958
G010394,0,Middle East,0.0
G010395,0,East Asia,80.89979974162578
G010396,0,Africa,84.12571671628952
G010397,0,Central & North Asia,57.89148096910931
G010398,0,Middle East,68.8662023531063
G010399,0,Latin America,25.320275563716887
G010400,0,Latin America,41.59498635852337
G010401,0,Africa,79.67717664535344
G010402,0,Africa,87.41079434767366
G010403,0,Africa,81.82884304916858
G010404,0,Latin America,77.25314478798889
G010405,0,Africa,87.09838125546322
G010406,0,Central & North Asia,0.0
G010407,0,East Asia,0.0
G010408,0,Latin America,37.356420548915864
G010409,0,Europe,31.882582136804405
G010410,0,Middle East,86.31591348615198
G010411,0,Latin America,40.53352581429482
G010412,0,Oceania,78.61785856238008
G010413,0,Central & North Asia,0.0
G010414,0,Africa,86.12694945275783
G010415,0,Middle East,90.3254070012461
G010416,0,North America,0.0
G010417,0,Africa,48.53687420242483
G010418,0,North America,75.95562476578354
G010419,0,Middle East,77.68161429929734
G010420,0,Africa,87.20246519427002
G010421,0,North America,0.0
G010422,0,North America,0.0
G010423,0,Africa,83.4323984208107
G010424,0,Africa,44.03725932148731
G010425,0,Africa,82.54756321549056
G010426,0,Latin America,40.08751812887192
G010427,0,Latin America,66.55010946124791
G010428,0,Africa,0.0
G010429,0,Europe,0.0
G010430,0,Middle East,45.73911932618871
G010431,0,Europe,18.988908498764033
G010432,0,Africa,87.84143141002366
G010433,0,Africa,73.31092190051078
G010434,0,Africa,86.94494504114985
G010435,0,Middle East,0.0
G010436,0,Central & North Asia,60.34603351135507
G010437,0,Africa,80.36730921161175
G010438,0,Africa,80.52432744050026
G010439,0,North America,0.0
G010440,0,East Asia,65.02649305129053
G010441,0,Middle East,85.04544438032806
G010442,0,North America,29.653131366968154
G010443,0,Central & North Asia,49.10342657494545
G010444,0,Oceania,0.0
G010445,0,Central & North Asia,54.81778021208942
G010446,0,Africa,77.96145428615809
G010447,0,North America,71.76225731148685
G010448,0,North America,43.83641180193425
G010449,0,North America,0.0
G010450,0,Europe,60.31171636667396
G010451,0,Central & North Asia,31.073786172505585
G010452,0,South Asia,74.47343871980905
G010453,0,Middle East,66.1589537634434
G010454,0,Oceania,80.30074349546432
G010455,0,Latin America,30.017726734161382
G010456,0,Africa,83.26563002355351
G010457,0,Latin America,73.26168783641224
G010458,0,Africa,58.276465760173224
G010459,0,Africa,82.29285322281719
G010460,0,Africa,84.27722592296114
G010461,0,North America,51.171847477186816
G010462,0,East Asia,65.57487157702447
G010463,0,Oceania,77.4606915827213
G010464,0,Middle East,80.86994938981533
G010465,0,Europe,49.305431828975685
G010466,0,Africa,86.17761487589777
G010467,0,Latin America,66.53640908079075
G010468,0,Latin America,76.82815297138511
G010469,0,North America,69.72970644087864
G010470,0,East Asia,65.97518491879106
G010471,0,Central & North Asia,26.99573853887211
G010472,0,Oceania,78.88489508369567
G010473,0,North America,80.66475753450304
G010474,0,Southeast Asia,0.0
G010475,0,Southeast Asia,74.52032088625431
G010476,0,Central & North Asia,65.95334533424676
G010477,0,Latin America,74.01025072286164
G010478,0,Oceania,78.58982304638624
G010479,0,Latin America,78.95256054491527
G010480,0,Central & North Asia,60.13653527541685
G010481,0,Africa,79.89976913882792
G010482,0,Central & North Asia,65.67185277223587
G010483,0,Africa,83.24026333785058
G010484,0,North America,0.0
G010485,0,Central & North Asia,0.0
G010486,0,North America,0.0
G010487,0,Oceania,68.28505300643589
G010488,0,North America,85.3403455951864
G010489,0,Oceania,67.69176596037185
G010490,0,Latin America,0.0
G010491,0,Central & North Asia,29.10130032976288
G010492,0,North America,77.93231564014789
G010493,0,Africa,75.35642237290288
G010494,0,Middle East,0.0
G010495,0,Africa,34.82907920932771
G010496,0,Central & North Asia,62.82486021353304
G010497,0,Southeast Asia,49.90260475409031
G010498,0,Central & North Asia,18.873670846223828
G010499,0,Central & North Asia,0.0
G010500,0,North America,37.95926730823517
G010501,0,Latin America,73.10325317332239
G010502,0,Central & North Asia,0.0
G010503,0,Africa,89.86930606236692
G010504,0,North America,75.31168247110375
G010505,0,Latin America,71.42207381361182
G010506,0,Central & North Asia,0.0
G010507,0,North America,27.715339712142946
G010508,0,North America,67.33712504303456
G010509,0,Africa,83.4795501397103
G010510,0,East Asia,44.46564341512955
G010511,0,Europe,48.113213732728454
G010512,0,Africa,85.1797051640153
G010513,0,Middle East,78.02078960723587
G010514,0,Middle East,94.31302851931073
G010515,0,Latin America,0.0
G010516,0,Africa,82.70092593216897
G010517,0,Middle East,0.0
G010518,0,Africa,45.81757792059581
G010519,0,Africa,54.75157975754593
G010520,0,North America,76.0083619622019
G010521,0,Latin America,0.0
G010522,0,Central & North Asia,52.536560675010534
G010523,0,Africa,53.83127348167247
G010524,0,Central & North Asia,16.03145920205116
G010525,0,Africa,54.941069819995846
G010526,0,Middle East,0.0
G010527,0,East Asia,26.204807921539654
G010528,0,Africa,85.26598738712073
G010529,0,Middle East,0.0
G010530,0,Central & North Asia,33.33543252086639
G010531,0,North America,20.49524055290222
G010532,0,Central & North Asia,62.00228045901657
G010533,0,North America,37.77035663485527
G010534,0,Central & North Asia,41.82000920733899
G010535,0,Africa,85.5178295056224
G010536,0,Europe,59.39486011497631
G010537,0,Europe,43.85574962114565
G010538,0,North America,38.95954587376118
G010539,0,Central & North Asia,15.505907482266423
G010540,0,Africa,93.72719413638205
G010541,0,North America,0.0
G010542,0,Africa,70.6572916663307
G010543,0,Central & North Asia,35.08884779894352
G010544,0,Central & North Asia,37.889643219470976
G010545,0,Oceania,71.90656361982316
G010546,0,Africa,83.68354115229845
G010547,0,Central & North Asia,32.207607889175414
G010548,0,Southeast Asia,64.96372875354507
G010549,0,Latin America,70.99165216264942
G010550,0,Africa,73.28249340744317
G010551,0,Europe,14.10390153356032
G010552,0,Africa,85.45899472934009
G010553,0,North America,28.045148621797562
G010554,0,Africa,84.54377799428141
G010555,0,Central & North Asia,62.068911065911706
G010556,0,Central & North Asia,35.62440612840652
G010557,0,East Asia,72.05749337887765
G010558,0,Africa,80.87329139375687
G010559,0,Oceania,77.06293867248299
G010560,0,Africa,45.01278543174267
G010561,0,Africa,65.10583104169369
G010562,0,Latin America,75.8211230474846
G010563,0,Oceania,79.3308673480749
G010564,0,Central & North Asia,0.0
G010565,0,South Asia,68.51057953280211
G010566,0,Middle East,75.41380985416156
G010567,0,Africa,0.0
G010568,0,Europe,40.71066504540046
G010569,0,Africa,53.40972920513154
G010570,0,Europe,64.73586360263643
G010571,0,East Asia,0.0
G010572,0,Oceania,77.70066909775139
G010573,0,Oceania,0.0
G010574,0,Southeast Asia,0.0
G010575,0,Latin America,65.15433015840341
G010576,0,North America,23.195014243006707
G010577,0,Africa,65.2426678776741
G010578,0,North America,0.0
G010579,0,South Asia,88.79350976235035
G010580,0,North America,38.44388426083326
G010581,0,Latin America,48.57579889517481
G010582,0,Africa,86.95752964925767
G010583,0,Central & North Asia,0.0
G010584,0,East Asia,58.026474732967934
G010585,0,Oceania,0.0
G010586,0,Europe,42.33696929419041
G010587,0,Oceania,74.8870980245173
G010588,0,Africa,69.21436588583572
G010589,0,Central & North Asia,30.67462071687344
G010590,0,Central & North Asia,71.41923811891677
G010591,0,Central & North Asia,34.68528360664844
G010592,0,Europe,22.487025012229424
G010593,0,Latin America,0.0
G010594,0,Africa,82.66362275411187
G010595,0,Africa,81.09037122613192
G010596,0,Africa,49.12339621973038
G010597,0,Middle East,85.00369847010076
G010598,0,Latin America,54.24112374854088
G010599,0,Oceania,74.52972431939841
G010600,0,Africa,73.43136494444899
G010601,0,South Asia,52.95345242708379
G010602,0,Central & North Asia,40.320137113451956
G010603,0,Oceania,74.00297920560837
G010604,0,Oceania,76.59573599359393
G010605,0,Africa,67.85830452667946
G010606,0,Central & North Asia,24.61499883365631
G010607,0,Latin America,31.77263873958588
G010608,0,Southeast Asia,70.4610666570808
G010609,0,Oceania,78.14614284968377
G010610,0,Africa,80.3771425461462
G010611,0,Europe,52.09119153898051
G010612,0,Oceania,78.45207641346009
G010613,0,Oceania,73.50545861325483
G010614,0,Central & North Asia,27.534962648391726
G010615,0,Africa,94.28743354407587
G010616,0,Africa,85.23094603371621
G010617,0,Central & North Asia,66.48568215413391
G010618,0,Oceania,81.16166980632394
G010619,0,Latin America,66.74992399316847
G010620,0,Central & North Asia,41.761538003623485
G010621,0,Africa,57.52409660973693
G010622,0,Middle East,71.60133668687307
G010623,0,Oceania,55.66303552580602
G010624,0,North America,81.72643181411337
G010625,0,South Asia,69.62922220598387
G010626,0,Africa,85.2156196924448
G010627,0,Central & North Asia,60.128587479978805
G010628,0,Africa,67.52829492616654
G010629,0,Latin America,0.0
G010630,0,Africa,67.79386779547099
G010631,0,Africa,86.94175876057149
G010632,0,Africa,84.8279447840452
G010633,0,Africa,44.72388474845886
G010634,0,Southeast Asia,54.15789336487742
G010635,0,Oceania,79.67650590850414
G010636,0,East Asia,0.0
G010637,0,Africa,83.65921695415992
G010638,0,Africa,86.3313822750973
G010639,0,Central & North Asia,57.52930916079608
G010640,0,Europe,35.39682839587602
G010641,0,Central & North Asia,22.917755501747134
G010642,0,North America,68.31526491653919
G010643,0,North America,39.872352148175246
G010644,0,South Asia,0.0
G010645,0,North America,0.0
G010646,0,Latin America,72.22216508523623
G010647,0,North America,0.0
G010648,0,North America,40.516365435600285
G010649,0,Africa,80.29871634352207
G010650,0,North America,63.029624485015866
G010651,0,Europe,0.0
G010652,0,Africa,84.21388010710477
G010653,0,Latin America,77.88937601129938
G010654,0,Latin America,73.12631298995018
G010655,0,Middle East,89.01857498786802
G010656,0,Africa,86.12381596763431
G010657,0,North America,81.45433139081256
G010658,0,Central & North Asia,0.0
G010659,0,Africa,76.72512327767865
G010660,0,Africa,50.620866281950114
G010661,0,Africa,75.75334668754448
G010662,0,Middle East,0.0
G010663,0,Africa,0.0
G010664,0,North America,61.90585175568769
G010665,0,Africa,86.34932246749104
G010666,0,Central & North Asia,30.942166593670844
G010667,0,North America,28.1821416367473
G010668,0,Central & North Asia,30.451566313028337
G010669,0,North America,57.91007653424957
G010670,0,Central & North Asia,40.901506391242144
G010671,0,Africa,79.69644330865145
G010672,0,Africa,0.0
G010673,0,Africa,66.50110972046852
G010674,0,Latin America,29.59035190725327
G010675,0,Central & North Asia,62.09368743610382
G010676,0,North America,0.0
G010677,0,Africa,76.00997453235678
G010678,0,Africa,58.502662586689006
G010679,0,Southeast Asia,0.0
G010680,0,East Asia,73.96680312088134
G010681,0,North America,75.2016198186748
G010682,0,Middle East,0.0
G010683,0,Africa,71.91648592926879
G010684,0,North America,0.0
G010685,0,North America,62.208963460803034
G010686,0,Europe,0.0
G010687,0,North America,0.0
G010688,0,Oceania,60.95640122544766
G010689,0,Southeast Asia,26.840176401615146
G010690,0,Africa,72.32318447081882
G010691,0,Southeast Asia,27.731484048843384
G010692,0,North America,88.53406980513444
G010693,0,Africa,72.36482791423799
G010694,0,Central & North Asia,25.62570846712589
G010695,0,Europe,35.43949155285864
G010696,0,Africa,85.70626380640269
G010697,0,Middle East,72.72607650180612
G010698,0,North America,34.18681883531809
G010699,0,North America,54.634154562278226
G010700,0,Oceania,80.22152565064124
G010701,0,Central & North Asia,57.84619358938933
G010702,0,Central & North Asia,33.95483530342579
G010703,0,Europe,60.21652097340424
G010704,0,Latin America,26.154912562370303
G010705,0,North America,0.0
G010706,0,East Asia,74.4553340445757
G010707,0,East Asia,70.21195850806886
G010708,0,Europe,0.0
G010709,0,Europe,41.51266278750607
G010710,0,Africa,91.24784064931039
G010711,0,North America,47.01046133815158
G010712,0,Central & North Asia,70.76163191598653
G010713,0,North America,78.83958543249966
G010714,0,East Asia,0.0
G010715,0,North America,53.47870686948299
G010716,0,Africa,79.3838057216704
G010717,0,Africa,92.82085077168003
G010718,0,North America,82.64541802492919
G010719,0,Oceania,48.11466488676722
G010720,0,Latin America,47.647976176146315
G010721,0,Africa,53.647907656908046
G010722,0,Africa,85.4374009374529
G010723,0,Africa,0.0
G010724,0,Africa,79.63756266716123
G010725,0,Oceania,80.42785413779319
G010726,0,Africa,85.58169357255102
G010727,0,East Asia,75.02541869938374
G010728,0,Latin America,26.55661403226852
G010729,0,Central & North Asia,22.64930116569996
G010730,0,Africa,52.84715758985462
G010731,0,Europe,51.35118042902332
G010732,0,North America,41.822660544216625
G010733,0,Middle East,78.49366150895032
G010734,0,South Asia,0.0
G010735,0,East Asia,0.0
G010736,0,Latin America,66.04192412646613
G010737,0,Africa,0.0
G010738,0,North America,48.694171917118815
G010739,0,North America,76.56025802570491
G010740,0,East Asia,50.86728066282923
G010741,0,Africa,84.31301178990078
G010742,0,Latin America,31.740017792224883
G010743,0,North America,29.361543360348907
G010744,0,North America,34.437478518128394
G010745,0,Central & North Asia,63.05828684288264
G010746,0,Latin America,56.40264998245239
G010747,0,Africa,84.98343481098162
G010748,0,North America,35.279825542189855
G010749,0,Latin America,0.0
G010750,0,Latin America,78.3262779907792
G010751,0,Europe,61.447739874720575
G010752,0,North America,26.17376598186565
G010753,0,Africa,70.31972315775987
G010754,0,Africa,65.64229570999652
G010755,0,Central & North Asia,32.92163583803177
G010756,0,North America,0.0
G010757,0,Africa,63.79438609870637
G010758,0,Europe,45.523678223935036
G010759,0,Latin America,57.49053322748705
G010760,0,Latin America,58.30539934379946
G010761,0,Africa,83.52905175089114
G010762,0,North America,46.523714437007904
G010763,0,Latin America,35.6253644604683
G010764,0,Europe,30.89352005633441
G010765,0,Africa,47.274848139575035
G010766,0,Southeast Asia,41.18184689712525
G010767,0,East Asia,52.59217222555117
G010768,0,Middle East,84.5458452635823
G010769,0,Africa,53.15139057636261
G010770,0,North America,56.796971256219976
G010771,0,East Asia,73.31651588392258
G010772,0,Latin America,0.0
G010773,0,Middle East,94.5667960615122
G010774,0,North America,36.0768500444889
G010775,0,North America,24.058515196323395
G010776,0,East Asia,68.50605391629266
G010777,0,Latin America,37.90532501459122
G010778,0,Africa,86.30185862824321
G010779,0,Latin America,27.41877544593811
G010780,0,Central & North Asia,63.876882722333086
G010781,0,East Asia,60.85508876424576
G010782,0,East Asia,0.0
G010783,0,Africa,32.46151756522149
G010784,0,Africa,41.96201447105408
G010785,0,Europe,28.528088759826893
G010786,0,Middle East,76.76009746919978
G010787,0,Oceania,70.42023321354388
G010788,0,Middle East,83.46808102595807
G010789,0,Latin America,49.21906600522995
G010790,0,Central & North Asia,55.245858024120324
G010791,0,East Asia,0.0
G010792,0,Middle East,83.17254608793557
G010793,0,East Asia,73.49621557438374
G010794,0,Africa,0.0
G010795,0,Africa,62.685609094377725
G010796,0,North America,0.0
G010797,0,Latin America,75.10167490885836
G010798,0,Europe,0.0
G010799,0,Latin America,0.0
G010800,0,Southeast Asia,0.0
G010801,0,Europe,53.93841566463492
G010802,0,Africa,68.39582815259695
G010803,0,Africa,67.25484784437309
G010804,0,Africa,70.60160401647562
G010805,0,East Asia,67.2428105347021
G010806,0,Oceania,0.0
G010807,0,Africa,84.517513044253
G010808,0,Africa,65.62365242605499
G010809,0,East Asia,0.0
G010810,0,East Asia,0.0
G010811,0,Latin America,34.08293592166901
G010812,0,Europe,54.828295593500144
G010813,0,Latin America,62.54105789730766
G010814,0,Latin America,42.55255536103249
G010815,0,North America,57.70933729441779
G010816,0,North America,73.632891158029
G010817,0,Oceania,48.71530850720405
G010818,0,South Asia,76.62542809771045
G010819,0,Central & North Asia,55.126899429321284
G010820,0,Africa,85.2608494977951
G010821,0,Middle East,0.0
G010822,0,Central & North Asia,60.42211115932466
G010823,0,Africa,81.69087489996716
G010824,0,Africa,73.8457761869196
G010825,0,Latin America,0.0
G010826,0,North America,30.437905484914786
G010827,0,Oceania,74.9675160998955
G010828,0,North America,0.0
G010829,0,Latin America,76.81111520734338
G010830,0,Latin America,0.0
G010831,0,Latin America,63.380398239179094
G010832,0,Oceania,71.9995587616879
G010833,0,Europe,45.49524954176672
G010834,0,Southeast Asia,71.94519485530888
G010835,0,Africa,77.54694639915408
G010836,0,Africa,78.14417096153352
G010837,0,Africa,84.79553227645836
G010838,0,Latin America,34.38337423038483
G010839,0,Middle East,84.07091642473412
G010840,0,North America,35.2483500623703
G010841,0,Africa,77.56493765243617
G010842,0,Africa,79.65654864454268
G010843,0,Central & North Asia,0.0
G010844,0,North America,59.15609119834683
G010845,0,East Asia,78.02170729831765
G010846,0,North America,0.0
G010847,0,North America,69.9149280959178
G010848,0,Southeast Asia,0.0
G010849,0,Africa,65.46541360777616
G010850,0,Europe,57.886446036219596
G010851,0,Latin America,82.28138807726808
G010852,0,North America,56.53897397553921
G010853,0,Central & North Asia,52.31450333884629
G010854,0,Southeast Asia,57.61188934707641
G010855,0,Central & North Asia,0.0
G010856,0,Europe,52.43645279699021
G010857,0,Africa,90.30683066784162
G010858,0,Africa,75.9785054960847
G010859,0,Latin America,0.0
G010860,0,Middle East,80.55286853208821
G010861,0,North America,51.638939789826225
G010862,0,North America,0.0
G010863,0,Oceania,73.69478568851949
G010864,0,East Asia,0.0
G010865,0,Central & North Asia,71.24514126086237
G010866,0,Europe,53.871947255694494
G010867,0,Latin America,0.0
G010868,0,Southeast Asia,78.26559927481414
G010869,0,Southeast Asia,45.87079875142647
G010870,0,Latin America,73.59226909290864
G010871,0,East Asia,68.87743234062197
G010872,0,Middle East,90.31910486506874
G010873,0,Latin America,76.36956773519607
G010874,0,North America,65.53781010548998
G010875,0,South Asia,67.02295260539923
G010876,0,Africa,27.27326789188385
G010877,0,North America,34.01486586105823
G010878,0,Central & North Asia,65.34481704732775
G010879,0,Latin America,34.24167468214035
G010880,0,South Asia,84.96334944528522
G010881,0,Middle East,63.49151787424088
G010882,0,Africa,85.85572630271317
G010883,0,Latin America,69.97330484503328
G010884,0,Africa,55.62251671423696
G010885,0,Central & North Asia,26.779765684843067
G010886,0,Africa,73.52159129414052
G010887,0,Latin America,39.301282645702365
G010888,0,Middle East,0.0
G010889,0,Africa,44.01545003223419
G010890,0,Africa,85.72790015500784
G010891,0,Europe,61.937360341274385
G010892,0,Europe,38.12240240326433
G010893,0,Europe,0.0
G010894,0,North America,40.422776114761824
G010895,0,Africa,57.35968778555682
G010896,0,East Asia,0.0
G010897,0,Africa,62.90599197177815
G010898,0,Latin America,40.42283546757698
G010899,0,Central & North Asia,15.36131724882126
G010900,0,Southeast Asia,73.49327882239223
G010901,0,Latin America,64.34840068509364
G010902,0,Oceania,80.38194515513472
G010903,0,Central & North Asia,59.13373944988034
G010904,0,Africa,77.35695096352786
G010905,0,North America,32.519626878976815
G010906,0,East Asia,41.19147887874734
G010907,0,North America,42.47050543296337
G010908,0,Latin America,64.30245155376015
G010909,0,Central & North Asia,0.0
G010910,0,East Asia,43.22623890878215
G010911,0,Africa,69.9918006106317
G010912,0,Europe,49.018251585535936
G010913,0,Africa,78.47804466804862
G010914,0,Africa,82.44837679091097
G010915,0,North America,53.920133762374064
G010916,0,Central & North Asia,23.889627861499786
G010917,0,Europe,60.8602376170935
G010918,0,Latin America,57.44700170201605
G010919,0,North America,0.0
G010920,0,East Asia,23.837910970984083
G010921,0,Latin America,34.58466591882706
G010922,0,North America,66.76359957999533
G010923,0,Africa,86.50681099480977
G010924,0,North America,48.35527241617984
G010925,0,Europe,61.484057668405036
G010926,0,North America,61.87478882355221
G010927,0,North America,60.829183334112166
G010928,0,Middle East,75.8009346093225
G010929,0,Africa,94.11384422494291
G010930,0,Latin America,65.3419028707815
G010931,0,Africa,64.99651687719246
G010932,0,North America,0.0
G010933,0,East Asia,41.84722342526913
G010934,0,Central & North Asia,36.65779626420411
G010935,0,South Asia,74.93643353927135
G010936,0,Europe,47.28764534866809
G010937,0,Africa,88.76403127693047
G010938,0,Africa,83.38778999832273
G010939,0,Central & North Asia,0.0
G010940,0,Africa,0.0
G010941,0,Central & North Asia,17.136214430809023
G010942,0,East Asia,45.73381253705783
G010943,0,South Asia,0.0
G010944,0,Africa,87.61557535959284
G010945,0,South Asia,83.3941692018238
G010946,0,Africa,75.44731455636025
G010947,0,Africa,82.65557968942505
G010948,0,Central & North Asia,33.321695327639574
G010949,0,Middle East,87.19814629629255
G010950,0,East Asia,0.0
G010951,0,Oceania,79.5455408294052
G010952,0,Europe,60.171863517215755
G010953,0,Oceania,69.64365506392718
G010954,0,Central & North Asia,0.0
G010955,0,North America,0.0
G010956,0,North America,82.49491886638512
G010957,0,Africa,75.69144127601385
G010958,0,Latin America,41.372524750471115
G010959,0,Southeast Asia,60.68897170560108
G010960,0,Africa,0.0
G010961,0,Latin America,24.92399529504776
G010962,0,Africa,82.84150186742843
G010963,0,Southeast Asia,0.0
G010964,0,North America,39.28509690880775
G010965,0,East Asia,0.0
G010966,0,Africa,82.47878004164767
G010967,0,Middle East,93.24876926080024
G010968,0,East Asia,0.0
G010969,0,Middle East,70.46422039660361
G010970,0,Europe,28.01801018892635
G010971,0,North America,36.93890206968784
G010972,0,Oceania,72.42927246943026
G010973,0,Europe,0.0
G010974,0,Central & North Asia,26.551267139434813
G010975,0,North America,72.13806221139069
G010976,0,Africa,81.81888946777582
G010977,0,East Asia,80.28566690062755
G010978,0,Oceania,74.73842378523946
G010979,0,Middle East,81.49121465553661
G010980,0,Europe,68.35614807389722
G010981,0,Oceania,69.28109014654883
G010982,0,North America,73.39688391530514
G010983,0,East Asia,67.605695551157
G010984,0,Africa,91.83304758943798
G010985,0,Europe,59.299233477532866
G010986,0,Africa,51.113176172747764
G010987,0,South Asia,0.0
G010988,0,Africa,86.55648354889452
G010989,0,Middle East,81.9883197453022
G010990,0,Africa,86.22162566131715
G010991,0,North America,0.0
G010992,0,Latin America,0.0
G010993,0,Middle East,86.6029301940722
G010994,0,North America,80.54019186492128
G010995,0,Central & North Asia,0.0
G010996,0,Europe,41.92764565520937
G010997,0,East Asia,72.63760798907282
G010998,0,East Asia,80.12301354831457
G010999,0,Africa,84.98449789072573
G011000,0,Africa,79.45946712404852
G011001,0,East Asia,55.41139747095107
G011002,0,North America,9.522792817950249
G011003,0,North America,20.091954145669934
G011004,0,East Asia,79.5221413140297
G011005,0,East Asia,61.962738986670985
G011006,0,North America,37.56204859220982
G011007,0,Latin America,0.0
G011008,0,South Asia,70.12560587495565
G011009,0,Middle East,76.51737536646426
G011010,0,North America,39.937178176701075
G011011,0,Oceania,79.85463329476119
G011012,0,Central & North Asia,67.58514474581318
G011013,0,South Asia,73.47302781414986
G011014,0,Africa,75.56839496367085
G011015,0,Oceania,74.47535877770186
G011016,0,Central & North Asia,63.20226206542146
G011017,0,Middle East,85.34242334068635
G011018,0,Africa,39.520032050132755
G011019,0,Central & North Asia,27.078308213710788
G011020,0,Africa,69.77789228877155
G011021,0,Middle East,82.08800974290074
G011022,0,Middle East,83.81989683764631
G011023,0,Latin America,0.0
G011024,0,Middle East,71.32645807632443
G011025,0,Africa,67.21922322767973
G011026,0,North America,51.237633662483915
G011027,0,Latin America,71.88267073011399
G011028,0,Latin America,52.73726787374598
G011029,0,Central & North Asia,71.97358111332358
G011030,0,North America,26.72718327432871
G011031,0,Southeast Asia,57.838721791382994
G011032,0,Africa,77.40832678865846
G011033,0,Africa,62.99375208778093
G011034,0,North America,71.20603784899279
G011035,0,Central & North Asia,67.25311769159093
G011036,0,North America,71.49848369467259
G011037,0,Africa,0.0
G011038,0,East Asia,72.74783267955979
G011039,0,Africa,75.93360662670389
G011040,0,Latin America,64.37987932389974
G011041,0,Latin America,0.0
G011042,0,East Asia,61.249111025035376
G011043,0,Africa,84.44189009500634
G011044,0,North America,0.0
G011045,0,Latin America,38.298308498859406
G011046,0,Central & North Asia,31.381527936220166
G011047,0,East Asia,70.64820140707494
G011048,0,Latin America,59.0384430654049
G011049,0,Central & North Asia,54.0384397468567
G011050,0,Europe,47.35247204317288
G011051,0,North America,35.73459334886074
G011052,0,Africa,90.07265262564115
G011053,0,Europe,22.701843906521795
G011054,0,Southeast Asia,78.49828572577057
G011055,0,Africa,85.35446742665769
G011056,0,South Asia,0.0
G011057,0,Latin America,72.53865501967525
G011058,0,Middle East,84.09790912213921
G011059,0,North America,51.506998237053544
G011060,0,Central & North Asia,71.12665106645136
G011061,0,Africa,90.3991804585773
G011062,0,Africa,66.95208490735834
G011063,0,South Asia,57.54583097285032
G011064,0,Central & North Asia,50.80758846795559
G011065,0,Africa,82.3295404116439
G011066,0,Oceania,73.98224665912716
G011067,0,Africa,83.27188872831609
G011068,0,East Asia,51.920863197028645
G011069,0,East Asia,18.447895637989042
G011070,0,Middle East,79.65905036638678
G011071,0,North America,41.94047146935896
G011072,0,Africa,84.11519387570024
G011073,0,East Asia,55.07800263357163
G011074,0,Africa,62.85795995699998
G011075,0,Oceania,79.52326697397233
G011076,0,Africa,78.01188907955317
G011077,0,Africa,33.06709707975388
G011078,0,Central & North Asia,34.93042661440373
G011079,0,Oceania,0.0
G011080,0,Europe,40.27511010098096
G011081,0,Europe,0.0
G011082,0,Central & North Asia,54.346575674188855
G011083,0,Oceania,76.38110185335259
G011084,0,Africa,47.6883554033041
G011085,0,East Asia,0.0
G011086,0,Europe,19.64828716379224
G011087,0,East Asia,60.961480077109556
G011088,0,Europe,23.466278470848543
G011089,0,East Asia,67.59389684343338
G011090,0,Southeast Asia,34.34483661615487
G011091,0,Middle East,79.08481908416749
G011092,0,Africa,84.70969309431315
G011093,0,South Asia,27.475046729362372
G011094,0,Africa,88.45067279950236
G011095,0,Latin America,0.0
G011096,0,Oceania,79.59407419320941
G011097,0,Middle East,91.58091758630763
G011098,0,North America,38.75491891086102
G011099,0,Central & North Asia,32.365812416911126
G011100,0,Latin America,73.30809750260367
G011101,0,Latin America,51.64261164500496
G011102,0,South Asia,69.32606917792017
G011103,0,Europe,44.84044640069296
G011104,0,Central & North Asia,0.0
G011105,0,Latin America,70.0636449979643
G011106,0,Oceania,82.61578749818696
G011107,0,South Asia,74.2077290120721
G011108,0,South Asia,82.4686795977056
G011109,0,Oceania,0.0
G011110,0,Middle East,66.5007664475441
G011111,0,Africa,83.57645045770705
G011112,0,Africa,91.45227731372732
G011113,0,East Asia,67.10605585037398
G011114,0,Africa,79.49634123742942
G011115,0,East Asia,74.52121151115047
G011116,0,North America,87.31538616806179
G011117,0,Europe,50.82989300060272
G011118,0,South Asia,77.83508804014325
G011119,0,North America,83.54573388752974
G011120,0,East Asia,0.0
G011121,0,Africa,40.850243473529815
G011122,0,Middle East,83.04851893320227
G011123,0,Africa,77.23008495163917
G011124,0,Oceania,61.39210178419496
G011125,0,Latin America,70.58907845678023
G011126,0,Africa,86.58782187413988
G011127,0,Europe,0.0
G011128,0,Latin America,60.11774297914
G011129,0,Oceania,0.0
G011130,0,Africa,23.17652549254894
G011131,0,Latin America,58.78513128089905
G011132,0,Africa,67.06360436260701
G011133,0,Latin America,67.98847732798981
G011134,0,East Asia,69.19850663089753
G011135,0,Middle East,64.19714500915192
G011136,0,East Asia,72.12183213305474
G011137,0,Central & North Asia,60.5965104964958
G011138,0,North America,19.445654176950455
G011139,0,Central & North Asia,65.58848738455774
G011140,0,Central & North Asia,20.780269412517544
G011141,0,Central & North Asia,22.374103500229165
G011142,0,North America,0.0
G011143,0,Central & North Asia,61.893981898976094
G011144,0,Central & North Asia,48.02053350631486
G011145,0,Latin America,53.31032868289947
G011146,0,Oceania,80.3041589654684
G011147,0,Middle East,83.0353194270134
G011148,0,Africa,76.12817623283286
G011149,0,Africa,82.43623680419272
G011150,0,Latin America,0.0
G011151,0,Africa,54.43913448302673
G011152,0,Latin America,0.0
G011153,0,Africa,80.5409810813503
G011154,0,Africa,87.27670684152842
G011155,0,Latin America,57.02826053359653
G011156,0,Africa,64.70717060244084
G011157,0,Oceania,79.86901772338153
G011158,0,Latin America,50.13375999715112
G011159,0,Africa,78.79362837374211
G011160,0,Africa,55.45513188970088
G011161,0,Latin America,0.0
G011162,0,North America,87.54504409158591
G011163,0,Southeast Asia,69.8931961961154
G011164,0,North America,35.57705899977683
G011165,0,Africa,82.33671768376232
G011166,0,North America,18.662345442712308
G011167,0,Oceania,77.92713035476207
G011168,0,Africa,79.84863793933752
G011169,0,Oceania,79.09267319953443
G011170,0,Latin America,71.75515163235322
G011171,0,Oceania,67.5457814654112
G011172,0,Africa,70.83411213832191
G011173,0,Europe,29.513593638900552
G011174,0,North America,34.708100579427956
G011175,0,South Asia,74.00498053584316
G011176,0,Central & North Asia,0.0
G011177,0,Latin America,47.2007743102276
G011178,0,North America,0.0
G011179,0,Latin America,59.45894010378376
G011180,0,Africa,88.13930877680174
G011181,0,North America,36.35591360599344
G011182,0,Africa,86.27658446609975
G011183,0,Africa,90.8236723717108
G011184,0,Europe,33.783113673975976
G011185,0,North America,64.66620172608802
G011186,0,Europe,53.53807661005765
G011187,0,Africa,84.41916813564933
G011188,0,Middle East,82.09089957073331
G011189,0,Southeast Asia,70.45232886640954
G011190,0,Africa,75.49207364320755
G011191,0,Central & North Asia,25.68371143388748
G011192,0,East Asia,63.022882815937194
G011193,0,Europe,59.71935418999196
G011194,0,Oceania,40.40078857886791
G011195,0,Latin America,0.0
G011196,0,Africa,87.86731545496484
G011197,0,Middle East,81.11099912507245
G011198,0,Europe,41.14463852373939
G011199,0,North America,72.76142753528737
G011200,0,Middle East,88.04861426265359
G011201,0,Oceania,79.37722292974593
G011202,0,Africa,87.62901002632827
G011203,0,East Asia,62.02251902198792
G011204,0,South Asia,49.83788212350282
G011205,0,Central & North Asia,23.91296815240383
G011206,0,Africa,80.31572337892563
G011207,0,Africa,64.72230632606421
G011208,0,North America,57.70199447870253
G011209,0,North America,53.604073466777805
G011210,0,Latin America,25.141598886966705
G011211,0,Latin America,56.917369519472125
G011212,0,Europe,41.62898685634136
G011213,0,North America,0.0
G011214,0,Latin America,58.723347092729625
G011215,0,Latin America,68.47407245630026
G011216,0,Central & North Asia,69.74435182654858
G011217,0,Middle East,88.67496652124868
G011218,0,Africa,83.95894430126566
G011219,0,Africa,84.42805044293404
G011220,0,Central & North Asia,21.289201327323916
G011221,0,Africa,79.6469510359439
G011222,0,Latin America,65.23911158591508
G011223,0,South Asia,0.0
G011224,0,Southeast Asia,0.0
G011225,0,Central & North Asia,61.13409500324727
G011226,0,Africa,85.34438248846928
G011227,0,Latin America,72.83431728939216
G011228,0,Latin America,27.81612706851959
G011229,0,Africa,79.29966755637527
G011230,0,Oceania,72.56499856835605
G011231,0,South Asia,86.9273601182365
G011232,0,North America,60.98809811660014
G011233,0,Latin America,45.31382760548592
G011234,0,Latin America,0.0
G011235,0,North America,60.33414621543884
G011236,0,Africa,50.83872849877675
G011237,0,North America,69.79730979840411
G011238,0,Latin America,58.262565047029305
G011239,0,Central & North Asia,64.56277220555418
G011240,0,North America,0.0
G011241,0,Africa,33.523592238512904
G011242,0,East Asia,80.01854756874387
G011243,0,Europe,39.35133109530535
G011244,0,Central & North Asia,73.72658746226134
G011245,0,East Asia,0.0
G011246,0,North America,35.60077192008495
G011247,0,Central & North Asia,36.280936713337894
G011248,0,Middle East,77.49693935719134
G011249,0,Europe,41.41895532290864
G011250,0,Europe,55.65057009431539
G011251,0,Europe,58.161809589570225
G011252,0,Latin America,72.12268117834401
G011253,0,Middle East,76.62934747028352
G011254,0,Europe,44.71588002578778
G011255,0,Europe,13.591119076013564
G011256,0,Central & North Asia,33.95022075951099
G011257,0,North America,68.94733423390173
G011258,0,Europe,26.48959667054812
G011259,0,North America,41.23040940010547
G011260,0,Central & North Asia,45.59998087719082
G011261,0,South Asia,0.0
G011262,0,North America,40.797824373126026
G011263,0,Africa,0.0
G011264,0,Europe,19.15359828734398
G011265,0,North America,41.33011987781525
G011266,0,North America,60.9196000778639
G011267,0,Central & North Asia,38.53817889010906
G011268,0,Africa,0.0
G011269,0,Africa,81.53239644789696
G011270,0,North America,0.0
G011271,0,Oceania,79.18709295105934
G011272,0,Europe,38.15589999534145
G011273,0,Europe,56.57968231754411
G011274,0,North America,37.2687178786397
G011275,0,Oceania,77.30761770574071
G011276,0,Southeast Asia,0.0
G011277,0,Middle East,74.26643320848004
G011278,0,Africa,38.38152597602209
G011279,0,North America,0.0
G011280,0,Central & North Asia,0.0
G011281,0,North America,13.585587022542953
G011282,0,Central & North Asia,35.6553120259769
G011283,0,Africa,82.80915888082981
G011284,0,Africa,0.0
G011285,0,Africa,0.0
G011286,0,Africa,80.7279735096404
G011287,0,Central & North Asia,60.332467147797345
G011288,0,Africa,42.11680018953844
G011289,0,Africa,74.25126504299044
G011290,0,Central & North Asia,28.66109704065323
G011291,0,Africa,82.69561047667085
G011292,0,Africa,0.0
G011293,0,Africa,75.31872410819567
G011294,0,Africa,46.99309068703651
G011295,0,Africa,67.77211338877677
G011296,0,North America,6.3989165477752685
G011297,0,North America,38.33195070981257
G011298,0,Africa,86.43949613556808
G011299,0,East Asia,0.0
G011300,0,Europe,54.8114609450102
G011301,0,Middle East,0.0
G011302,0,Latin America,29.638790123462687
G011303,0,Oceania,44.063631561654994
G011304,0,Central & North Asia,72.74731685888767
G011305,0,Africa,76.1900198595524
G011306,0,Central & North Asia,56.4414844840187
G011307,0,Central & North Asia,35.906803838849065
G011308,0,South Asia,68.989342602849
G011309,0,Central & North Asia,63.46026321695746
G011310,0,Latin America,28.802482626914976
G011311,0,Oceania,62.26239823908878
G011312,0,Oceania,69.59229293751716
G011313,0,Africa,86.43739458072186
G011314,0,Latin America,0.0
G011315,0,North America,44.7200201792717
G011316,0,North America,60.80448383338523
G011317,0,South Asia,72.59183378048647
G011318,0,Latin America,57.46006593811512
G011319,0,Middle East,86.00603256217008
G011320,0,Southeast Asia,68.76451211193655
G011321,0,Latin America,41.33878612613678
G011322,0,South Asia,57.73657311069965
G011323,0,North America,0.0
G011324,0,North America,38.65779141074419
G011325,0,Latin America,66.38391856375608
G011326,0,Europe,19.57046883840994
G011327,0,Africa,85.889558447361
G011328,0,Africa,83.532404059192
G011329,0,Latin America,0.0
G011330,0,Central & North Asia,52.36950254783124
G011331,0,Central & North Asia,0.0
G011332,0,Oceania,71.61371801263094
G011333,0,Africa,72.01259322983931
G011334,0,East Asia,61.82527509229111
G011335,0,Latin America,74.88046663484249
G011336,0,Southeast Asia,0.0
G011337,0,Africa,56.82883050933752
G011338,0,Africa,85.41936388373375
G011339,0,East Asia,46.90214001011849
G011340,0,North America,0.0
G011341,0,North America,37.841689710319045
G011342,0,Africa,84.99069314569235
G011343,0,Southeast Asia,72.51347568418988
G011344,0,Africa,76.97814537117516
G011345,0,Central & North Asia,59.61656493403017
G011346,0,Oceania,74.08748028588295
G011347,0,Latin America,67.15485841169141
G011348,0,Africa,82.56214992928506
G011349,0,North America,38.343194700598715
G011350,0,Europe,32.73116583585739
G011351,0,Africa,85.70179122030734
G011352,0,Oceania,76.75465907645226
G011353,0,Oceania,80.16224709576369
G011354,0,Southeast Asia,0.0
G011355,0,Middle East,0.0
G011356,0,Africa,85.02714842537046
G011357,0,Africa,83.56078869005316
G011358,0,East Asia,0.0
G011359,0,Africa,0.0
G011360,0,Middle East,61.826836335196646
G011361,0,Oceania,0.0
G011362,0,Latin America,28.367571289539335
G011363,0,Southeast Asia,0.0
G011364,0,Southeast Asia,74.13654165045781
G011365,0,Oceania,67.63453134804965
G011366,0,Oceania,78.41680296093226
G011367,0,Africa,69.80515522921085
G011368,0,North America,61.69944170412873
G011369,0,Central & North Asia,81.12289797970833
G011370,0,Central & North Asia,70.9651855353117
G011371,0,North America,86.27832334696345
G011372,0,North America,27.370503054710106
G011373,0,North America,43.36381059598922
G011374,0,Southeast Asia,67.12973019325733
G011375,0,Middle East,88.37181665884366
G011376,0,Central & North Asia,11.878343812704086
G011377,0,North America,45.37805094252211
G011378,0,Africa,86.49800118368864
G011379,0,Latin America,29.033375129699714
G011380,0,South Asia,39.079838587992114
G011381,0,Latin America,74.13804911661148
G011382,0,Africa,0.0
G011383,0,Africa,80.17978409057856
G011384,0,North America,73.1024977528173
G011385,0,North America,26.469361533999443
G011386,0,Oceania,28.05385481000669
G011387,0,Latin America,0.0
G011388,0,Central & North Asia,39.40313880223036
G011389,0,East Asia,70.6546839378964
G011390,0,Oceania,73.86436462619902
G011391,0,Oceania,40.15867248404026
G011392,0,Africa,82.2958307140867
G011393,0,North America,40.4165668849945
G011394,0,Central & North Asia,22.87027574634552
G011395,0,Central & North Asia,0.0
G011396,0,Europe,19.13425962302179
G011397,0,Central & North Asia,67.58274966213558
G011398,0,Central & North Asia,44.27792664957047
G011399,0,South Asia,66.66826162005914
G011400,0,Africa,82.35457544720896
G011401,0,Central & North Asia,34.8575630146265
G011402,0,North America,27.904931891202928
G011403,0,North America,67.5208284042008
G011404,0,North America,43.5064761004448
G011405,0,Central & North Asia,35.671115918278694
G011406,0,North America,70.90600779373717
G011407,0,North America,30.656686939001084
G011408,0,Central & North Asia,63.871262872934345
G011409,0,North America,64.67357975208398
G011410,0,Europe,70.90370028648593
G011411,0,Latin America,71.95458246747924
G011412,0,North America,0.0
G011413,0,North America,42.47109646727822
G011414,0,Oceania,47.73019704580307
G011415,0,Central & North Asia,20.268160392761228
G011416,0,Africa,41.05325512838365
G011417,0,North America,33.56009153032303
G011418,0,Europe,39.722839674115185
G011419,0,Central & North Asia,38.74507719379663
G011420,0,Central & North Asia,39.78251123803854
G011421,0,North America,43.78105752548576
G011422,0,Central & North Asia,57.04651025962829
G011423,0,Africa,82.21011717057229
G011424,0,Africa,70.84734378725109
G011425,0,Central & North Asia,47.609476132766765
G011426,0,Africa,62.0643606215607
G011427,0,Central & North Asia,65.49240563527744
G011428,0,Central & North Asia,15.062180428750588
G011429,0,Middle East,78.97541188760103
G011430,0,North America,40.213984908699985
G011431,0,North America,60.556222566145834
G011432,0,Southeast Asia,64.71513916782898
G011433,0,South Asia,0.0
G011434,0,Africa,84.31905700962245
G011435,0,South Asia,78.1386805715263
G011436,0,Central & North Asia,76.02426432059119
G011437,0,Africa,82.77185634148121
G011438,0,Central & North Asia,33.20963444149855
G011439,0,Africa,0.0
G011440,0,Southeast Asia,0.0
G011441,0,South Asia,59.37449379207872
G011442,0,Africa,89.32742293267518
G011443,0,Latin America,79.24945162746401
G011444,0,South Asia,73.0722773398161
G011445,0,Africa,66.06215490591526
G011446,0,Africa,83.16965518009663
G011447,0,Middle East,82.38980282185656
G011448,0,Central & North Asia,41.808895048320295
G011449,0,Middle East,79.53517844343185
G011450,0,North America,0.0
G011451,0,Oceania,77.84893211385608
G011452,0,Central & North Asia,23.035422360897066
G011453,0,Latin America,76.89393224182272
G011454,0,South Asia,66.93144990819692
G011455,0,Africa,87.52079897172253
G011456,0,North America,48.66168371439341
G011457,0,Africa,90.29723387811039
G011458,0,Central & North Asia,30.827863390564925
G011459,0,Latin America,66.07208978467997
G011460,0,Europe,54.15254763567447
G011461,0,Africa,76.15245714390278
G011462,0,Southeast Asia,50.040324903011324
G011463,0,Africa,48.161495933633866
G011464,0,North America,30.394875808477405
G011465,0,Latin America,68.63819515360487
G011466,0,Africa,80.52159117344836
G011467,0,Africa,65.03653150844573
G011468,0,North America,40.89452142286301
G011469,0,Africa,69.54511083853245
G011470,0,Europe,65.22576744288386
G011471,0,Central & North Asia,45.343503598719835
G011472,0,Africa,86.25310516747832
G011473,0,North America,78.78890327426971
G011474,0,Oceania,71.2918380126357
G011475,0,Central & North Asia,58.187611420123865
G011476,0,North America,37.44893501198291
G011477,0,South Asia,0.0
G011478,0,Europe,48.171017779588695
G011479,0,Central & North Asia,31.628704436063764
G011480,0,Europe,31.389756129958414
G011481,0,Latin America,0.0
G011482,0,Africa,78.45251990329497
G011483,0,North America,27.485465768814084
G011484,0,Central & North Asia,23.088417018413544
G011485,0,Europe,0.0
G011486,0,North America,44.39749767917574
G011487,0,Europe,0.0
G011488,0,Middle East,86.65099516525096
G011489,0,Central & North Asia,40.41955142772198
G011490,0,North America,0.0
G011491,0,Africa,85.18524712998037
G011492,0,Europe,37.80034958547353
G011493,0,Oceania,79.43811724427343
G011494,0,South Asia,73.79132905782669
G011495,0,South Asia,0.0
G011496,0,Latin America,66.8245830539212
G011497,0,Middle East,75.5614382264912
G011498,0,North America,57.42053232583494
G011499,0,Europe,22.017504897445438
G011500,0,Africa,0.0
G011501,0,Africa,82.65095866268693
G011502,0,Europe,56.12821063953457
G011503,0,Africa,85.19217734614016
G011504,0,South Asia,75.50636949414015
G011505,0,Latin America,69.46155905374253
G011506,0,East Asia,60.916964819639915
G011507,0,East Asia,61.47532625293732
G011508,0,North America,33.67899977862835
G011509,0,North America,25.25696717739106
G011510,0,Central & North Asia,16.76449803137779
G011511,0,Africa,0.0
G011512,0,Africa,76.32622802840581
G011513,0,Central & North Asia,0.0
G011514,0,Africa,61.62362720173056
G011515,0,East Asia,52.23089424744881
G011516,0,Latin America,49.83493317878608
G011517,0,East Asia,72.60132995415816
G011518,0,Latin America,34.59887815726888
G011519,0,Africa,85.78106888091564
G011520,0,Africa,67.35894145238039
G011521,0,Africa,56.224896674510205
G011522,0,Europe,50.091359351277355
G011523,0,Oceania,81.38401259563864
G011524,0,Africa,85.04121972942352
G011525,0,Oceania,64.3936166447401
G011526,0,Africa,79.95620689287783
G011527,0,Central & North Asia,40.53336891961098
G011528,0,Europe,57.67441822866959
G011529,0,Africa,76.08548246908188
G011530,0,Europe,0.0
G011531,0,Africa,43.6335876429081
G011532,0,Southeast Asia,0.0
G011533,0,Southeast Asia,61.72981163459834
G011534,0,Latin America,66.81925937788054
G011535,0,Africa,85.25168638917803
G011536,0,Latin America,66.34191738796234
G011537,0,Europe,55.49536353886128
G011538,0,Africa,0.0
G011539,0,Africa,47.011888920783996
G011540,0,South Asia,77.15433604789953
G011541,0,East Asia,79.61274801971018
G011542,0,Southeast Asia,50.02829913279505
G011543,0,Latin America,58.26257894257344
G011544,0,North America,35.15778747797012
G011545,0,Central & North Asia,20.6440340231657
G011546,0,Latin America,89.89742405859089
G011547,0,Latin America,30.670550497055054
G011548,0,North America,42.597066901629624
G011549,0,North America,35.31286661756039
G011550,0,Central & North Asia,20.387954135656354
G011551,0,Africa,80.94543799627189
G011552,0,Africa,56.530970559257455
G011553,0,North America,31.228085119413606
G011554,0,North America,49.15392740447594
G011555,0,Oceania,66.78929502717473
G011556,0,North America,0.0
G011557,0,North America,0.0
G011558,0,East Asia,30.056951978892993
G011559,0,Latin America,0.0
G011560,0,South Asia,72.53243131651482
G011561,0,East Asia,67.50828826728464
G011562,0,South Asia,75.08280298370124
G011563,0,East Asia,0.0
G011564,0,East Asia,63.99367079601595
G011565,0,Africa,91.81958789796224
G011566,0,Middle East,86.0789346907735
G011567,0,North America,49.72183256324855
G011568,0,North America,37.79138454049826
G011569,0,Middle East,90.12445105873816
G011570,0,North America,0.0
G011571,0,East Asia,61.4222747913003
G011572,0,Latin America,44.294534787178044
G011573,0,Central & North Asia,0.0
G011574,0,Latin America,0.0
G011575,0,Middle East,88.74811400051551
G011576,0,North America,0.0
G011577,0,Oceania,71.8232822818756
G011578,0,North America,38.62933252033321
G011579,0,Latin America,70.93560873433316
G011580,0,Africa,67.93523534226418
G011581,0,Europe,26.414364447004868
G011582,0,Southeast Asia,33.79764204013709
G011583,0,Latin America,29.684453378677368
G011584,0,East Asia,0.0
G011585,0,Oceania,22.410395928382872
G011586,0,Oceania,74.76607928813993
G011587,0,Latin America,39.25389528393745
G011588,0,Latin America,37.65330269940694
G011589,0,North America,60.703970651507376
G011590,0,North America,37.244580401182176
G011591,0,Middle East,64.25427836552534
G011592,0,Oceania,71.17907466587425
G011593,0,Africa,87.76711278110471
G011594,0,Middle East,90.28658918390039
G011595,0,North America,0.0
G011596,0,Central & North Asia,46.970882656783765
G011597,0,Africa,64.76289320315736
G011598,0,East Asia,63.181625910551254
G011599,0,North America,46.196952802080105
G011600,0,North America,63.838847596479184
G011601,0,Latin America,0.0
G011602,0,Africa,93.68002766750888
G011603,0,South Asia,59.891683329582214
G011604,0,Latin America,56.905149978500425
G011605,0,Central & North Asia,48.841198363974236
G011606,0,Europe,39.20223189210892
G011607,0,Oceania,81.01365199349075
G011608,0,Africa,86.11034647916259
G011609,0,Africa,86.44250290206075
G011610,0,Southeast Asia,55.08113202591648
G011611,0,Latin America,27.430438268065448
G011612,0,East Asia,0.0
G011613,0,South Asia,0.0
G011614,0,Oceania,83.46364558178188
G011615,0,North America,47.2190803396485
G011616,0,Europe,41.603967060387134
G011617,0,Central & North Asia,11.307246270895003
G011618,0,Europe,0.0
G011619,0,Africa,43.95234005451203
G011620,0,Africa,82.41746017611027
G011621,0,Latin America,33.52704680585861
G011622,0,Africa,90.55329747951257
G011623,0,Oceania,0.0
G011624,0,North America,27.959487853229035
G011625,0,Africa,90.68667969211666
G011626,0,Europe,56.93847539444765
G011627,0,Europe,40.737516658902166
G011628,0,North America,69.44404424393178
G011629,0,Oceania,42.96522167210146
G011630,0,North America,0.0
G011631,0,Africa,80.81693312221766
G011632,0,East Asia,59.92054447980541
G011633,0,North America,41.969704146206375
G011634,0,Latin America,55.363104437712465
G011635,0,Latin America,64.83849642106259
G011636,0,Africa,85.84836684387923
G011637,0,Middle East,70.79829899863583
G011638,0,Africa,86.78152763865438
G011639,0,Oceania,74.31834505867958
G011640,0,Central & North Asia,0.0
G011641,0,Africa,89.99143254830666
G011642,0,South Asia,0.0
G011643,0,Southeast Asia,0.0
G011644,0,Africa,62.428882215857506
G011645,0,North America,59.588658609101266
G011646,0,Central & North Asia,65.01472255063057
G011647,0,North America,0.0
G011648,0,Europe,20.519948653683517
G011649,0,Middle East,0.0
G011650,0,Latin America,82.51931349470219
G011651,0,South Asia,73.98678525790301
G011652,0,Middle East,83.9070434288606
G011653,0,Africa,72.75275376176835
G011654,0,North America,36.63095285022259
G011655,0,Latin America,77.93319752852392
G011656,0,Oceania,78.91059955261647
G011657,0,Europe,50.2530354833603
G011658,0,Africa,79.08514416538178
G011659,0,Africa,64.26445755185141
G011660,0,Africa,0.0
G011661,0,Middle East,82.15341343622632
G011662,0,Central & North Asia,19.605833767652513
G011663,0,Africa,75.42030682437529
G011664,0,North America,42.32324428261071
G011665,0,Latin America,73.75258232864286
G011666,0,Oceania,80.26347468979658
G011667,0,East Asia,34.837889880426225
G011668,0,Europe,60.24510407881846
G011669,0,Africa,86.3914069094062
G011670,0,Central & North Asia,22.414922415971755
G011671,0,East Asia,75.63339334270358
G011672,0,Latin America,55.31657231778809
G011673,0,Latin America,76.88355635531472
G011674,0,Central & North Asia,27.37584365415573
G011675,0,North America,45.39346433714032
G011676,0,Africa,79.97035247290134
G011677,0,Africa,68.28997884469321
G011678,0,Europe,35.26207826535629
G011679,0,Southeast Asia,0.0
G011680,0,Latin America,76.8643535679922
G011681,0,East Asia,80.11590969817746
G011682,0,North America,41.78154921740293
G011683,0,Central & North Asia,63.76395979052782
G011684,0,South Asia,76.42330754970781
G011685,0,Africa,85.62999507963026
G011686,0,Central & North Asia,70.46001664415996
G011687,0,Middle East,76.92072550845147
G011688,0,Latin America,29.01748734617233
G011689,0,North America,24.23232409965992
G011690,0,Africa,84.03150724875927
G011691,0,Middle East,73.44865197005734
G011692,0,East Asia,0.0
G011693,0,East Asia,66.07394100597502
G011694,0,Southeast Asia,61.620388897955415
G011695,0,East Asia,0.0
G011696,0,Latin America,54.70695873624629
G011697,0,Central & North Asia,36.021456164002416
G011698,0,Central & North Asia,65.42405668509006
G011699,0,Middle East,86.20134575033188
G011700,0,East Asia,41.63003713858128
G011701,0,Latin America,36.785419156074525
G011702,0,North America,34.98046598380262
G011703,0,Africa,50.454356887839054
G011704,0,Central & North Asia,39.49763288319111
G011705,0,Africa,85.16153644885122
G011706,0,Africa,85.03568303087353
G011707,0,Africa,85.74118826057017
G011708,0,Europe,68.50902631691189
G011709,0,Latin America,81.79664846139785
G011710,0,Europe,35.07648301581903
G011711,0,South Asia,67.28186486649513
G011712,0,Southeast Asia,0.0
G011713,0,Africa,66.80329420298338
G011714,0,Africa,72.58036986423441
G011715,0,Europe,56.68928650748729
G011716,0,East Asia,48.317526478254436
G011717,0,Africa,85.88355758884549
G011718,0,South Asia,67.73709970927237
G011719,0,North America,0.0
G011720,0,North America,68.1405943689581
G011721,0,North America,0.0
G011722,0,Oceania,29.966779918670657
G011723,0,East Asia,70.74338388562202
G011724,0,Southeast Asia,0.0
G011725,0,Latin America,74.94834837965531
G011726,0,North America,0.0
G011727,0,North America,38.36505178287173
G011728,0,Africa,88.92715386716254
G011729,0,North America,0.0
G011730,0,Africa,78.90803958604485
G011731,0,Central & North Asia,60.75603551900386
G011732,0,Central & North Asia,36.70449498283321
G011733,0,Africa,80.48264076906443
G011734,0,Africa,87.6417153524567
G011735,0,Central & North Asia,60.49878919918834
G011736,0,North America,75.55759227728122
G011737,0,Oceania,81.18204752458634
G011738,0,Latin America,75.98495384418965
G011739,0,Africa,30.24720603275299
G011740,0,North America,89.36879558448494
G011741,0,Africa,0.0
G011742,0,Latin America,47.32775619709492
G011743,0,Oceania,75.52089800226689
G011744,0,Middle East,86.10932980148134
G011745,0,Africa,86.20639916437864
G011746,0,Central & North Asia,67.98690445658654
G011747,0,Latin America,67.64172025937295
G011748,0,Africa,0.0
G011749,0,Africa,85.01732991874218
G011750,0,Africa,86.64065573620796
G011751,0,Africa,49.94183314478398
G011752,0,North America,38.779071159239976
G011753,0,East Asia,0.0
G011754,0,Southeast Asia,65.35933317242247
G011755,0,North America,63.80066852784157
G011756,0,Africa,68.66447764277459
G011757,0,East Asia,0.0
G011758,0,Africa,58.54061085991788
G011759,0,Central & North Asia,63.58993039848046
G011760,0,Europe,28.706688380826606
G011761,0,East Asia,0.0
G011762,0,East Asia,62.5020330588068
G011763,0,Central & North Asia,72.69480973201992
G011764,0,North America,30.890413714975118
G011765,0,Oceania,59.49393188646707
G011766,0,North America,0.0
G011767,0,East Asia,56.25326758623124
G011768,0,Oceania,78.2684985684827
G011769,0,Middle East,66.2600515014764
G011770,0,Central & North Asia,72.9563336800933
G011771,0,Europe,53.085271735621234
G011772,0,North America,40.09238099810572
G011773,0,Latin America,79.10724750815015
G011774,0,Africa,85.47773370860517
G011775,0,Europe,25.841019822799797
G011776,0,Central & North Asia,47.24656164841941
G011777,0,North America,42.69839460533857
G011778,0,North America,28.63448651272058
G011779,0,Africa,75.58255263051483
G011780,0,East Asia,0.0
G011781,0,Africa,83.56746850273645
G011782,0,Africa,0.0
G011783,0,Europe,46.595215721011165
G011784,0,East Asia,50.4363409764839
G011785,0,South Asia,0.0
G011786,0,Africa,84.09918977081776
G011787,0,North America,42.83634090733528
G011788,0,North America,29.863042773842807
G011789,0,Africa,71.64948184168338
G011790,0,Africa,32.02850147533417
G011791,0,Africa,81.12869733586908
G011792,0,North America,51.453797744021266
G011793,0,Oceania,78.60642106771468
G011794,0,Central & North Asia,36.6661266156435
G011795,0,Africa,85.42545244140923
G011796,0,Africa,77.70778380359845
G011797,0,Africa,84.97417756643891
G011798,0,Central & North Asia,44.55083493706313
G011799,0,Middle East,65.10480855883975
G011800,0,East Asia,64.9410038924145
G011801,0,Latin America,56.478386670647254
G011802,0,Oceania,80.26861758063734
G011803,0,Africa,83.64036876746832
G011804,0,North America,58.919051250692554
G011805,0,Europe,34.42953355553656
G011806,0,Africa,0.0
G011807,0,North America,44.902280051693765
G011808,0,Europe,66.31564055507835
G011809,0,Central & North Asia,62.17197387087888
G011810,0,Africa,74.2463391643582
G011811,0,East Asia,0.0
G011812,0,Central & North Asia,0.0
G011813,0,Oceania,80.26310456177592
G011814,0,Central & North Asia,55.86513637951829
G011815,0,Oceania,77.25183670648931
G011816,0,Central & North Asia,0.0
G011817,0,North America,80.16172004884481
G011818,0,South Asia,71.78958303657174
G011819,0,North America,72.92098766696363
G011820,0,Latin America,76.26986222012387
G011821,0,Latin America,41.426013338804246
G011822,0,Oceania,75.41411895519495
G011823,0,North America,37.64297547238523
G011824,0,Latin America,48.069092961549764
G011825,0,Africa,83.6821493495504
G011826,0,Africa,69.15555836136052
G011827,0,Africa,87.39579634521903
G011828,0,Africa,74.91491171717372
G011829,0,Latin America,0.0
G011830,0,Latin America,70.26593951908522
G011831,0,Africa,79.54700796760213
G011832,0,East Asia,0.0
G011833,0,North America,47.74895749616623
G011834,0,North America,40.01319582585133
G011835,0,Africa,84.81443588483334
G011836,0,Latin America,30.411450086116798
G011837,0,North America,40.61014152252674
G011838,0,Africa,77.07174880969615
G011839,0,Latin America,45.08418805259466
G011840,0,Africa,85.04017901681364
G011841,0,South Asia,0.0
G011842,0,South Asia,61.09648147553205
G011843,0,Africa,66.26330388677121
G011844,0,North America,31.9398487534523
G011845,0,Africa,54.39186389356671
G011846,0,Africa,58.66441519888965
G011847,0,Central & North Asia,38.66725050142407
G011848,0,Central & North Asia,23.150157803177834
G011849,0,Africa,85.51068305140734
G011850,0,North America,0.0
G011851,0,Central & North Asia,70.65753459084034
G011852,0,Latin America,0.0
G011853,0,East Asia,0.0
G011854,0,East Asia,70.14230761528738
G011855,0,North America,60.398062963294265
G011856,0,Latin America,74.45611976506042
G011857,0,North America,41.93238731436431
G011858,0,Latin America,79.64206671051728
G011859,0,Middle East,84.22284733423592
G011860,0,Central & North Asia,69.32247020724415
G011861,0,Africa,51.0730273922429
G011862,0,North America,42.52319185352325
G011863,0,East Asia,45.82315298968554
G011864,0,Central & North Asia,69.61731462222338
G011865,0,Africa,85.22262924271823
G011866,0,Latin America,79.33222805670535
G011867,0,North America,44.59316614350406
G011868,0,Europe,30.70204743467678
G011869,0,Central & North Asia,24.437616581439972
G011870,0,Latin America,68.01855807230692
G011871,0,East Asia,0.0
G011872,0,Africa,62.20306888236783
G011873,0,East Asia,51.494149764180186
G011874,0,Africa,77.44175076699076
G011875,0,Southeast Asia,0.0
G011876,0,North America,40.408345881894235
G011877,0,North America,0.0
G011878,0,Africa,87.22170757152456
G011879,0,Africa,80.35743686652184
G011880,0,North America,0.0
G011881,0,Africa,73.20924754204624
G011882,0,Middle East,82.49248904392122
G011883,0,Africa,69.78112591469649
G011884,0,South Asia,0.0
G011885,0,Europe,0.0
G011886,0,North America,67.8810478506865
G011887,0,Central & North Asia,51.45183149724657
G011888,0,East Asia,0.0
G011889,0,Europe,52.05239728417992
G011890,0,Latin America,0.0
G011891,0,Africa,48.778284503102306
G011892,0,Oceania,80.91996362604202
G011893,0,Central & North Asia,59.99297102098211
G011894,0,Southeast Asia,60.61425085153002
G011895,0,Latin America,0.0
G011896,0,Europe,33.00192641299963
G011897,0,Europe,45.175424406495964
G011898,0,Latin America,38.090471229076385
G011899,0,Europe,81.42149103384037
G011900,0,Latin America,45.7877613170147
G011901,0,Africa,35.98274026489258
G011902,0,Latin America,46.18945213115215
G011903,0,South Asia,55.322816454827795
G011904,0,Africa,57.99037848013639
G011905,0,Africa,38.62563474113291
G011906,0,North America,42.4915199368
G011907,0,Middle East,57.98403769096281
G011908,0,Africa,76.80326642292738
G011909,0,Africa,80.17825976037979
G011910,0,East Asia,0.0
G011911,0,South Asia,76.91589071136714
G011912,0,Africa,87.4172356414944
G011913,0,Latin America,52.64986920368672
G011914,0,Central & North Asia,38.40719326174259
G011915,0,North America,47.059345700621606
G011916,0,Latin America,0.0
G011917,0,Latin America,64.48548792383887
G011918,0,Africa,63.55839781213529
G011919,0,Central & North Asia,28.469956124544147
G011920,0,Africa,83.63619605863096
G011921,0,Africa,80.02966031372549
G011922,0,Oceania,80.37457306429744
G011923,0,Oceania,34.00592396676902
G011924,0,Southeast Asia,34.01999233703902
G011925,0,Africa,87.31671404650807
G011926,0,Latin America,70.0463829957572
G011927,0,Latin America,57.85819179455439
G011928,0,Middle East,62.199587567865855
G011929,0,Africa,72.48558550619649
G011930,0,Middle East,83.71520785477756
G011931,0,East Asia,0.0
G011932,0,Middle East,0.0
G011933,0,North America,38.47930108392239
G011934,0,North America,65.72151998053897
G011935,0,Latin America,37.05939019012451
G011936,0,Africa,77.20459743123841
G011937,0,North America,46.34814548908581
G011938,0,South Asia,84.98371701277905
G011939,0,North America,93.67578129632771
G011940,0,Europe,70.69804642440334
G011941,0,Latin America,52.489981684684764
G011942,0,East Asia,78.71652101335292
G011943,0,Europe,54.807548551324636
G011944,0,Latin America,53.357292014682834
G011945,0,Latin America,72.31678696228698
G011946,0,Latin America,42.86928315734863
G011947,0,North America,37.678882340312
G011948,0,South Asia,79.76829592579422
G011949,0,South Asia,72.94513132982723
G011950,0,Oceania,70.3074952250123
G011951,0,East Asia,0.0
G011952,0,Latin America,69.83530821454525
G011953,0,Latin America,0.0
G011954,0,Europe,35.395561811313485
G011955,0,Oceania,78.43670373106002
G011956,0,Europe,56.01487542128564
G011957,0,Europe,51.58891243016719
G011958,0,North America,64.80904008512967
G011959,0,Oceania,76.36324583536387
G011960,0,Africa,81.5521772643075
G011961,0,North America,71.07434351863644
G011962,0,Central & North Asia,0.0
G011963,0,North America,78.03764626911644
G011964,0,East Asia,61.36431259161235
G011965,0,Africa,73.31922041606903
G011966,0,Oceania,75.73094010666013
G011967,0,Africa,66.68697890938819
G011968,0,Latin America,87.42084917783014
G011969,0,Oceania,76.43870424733288
G011970,0,East Asia,74.11213696557284
G011971,0,East Asia,41.94481760275364
G011972,0,North America,0.0
G011973,0,Middle East,0.0
G011974,0,Latin America,55.44130114939899
G011975,0,Latin America,40.115399482011796
G011976,0,Oceania,78.68463269665837
G011977,0,Latin America,0.0
G011978,0,Africa,85.74638767398893
G011979,0,Central & North Asia,17.11519845587015
G011980,0,Central & North Asia,70.09167733334594
G011981,0,Africa,44.45603848952959
G011982,0,East Asia,50.2607895499233
G011983,0,Latin America,34.32130505895615
G011984,0,North America,58.30929621791117
G011985,0,Latin America,0.0
G011986,0,Africa,39.3448249425888
G011987,0,North America,37.79435211151297
G011988,0,Africa,79.73891818705202
G011989,0,Middle East,87.71857998304748
G011990,0,Africa,45.63656612849236
G011991,0,Central & North Asia,59.24603577583396
G011992,0,Latin America,65.32714765470317
G011993,0,South Asia,84.21804139652849
G011994,0,Europe,27.970331020564743
G011995,0,Oceania,0.0
G011996,0,Europe,55.971079896305554
G011997,0,Africa,85.27253334887325
G011998,0,Latin America,69.54735643876683
G011999,0,Latin America,55.026897818778494
G012000,0,East Asia,83.69923655047921
G012001,0,North America,42.14243898126483
G012002,0,North America,72.94136922498544
G012003,0,Oceania,74.14948032061439
G012004,0,East Asia,46.07741309998613
G012005,0,Central & North Asia,38.02492017251254
G012006,0,Central & North Asia,35.58667245566845
G012007,0,Africa,73.42271271395683
G012008,0,Latin America,0.0
G012009,0,Oceania,80.22145675316453
G012010,0,Central & North Asia,0.0
G012011,0,Middle East,64.33943062254787
G012012,0,Europe,30.213553867961423
G012013,0,Oceania,80.30059175720811
G012014,0,Southeast Asia,0.0
G012015,0,Central & North Asia,55.73243588154786
G012016,0,Africa,80.71322629804233
G012017,0,Europe,41.65954771670429
G012018,0,Africa,85.05172028583287
G012019,0,East Asia,0.0
G012020,0,East Asia,0.0
G012021,0,Africa,86.49165138283642
G012022,0,Central & North Asia,22.944014554977414
G012023,0,Latin America,67.90433780183936
G012024,0,Central & North Asia,20.266133482694627
G012025,0,Latin America,57.106228078387
G012026,0,Middle East,60.1892555812489
G012027,0,Latin America,26.547931229114536
G012028,0,North America,85.69438775225932
G012029,0,Central & North Asia,18.55422729766369
G012030,0,Europe,40.93520843338966
G012031,0,Africa,77.0647064037323
G012032,0,Africa,0.0
G012033,0,Southeast Asia,0.0
G012034,0,South Asia,0.0
G012035,0,Central & North Asia,59.00132992267789
G012036,0,Africa,67.85386096215248
G012037,0,Central & North Asia,43.01982138116431
G012038,0,Europe,28.154071369792476
G012039,0,Middle East,82.96507539802745
G012040,0,Central & North Asia,0.0
G012041,0,Europe,23.078945228265997
G012042,0,Africa,83.98844408249856
G012043,0,Latin America,70.78968289427323
G012044,0,North America,29.823595865130425
G012045,0,Europe,74.11694491508604
G012046,0,North America,53.928031960597544
G012047,0,North America,58.009489609494345
G012048,0,Africa,24.587032960414884
G012049,0,North America,0.0
G012050,0,North America,38.22930691362918
G012051,0,North America,38.51685802197456
G012052,0,North America,64.30414021420478
G012053,0,Latin America,74.05105718362694
G012054,0,Central & North Asia,54.691560009678206
G012055,0,Africa,85.7480727154468
G012056,0,South Asia,66.09069780588148
G012057,0,South Asia,80.93186533111967
G012058,0,Europe,37.41972059254574
G012059,0,South Asia,0.0
G012060,0,Africa,73.39489747922711
G012061,0,East Asia,58.38007629042322
G012062,0,Central & North Asia,40.893122639665094
G012063,0,Europe,39.465647491057716
G012064,0,Africa,58.208807062485
G012065,0,Central & North Asia,69.61805103421212
G012066,0,Latin America,57.78968560022657
G012067,0,Latin America,67.97437777066231
G012068,0,North America,23.431335817929465
G012069,0,Europe,62.14459143499263
G012070,0,North America,65.30337735487115
G012071,0,North America,0.0
G012072,0,North America,0.0
G012073,0,Latin America,0.0
G012074,0,Central & North Asia,30.741559699118138
G012075,0,Europe,68.33161787162767
G012076,0,Africa,49.48597353482247
G012077,0,East Asia,0.0
G012078,0,Africa,48.17291177752524
G012079,0,Central & North Asia,25.794499920129777
G012080,0,Central & North Asia,56.84986881431937
G012081,0,Europe,26.90739786148071
G012082,0,Latin America,81.89257433932568
G012083,0,North America,44.588591271340846
G012084,0,Africa,77.36704546712339
G012085,0,Southeast Asia,40.68934167321523
G012086,0,East Asia,0.0
G012087,0,Latin America,72.15325092339516
G012088,0,Africa,82.84413366771378
G012089,0,Africa,73.14325720578432
G012090,0,Latin America,49.18908794500792
G012091,0,Central & North Asia,36.24502918708325
G012092,0,Europe,50.82849074506759
G012093,0,East Asia,68.87247314739227
G012094,0,Africa,81.64224878135325
G012095,0,North America,78.40575234680465
G012096,0,Latin America,46.03794545990228
G012097,0,North America,56.78371236660084
G012098,0,Europe,30.606889546871187
G012099,0,Africa,76.79701874694318
G012100,0,Latin America,48.33871228337288
G012101,0,North America,0.0
G012102,0,Africa,62.506335243940356
G012103,0,Africa,90.65308931080139
G012104,0,Central & North Asia,32.789294308245175
G012105,0,East Asia,60.812612403322355
G012106,0,East Asia,0.0
G012107,0,Africa,83.84676820921898
G012108,0,South Asia,87.47993765190604
G012109,0,Africa,85.59143189507724
G012110,0,Central & North Asia,61.33278867610478
G012111,0,Africa,0.0
G012112,0,Oceania,80.73393683421611
G012113,0,Central & North Asia,47.632079867731434
G012114,0,Africa,86.29751706033043
G012115,0,Latin America,52.24205008395513
G012116,0,Latin America,74.25235841667653
G012117,0,Central & North Asia,26.175655434250828
G012118,0,Latin America,56.3872023371747
G012119,0,Europe,23.370088026285167
G012120,0,South Asia,67.32106572198869
G012121,0,North America,77.36889803930846
G012122,0,Latin America,73.42846462181272
G012123,0,Latin America,35.69457659244538
G012124,0,South Asia,72.19309173782486
G012125,0,Africa,60.81698513651978
G012126,0,North America,47.40528598129749
G012127,0,Latin America,74.94874808911662
G012128,0,Central & North Asia,48.656808625730605
G012129,0,North America,0.0
G012130,0,North America,79.64452523833513
G012131,0,Africa,81.36929060997385
G012132,0,North America,0.0
G012133,0,Africa,85.54099729694427
G012134,0,Africa,82.54857567602397
G012135,0,North America,70.74912396760963
G012136,0,Central & North Asia,75.32903095707026
G012137,0,North America,72.13769829583168
G012138,0,Southeast Asia,35.89185321450233
G012139,0,Africa,54.21818367021012
G012140,0,North America,81.43354371596378
G012141,0,Latin America,0.0
G012142,0,Middle East,87.06638026545941
G012143,0,Oceania,81.0236526786089
G012144,0,South Asia,0.0
G012145,0,North America,35.591411014914506
G012146,0,South Asia,68.9565184593002
G012147,0,North America,43.65205068232119
G012148,0,Latin America,39.71643102788925
G012149,0,Latin America,77.15270128958153
G012150,0,Africa,85.5352911664636
G012151,0,Africa,82.01172361861757
G012152,0,East Asia,63.43537495684263
G012153,0,North America,86.24021098142907
G012154,0,Europe,40.00954310279362
G012155,0,Latin America,50.681920198332186
G012156,0,Middle East,86.0933924175537
G012157,0,North America,85.82096511523697
G012158,0,Latin America,64.54222861610037
G012159,0,Africa,76.04186635687947
G012160,0,Central & North Asia,0.0
G012161,0,Africa,0.0
G012162,0,Latin America,52.39065275985183
G012163,0,Central & North Asia,0.0
G012164,0,North America,85.70685384496731
G012165,0,North America,25.713207198381422
G012166,0,Latin America,77.19097379608226
G012167,0,Central & North Asia,37.74377979934216
G012168,0,Africa,30.137630830287936
G012169,0,Africa,62.38457061263287
G012170,0,Europe,39.28203909087181
G012171,0,South Asia,85.63176739659454
G012172,0,Central & North Asia,44.37090963898102
G012173,0,North America,71.60848180510511
G012174,0,Latin America,60.20011749599197
G012175,0,Latin America,67.5895486368555
G012176,0,Latin America,45.98606827473641
G012177,0,South Asia,0.0
G012178,0,Latin America,79.61886361606554
G012179,0,East Asia,59.92072321949492
G012180,0,Africa,83.99047786874301
G012181,0,Africa,74.14411628562212
G012182,0,Africa,80.35780999265612
G012183,0,East Asia,67.78775936871767
G012184,0,Southeast Asia,52.03851069529851
G012185,0,Africa,93.98926809993388
G012186,0,Africa,80.54816398183324
G012187,0,Africa,77.95417139920322
G012188,0,Africa,91.82929395047643
G012189,0,Africa,76.7148568939955
G012190,0,Latin America,78.98061905853677
G012191,0,Middle East,87.32979218850984
G012192,0,Latin America,41.59076997423172
G012193,0,Middle East,85.59118073541468
G012194,0,Africa,84.33844304066717
G012195,0,North America,36.87103363753088
G012196,0,North America,0.0
G012197,0,Latin America,59.1145150836092
G012198,0,Latin America,0.0
G012199,0,Latin America,26.672897908210757
G012200,0,Latin America,69.42169854233661
G012201,0,Africa,76.68168421290858
G012202,0,Latin America,71.41129289591493
G012203,0,North America,0.0
G012204,0,Central & North Asia,67.59287379585207
G012205,0,Oceania,30.32007348918915
G012206,0,North America,78.83655316098711
G012207,0,Latin America,26.277790170192716
G012208,0,Europe,54.52338560509682
G012209,0,Latin America,68.05543891281613
G012210,0,North America,69.57617900091411
G012211,0,Africa,37.38768201255799
G012212,0,Europe,43.43775509681124
G012213,0,Latin America,70.69293561173026
G012214,0,South Asia,80.27800619280339
G012215,0,Latin America,40.97104494953156
G012216,0,North America,31.308208791335428
G012217,0,Africa,70.86362214017818
G012218,0,North America,84.91063088107832
G012219,0,Latin America,0.0
G012220,0,North America,42.66564371609688
G012221,0,Central & North Asia,66.40521644781033
G012222,0,North America,0.0
G012223,0,Central & North Asia,67.47328717923165
G012224,0,Central & North Asia,23.85868876546079
G012225,0,East Asia,0.0
G012226,0,Central & North Asia,0.0
G012227,0,Europe,36.90134298037038
G012228,0,Middle East,58.46445769961224
G012229,0,Latin America,34.3348638997078
G012230,0,East Asia,0.0
G012231,0,North America,67.03382648118338
G012232,0,Central & North Asia,47.17025588083268
G012233,0,Middle East,85.78614356428928
G012234,0,North America,38.399915788412095
G012235,0,North America,80.14089922819898
G012236,0,Africa,69.3042346280127
G012237,0,Central & North Asia,33.83482349824906
G012238,0,North America,49.014907039403916
G012239,0,East Asia,61.17728289616109
G012240,0,Middle East,88.4753179498315
G012241,0,Central & North Asia,33.68087338078021
G012242,0,Central & North Asia,0.0
G012243,0,Latin America,38.10670010430524
G012244,0,Middle East,58.0694941020337
G012245,0,Africa,0.0
G012246,0,Latin America,74.0859184808731
G012247,0,Africa,70.11354077625275
G012248,0,East Asia,54.97915153950452
G012249,0,North America,12.719019100904461
G012250,0,Middle East,88.49313925485359
G012251,0,Latin America,0.0
G012252,0,North America,0.0
G012253,0,East Asia,0.0
G012254,0,Africa,74.73748934318803
G012255,0,North America,45.34788948462046
G012256,0,Latin America,49.264286009239434
G012257,0,North America,17.18575031781197
G012258,0,Africa,82.18992963327469
G012259,0,Central & North Asia,64.81477877688408
G012260,0,Europe,40.52895293073582
G012261,0,Latin America,69.97749863838789
G012262,0,Latin America,0.0
G012263,0,North America,60.817085740000906
G012264,0,Africa,42.478371758388754
G012265,0,Middle East,0.0
G012266,0,East Asia,0.0
G012267,0,Oceania,79.24904799857735
G012268,0,Middle East,91.35039292160039
G012269,0,Africa,84.38679235338262
G012270,0,Africa,75.67102641886653
G012271,0,South Asia,48.80727807760239
G012272,0,Latin America,69.81359366412867
G012273,0,Southeast Asia,0.0
G012274,0,Africa,88.6045515806368
G012275,0,North America,67.10341399855866
G012276,0,Africa,83.90501303596794
G012277,0,Africa,46.919093052777384
G012278,0,Africa,50.44510361742973
G012279,0,Africa,0.0
G012280,0,Central & North Asia,35.97678870630264
G012281,0,Central & North Asia,62.17155155655741
G012282,0,North America,72.89564000161309
G012283,0,Latin America,55.437507228399774
G012284,0,Africa,34.79659828901291
G012285,0,Africa,37.591626683148476
G012286,0,Latin America,0.0
G012287,0,Oceania,21.53548995542526
G012288,0,Africa,85.60260008391738
G012289,0,East Asia,59.848596945237944
G012290,0,North America,42.227231417119505
G012291,0,Central & North Asia,72.2764682833399
G012292,0,Latin America,0.0
G012293,0,Central & North Asia,0.0
G012294,0,Africa,78.529453689754
G012295,0,Europe,58.143697747244985
G012296,0,East Asia,0.0
G012297,0,Oceania,62.74451930014292
G012298,0,Africa,0.0
G012299,0,East Asia,68.0708055896136
G012300,0,Central & North Asia,54.63556934085534
G012301,0,Latin America,54.27896574497223
G012302,0,East Asia,0.0
G012303,0,North America,0.0
G012304,0,Africa,86.3754852809906
G012305,0,Africa,36.33228189694883
G012306,0,Central & North Asia,18.91090258216858
G012307,0,Africa,92.7465449981301
G012308,0,East Asia,0.0
G012309,0,Europe,50.871599498351415
G012310,0,East Asia,68.32726406398686
G012311,0,Europe,43.85740938997269
G012312,0,North America,59.487042950919175
G012313,0,Latin America,0.0
G012314,0,Oceania,79.44826685854794
G012315,0,North America,57.58096224429391
G012316,0,Middle East,87.11769041472854
G012317,0,Oceania,69.1572788528502
G012318,0,Central & North Asia,35.71984201008082
G012319,0,Europe,46.21625782541073
G012320,0,North America,32.70882446599007
G012321,0,Latin America,35.66452660083771
G012322,0,Africa,83.21823202852904
G012323,0,Africa,80.66066910934448
G012324,0,Central & North Asia,28.234186989784245
G012325,0,South Asia,83.70664320352539
G012326,0,Latin America,76.85977492180737
G012327,0,Africa,86.11184397721291
G012328,0,Middle East,82.43136023358505
G012329,0,Oceania,64.4822889057994
G012330,0,North America,60.29685505759716
G012331,0,Africa,0.0
G012332,0,Africa,67.18544718889757
G012333,0,Africa,85.641962291196
G012334,0,Central & North Asia,64.14275028014184
G012335,0,Africa,80.47417062579774
G012336,0,Africa,56.171017038464555
G012337,0,Africa,86.56130097824335
G012338,0,Oceania,76.68112453410029
G012339,0,Africa,82.24570673945817
G012340,0,Central & North Asia,77.69640665825389
G012341,0,Africa,32.83367911986149
G012342,0,Middle East,83.89599221066588
G012343,0,Central & North Asia,31.403464334011076
G012344,0,Central & North Asia,0.0
G012345,0,Oceania,69.21113104510307
G012346,0,Europe,60.342507092634825
G012347,0,Latin America,37.46201981639862
G012348,0,South Asia,69.49159830908522
G012349,0,Central & North Asia,74.49695950885796
G012350,0,East Asia,0.0
G012351,0,Central & North Asia,23.197606852054594
G012352,0,East Asia,65.38075740695
G012353,0,Africa,66.87854418218136
G012354,0,Europe,0.0
G012355,0,Latin America,0.0
G012356,0,Oceania,75.0036393651303
G012357,0,Central & North Asia,61.52981988546998
G012358,0,Oceania,57.735499499418516
G012359,0,Central & North Asia,35.91486594259739
G012360,0,Africa,69.67823631570556
G012361,0,Africa,88.20549506774996
G012362,0,Africa,78.88863736278542
G012363,0,Africa,83.38358735220135
G012364,0,Central & North Asia,33.11380659246444
G012365,0,Africa,85.05455835385621
G012366,0,Europe,24.58533643466054
G012367,0,South Asia,75.77820325664244
G012368,0,North America,21.765986483335492
G012369,0,Africa,87.2263772367686
G012370,0,Latin America,0.0
G012371,0,Central & North Asia,38.22905031378567
G012372,0,North America,78.58876438109169
G012373,0,North America,53.04581953628361
G012374,0,Africa,46.626987674713135
G012375,0,North America,0.0
G012376,0,East Asia,0.0
G012377,0,Africa,80.16119038438796
G012378,0,Africa,78.3039839066267
G012379,0,Africa,82.35308186030387
G012380,0,Africa,75.06539184632898
G012381,0,Latin America,55.74608817714272
G012382,0,South Asia,58.22389293062689
G012383,0,South Asia,76.04841161432863
G012384,0,North America,0.0
G012385,0,East Asia,73.18176904809475
G012386,0,Africa,80.68123032906651
G012387,0,Central & North Asia,62.70878311777116
G012388,0,Oceania,80.35572474737465
G012389,0,Oceania,77.75372877955436
G012390,0,Africa,56.1057154265317
G012391,0,Central & North Asia,67.80443950468302
G012392,0,Southeast Asia,0.0
G012393,0,Oceania,76.5057179824114
G012394,0,North America,40.74133608818054
G012395,0,North America,69.0952256370783
G012396,0,Middle East,86.27906333161147
G012397,0,North America,0.0
G012398,0,Africa,56.95609938469981
G012399,0,Oceania,76.89719650448859
G012400,0,Central & North Asia,31.436414366841316
G012401,0,East Asia,0.0
G012402,0,Africa,79.59251236045361
G012403,0,Africa,30.682263765811925
G012404,0,Oceania,67.77175347924234
G012405,0,East Asia,0.0
G012406,0,Africa,79.62661837665736
G012407,0,Africa,91.4179892807368
G012408,0,East Asia,71.70472952461245
G012409,0,Southeast Asia,0.0
G012410,0,Latin America,70.85263083274617
G012411,0,Central & North Asia,34.54756713539363
G012412,0,Europe,55.0289734000112
G012413,0,Middle East,0.0
G012414,0,Africa,0.0
G012415,0,Oceania,68.82109396201372
G012416,0,Latin America,26.942784314155578
G012417,0,Africa,49.14203620886802
G012418,0,Oceania,81.38686892357468
G012419,0,North America,0.0
G012420,0,Africa,71.86317639689554
G012421,0,Africa,86.83644438966205
G012422,0,Europe,61.23044599138606
G012423,0,Latin America,65.87357870937117
G012424,0,North America,81.49625282560875
G012425,0,Africa,85.86680257186295
G012426,0,Europe,51.327607610048666
G012427,0,South Asia,81.16133561510208
G012428,0,South Asia,0.0
G012429,0,Africa,0.0
G012430,0,Central & North Asia,58.67915180901324
G012431,0,Southeast Asia,0.0
G012432,0,Latin America,43.66437781643867
G012433,0,North America,0.0
G012434,0,Africa,0.0
G012435,0,Central & North Asia,30.72805382990837
G012436,0,Africa,78.10916171082854
G012437,0,Middle East,83.07549169468881
G012438,0,Central & North Asia,36.2432779823361
G012439,0,Latin America,42.625903994321824
G012440,0,Middle East,0.0
G012441,0,Latin America,67.5856991429329
G012442,0,Oceania,42.87016736274777
G012443,0,Africa,81.52820658593603
G012444,0,Africa,81.86541835071147
G012445,0,Latin America,68.36165999533551
G012446,0,Europe,18.19435345888138
G012447,0,East Asia,68.8097774685847
G012448,0,Africa,83.04193742097688
G012449,0,North America,0.0
G012450,0,Africa,83.25300654935836
G012451,0,Africa,81.65208734342997
G012452,0,Africa,82.61581010699271
G012453,0,Africa,45.582352059125895
G012454,0,Africa,32.610912038254014
G012455,0,South Asia,85.398657604777
G012456,0,North America,66.79702474565218
G012457,0,Southeast Asia,0.0
G012458,0,East Asia,53.442999066114425
G012459,0,Middle East,82.78218386653519
G012460,0,East Asia,52.51141991528778
G012461,0,Europe,56.4910006134808
G012462,0,Africa,83.92298219843208
G012463,0,Africa,84.27687023341115
G012464,0,Middle East,64.83401139289141
G012465,0,South Asia,71.38879276758433
G012466,0,South Asia,45.650092045567256
G012467,0,Europe,32.22633574501673
G012468,0,Africa,74.10226417902112
G012469,0,Africa,84.74931333792209
G012470,0,North America,16.80937373435497
G012471,0,East Asia,73.95649959349633
G012472,0,Middle East,80.33362633910775
G012473,0,North America,54.79228635578445
G012474,0,East Asia,29.588142627318696
G012475,0,East Asia,0.0
G012476,0,Central & North Asia,30.332588548421867
G012477,0,Latin America,27.135401752948763
G012478,0,Central & North Asia,65.27648409444095
G012479,0,North America,76.01474095501864
G012480,0,Central & North Asia,22.573897514581684
G012481,0,Europe,70.8064603227377
G012482,0,North America,0.0
G012483,0,North America,80.33374843916026
G012484,0,Latin America,79.3927194491634
G012485,0,Europe,57.5491190202742
G012486,0,Oceania,75.09520650228858
G012487,0,Central & North Asia,23.896652107238765
G012488,0,Latin America,39.29896240091324
G012489,0,East Asia,0.0
G012490,0,Central & North Asia,23.083129321965306
G012491,0,Latin America,43.55853260564804
G012492,0,Latin America,66.1724148630843
G012493,0,Africa,79.74762115669252
G012494,0,East Asia,85.23242116903536
G012495,0,East Asia,78.15630513986855
G012496,0,South Asia,69.36363209683155
G012497,0,Africa,76.24390452062183
G012498,0,Europe,50.938764089356766
G012499,0,East Asia,65.86841840537569
G012500,0,North America,89.73018552742809
G012501,0,Oceania,42.993377453684815
G012502,0,Latin America,69.752348726045
G012503,0,Africa,85.46317065086961
G012504,0,Latin America,70.63274521820293
G012505,0,North America,92.41175673024401
G012506,0,Oceania,63.326639260703864
G012507,0,Africa,66.52177050995827
G012508,0,Latin America,0.0
G012509,0,Europe,31.783875100684885
G012510,0,Central & North Asia,32.836601426601405
G012511,0,Oceania,0.0
G012512,0,North America,39.643338917038655
G012513,0,North America,0.0
G012514,0,Africa,38.62721701002121
G012515,0,South Asia,83.10767832322554
G012516,0,Latin America,63.30827700650693
G012517,0,Latin America,44.663151884525114
G012518,0,Africa,0.0
G012519,0,Oceania,78.74217009788752
G012520,0,Africa,81.41926863756504
G012521,0,East Asia,0.0
G012522,0,Latin America,49.42416451454162
G012523,0,Latin America,68.72585375288399
G012524,0,South Asia,69.24709253573418
G012525,0,Africa,86.85800213953854
G012526,0,Africa,86.25968493029475
G012527,0,North America,0.0
G012528,0,Oceania,79.23706251639129
G012529,0,Central & North Asia,18.271873302936555
G012530,0,Central & North Asia,61.16334415418995
G012531,0,Africa,86.88565522317724
G012532,0,South Asia,0.0
G012533,0,Latin America,26.65992186975479
G012534,0,Europe,0.0
G012535,0,Central & North Asia,49.326545702275006
G012536,0,Africa,82.28700326650883
G012537,0,East Asia,0.0
G012538,0,Latin America,44.32580228028153
G012539,0,North America,0.0
G012540,0,Africa,78.04215693455934
G012541,0,Europe,49.799355032920836
G012542,0,East Asia,59.56943179348202
G012543,0,South Asia,0.0
G012544,0,Africa,66.30026723693356
G012545,0,Europe,0.0
G012546,0,North America,62.82448177687689
G012547,0,East Asia,73.43487817192079
G012548,0,North America,83.4283756342571
G012549,0,Africa,85.01614633475245
G012550,0,Latin America,43.848634051084524
G012551,0,Africa,82.83805515177052
G012552,0,Africa,81.65112952939852
G012553,0,North America,0.0
G012554,0,Africa,78.4121479461175
G012555,0,North America,44.82644930697933
G012556,0,Southeast Asia,65.03740316796303
G012557,0,Oceania,73.9537817595005
G012558,0,East Asia,68.4815655616269
G012559,0,Latin America,71.13358521543398
G012560,0,North America,39.7478655205369
G012561,0,Latin America,59.12679312061903
G012562,0,East Asia,75.78307515560499
G012563,0,Latin America,28.64647786855698
G012564,0,Africa,80.30415687514706
G012565,0,Africa,61.15401315044635
G012566,0,East Asia,0.0
G012567,0,Latin America,0.0
G012568,0,East Asia,0.0
G012569,0,Central & North Asia,33.86395232141018
G012570,0,Africa,84.53223298906016
G012571,0,South Asia,39.514211678114805
G012572,0,Africa,81.1317988798474
G012573,0,Central & North Asia,60.87471540388013
G012574,0,Latin America,0.0
G012575,0,Central & North Asia,34.54181059753895
G012576,0,Africa,76.4991644070871
G012577,0,Africa,58.10171715214037
G012578,0,Latin America,45.919260514837326
G012579,0,Latin America,45.7393335454762
G012580,0,Africa,67.96490733653306
G012581,0,Africa,64.45219334173203
G012582,0,Central & North Asia,8.223164553165436
G012583,0,Africa,0.0
G012584,0,Middle East,49.03853979849816
G012585,0,North America,68.79941903367278
G012586,0,Middle East,85.19957959918904
G012587,0,Central & North Asia,37.84002137577533
G012588,0,South Asia,72.86085776147878
G012589,0,Middle East,85.78397888833827
G012590,0,Central & North Asia,38.4792053951025
G012591,0,North America,0.0
G012592,0,Africa,84.3345954950533
G012593,0,North America,0.0
G012594,0,East Asia,0.0
G012595,0,Oceania,74.35950304844977
G012596,0,Africa,77.9485918918252
G012597,0,South Asia,72.29160588753224
G012598,0,Central & North Asia,57.092016789320745
G012599,0,Africa,82.96803851723672
G012600,0,East Asia,30.62952557226925
G012601,0,North America,38.94044247579575
G012602,0,North America,37.21602929006201
G012603,0,Africa,0.0
G012604,0,North America,0.0
G012605,0,Latin America,25.582127362251285
G012606,0,Africa,41.637205863952644
G012607,0,Latin America,77.64705680528283
G012608,0,North America,83.32111887227136
G012609,0,North America,0.0
G012610,0,Europe,76.00581268572807
G012611,0,Europe,64.89344438641902
G012612,0,Africa,81.63913570994139
G012613,0,Europe,0.0
G012614,0,South Asia,63.989577812880285
G012615,0,Latin America,59.859806506037714
G012616,0,Africa,81.72775770127593
G012617,0,Europe,60.04428345172151
G012618,0,East Asia,39.1414099000277
G012619,0,North America,31.336951361417775
G012620,0,North America,41.66972944718599
G012621,0,Africa,90.4077260964838
G012622,0,Africa,68.36511878705025
G012623,0,Africa,84.68871364068985
G012624,0,North America,65.03996063579754
G012625,0,North America,0.0
G012626,0,East Asia,60.85740766590835
G012627,0,Africa,70.36272592765093
G012628,0,Africa,42.250711474418644
G012629,0,Africa,85.1600593289733
G012630,0,Africa,89.2535864918503
G012631,0,Africa,77.67919248647989
G012632,0,North America,53.79822991782969
G012633,0,North America,69.22033834742957
G012634,0,North America,0.0
G012635,0,Africa,81.87416918230058
G012636,0,Africa,45.59790880511385
G012637,0,Africa,28.82608569908142
G012638,0,Latin America,49.17521115934849
G012639,0,Central & North Asia,40.682694473624224
G012640,0,East Asia,0.0
G012641,0,Latin America,68.26234466831612
G012642,0,Central & North Asia,62.631822291049076
G012643,0,North America,59.68591970652161
G012644,0,Africa,85.42523380814629
G012645,0,Africa,38.26148703193665
G012646,0,East Asia,67.72082821898118
G012647,0,Central & North Asia,36.268851171255115
G012648,0,Europe,52.43186268830661
G012649,0,Africa,80.90764577507973
G012650,0,North America,18.130188606262205
G012651,0,Central & North Asia,37.83146581983566
G012652,0,Africa,83.48719132932298
G012653,0,Oceania,77.03623695659638
G012654,0,Latin America,38.886898093461994
G012655,0,Southeast Asia,68.64853644870989
G012656,0,East Asia,0.0
G012657,0,Oceania,63.793684736132626
G012658,0,North America,0.0
G012659,0,Africa,84.38565321803094
G012660,0,Africa,91.65164867526563
G012661,0,North America,32.113739073103126
G012662,0,East Asia,74.01666566872596
G012663,0,Europe,25.71241231119994
G012664,0,Europe,0.0
G012665,0,North America,41.54387637257576
G012666,0,North America,0.0
G012667,0,Africa,87.05550905352831
G012668,0,Africa,93.78175996677263
G012669,0,Middle East,83.5170338002272
G012670,0,Africa,0.0
G012671,0,Latin America,53.274889812390015
G012672,0,North America,40.30215492117405
G012673,0,Africa,52.08827804970741
G012674,0,East Asia,0.0
G012675,0,Africa,82.58201865908504
G012676,0,Latin America,77.51173626513553
G012677,0,Latin America,56.728071527394384
G012678,0,Central & North Asia,61.521028665423394
G012679,0,Central & North Asia,25.932833076536653
G012680,0,Middle East,75.97512159116341
G012681,0,East Asia,65.30250450636402
G012682,0,Europe,71.33944452261926
G012683,0,Middle East,81.15754602217675
G012684,0,Europe,51.693603323423496
G012685,0,Africa,0.0
G012686,0,Africa,37.14048832537911
G012687,0,Africa,71.4838679201585
G012688,0,South Asia,76.3770765418356
G012689,0,North America,71.44611156139862
G012690,0,Central & North Asia,35.13577921521664
G012691,0,Middle East,82.62432541656494
G012692,0,North America,51.16329148598151
G012693,0,Southeast Asia,65.49431001985073
G012694,0,Latin America,73.62470355939865
G012695,0,North America,56.9864254385829
G012696,0,Africa,89.20700635737994
G012697,0,East Asia,0.0
G012698,0,Latin America,29.375915716171264
G012699,0,Africa,89.57977069834146
G012700,0,Latin America,32.447557324886326
G012701,0,Africa,83.1493996026516
G012702,0,North America,74.23916732305786
G012703,0,East Asia,49.51552471203515
G012704,0,North America,76.94094975497325
G012705,0,Africa,0.0
G012706,0,North America,0.0
G012707,0,Latin America,73.5278720130776
G012708,0,Africa,85.50924264529348
G012709,0,Africa,60.79366804593982
G012710,0,East Asia,0.0
G012711,0,North America,12.097293489217762
G012712,0,Central & North Asia,0.0
G012713,0,Europe,61.90284871152314
G012714,0,North America,60.63192188151315
G012715,0,Oceania,70.37950008451939
G012716,0,Europe,0.0
G012717,0,Africa,59.71832436978095
G012718,0,Africa,81.80868642946807
G012719,0,East Asia,0.0
G012720,0,South Asia,76.80201306045055
G012721,0,South Asia,65.29313743388653
G012722,0,South Asia,0.0
G012723,0,East Asia,68.15181716823578
G012724,0,East Asia,73.38745408129692
G012725,0,Middle East,61.8591589375635
G012726,0,North America,53.54045026917169
G012727,0,Middle East,0.0
G012728,0,Europe,0.0
G012729,0,Europe,50.40613801181317
G012730,0,Africa,84.18448111861674
G012731,0,North America,0.0
G012732,0,North America,47.30027531435274
G012733,0,Middle East,78.26324044334889
G012734,0,South Asia,70.96032639271021
G012735,0,North America,63.644914107096916
G012736,0,North America,0.0
G012737,0,South Asia,75.37337630814314
G012738,0,Middle East,67.71537846628645
G012739,0,Europe,69.60792076146603
G012740,0,South Asia,74.41660038526491
G012741,0,North America,74.52712676346303
G012742,0,Middle East,64.02527626546313
G012743,0,Middle East,71.20649361294508
G012744,0,Middle East,55.66994665449316
G012745,0,Middle East,67.7494005995158
G012746,0,East Asia,60.16977253341674
G012747,0,Middle East,73.3051557727158
G012748,0,Middle East,73.5424666193832
G012749,0,Middle East,69.97507344117851
G012750,0,Southeast Asia,71.02344746535474
G012751,0,East Asia,63.953353315335335
G012752,0,North America,80.08893709933757
G012753,0,Africa,90.31712235272563
G012754,0,Europe,37.53543019037536
G012755,0,North America,84.99219990878214
G012756,0,Middle East,0.0
G012757,0,Middle East,0.0
G012758,0,Middle East,57.35248789722449
G012759,0,East Asia,67.69700386473538
G012760,0,Europe,26.619812094088758
G012761,0,Europe,28.38127708349806
G012762,0,Africa,84.93999138635398
G012763,0,East Asia,63.39993816280365
G012764,0,Latin America,72.41184083934625
G012765,0,Europe,61.9316879555732
G012766,0,North America,0.0
G012767,0,North America,55.68256291675567
G012768,0,North America,81.8856335803749
G012769,0,Middle East,67.08970844241887
G012770,0,East Asia,0.0
G012771,0,North America,58.01491495728492
G012772,0,East Asia,0.0
G012773,0,Middle East,57.19287108272856
G012774,0,East Asia,78.29838971266783
G012775,0,South Asia,73.57788064652682
G012776,0,Africa,87.13347717290937
G012777,0,Europe,0.0
G012778,0,East Asia,66.45753277944887
G012779,0,South Asia,70.83989848941565
G012780,0,Middle East,55.63240119355375
G012781,0,Southeast Asia,68.86786735111474
G012782,0,East Asia,0.0
G012783,0,Europe,24.28067985844612
G012784,0,Middle East,84.02374128457903
G012785,0,Southeast Asia,60.138401048889655
G012786,0,East Asia,58.08813597876195
G012787,0,South Asia,77.04401352884011
G012788,0,Europe,50.33013250264615
G012789,0,East Asia,59.948250857353216
G012790,0,Southeast Asia,69.34966524187364
G012791,0,Southeast Asia,54.194887187961385
G012792,0,East Asia,0.0
G012793,0,Europe,75.21627655708791
G012794,0,Latin America,0.0
G012795,0,East Asia,63.25815189886094
G012796,0,South Asia,82.3052242545883
G012797,0,South Asia,61.45604008635787
G012798,0,East Asia,60.56428798822201
G012799,0,Latin America,0.0
G012800,0,North America,64.17750863420963
G012801,0,Middle East,72.50105011987685
G012802,0,Europe,26.89563580887606
G012803,0,Europe,70.37872294997447
G012804,0,Europe,62.54797766079325
G012805,0,East Asia,0.0
G012806,0,Middle East,72.52999770022883
G012807,0,North America,0.0
G012808,0,South Asia,68.41090400296449
G012809,0,Europe,0.0
G012810,0,Middle East,0.0
G012811,0,Middle East,64.66544106147055
G012812,0,North America,49.77763623549721
G012813,0,Middle East,0.0
G012814,0,Middle East,69.39532486326044
G012815,0,South Asia,85.23862676001679
G012816,0,East Asia,0.0
G012817,0,North America,62.306753850402266
G012818,0,Southeast Asia,72.86641919106877
G012819,0,North America,62.56869541009086
G012820,0,North America,35.264401894887285
G012821,0,South Asia,74.79067010038187
G012822,0,Europe,0.0
G012823,0,East Asia,72.31560183187959
G012824,0,South Asia,73.01112325286866
G012825,0,South Asia,82.70501504051143
G012826,0,Middle East,0.0
G012827,0,Middle East,0.0
G012828,0,East Asia,67.13737941025423
G012829,0,Europe,81.80605796370543
G012830,0,Middle East,77.85644453155633
G012831,0,East Asia,0.0
G012832,0,East Asia,65.2745510653185
G012833,0,Europe,0.0
G012834,0,Europe,62.09247111004591
G012835,0,Europe,70.828892306
G012836,0,East Asia,72.9225564468801
G012837,0,Europe,52.05179687452316
G012838,0,East Asia,70.56088150690316
G012839,0,North America,53.52911675185146
G012840,0,North America,86.83999265939991
G012841,0,Latin America,72.29337894298453
G012842,0,Middle East,0.0
G012843,0,North America,0.0
G012844,0,Middle East,0.0
G012845,0,East Asia,58.98200330549479
G012846,0,Middle East,90.00781202970852
G012847,0,Middle East,0.0
G012848,0,North America,92.0188967454569
G012849,0,North America,52.5258401529789
G012850,0,North America,49.646200304168644
G012851,0,Middle East,72.23469016991557
G012852,0,North America,44.25243283450603
G012853,0,East Asia,60.064277256842814
G012854,0,East Asia,0.0
G012855,0,Middle East,78.36610105764866
G012856,0,North America,82.8199361384213
G012857,0,East Asia,0.0
G012858,0,North America,67.7193916387558
G012859,0,North America,71.54258603573929
G012860,0,Southeast Asia,73.87693071021275
G012861,0,Europe,0.0
G012862,0,South Asia,82.02556969881057
G012863,0,East Asia,85.34852883909689
G012864,0,South Asia,72.15374343776341
G012865,0,East Asia,76.49314419928646
G012866,0,Middle East,49.71671490608925
G012867,0,Middle East,66.04846454362796
G012868,0,Southeast Asia,0.0
G012869,0,North America,0.0
G012870,0,Middle East,83.5223657527548
G012871,0,Latin America,80.58523421048487
G012872,0,Southeast Asia,0.0
G012873,0,Europe,71.58767092571114
G012874,0,South Asia,70.19658293253184
G012875,0,Middle East,0.0
G012876,0,East Asia,0.0
G012877,0,South Asia,67.42343357291728
G012878,0,East Asia,62.15540830469132
G012879,0,South Asia,73.34119636458158
G012880,0,South Asia,71.99179600967783
G012881,0,South Asia,75.8252280496359
G012882,0,Southeast Asia,62.9234533263481
G012883,0,South Asia,71.20892071056366
G012884,0,East Asia,0.0
G012885,0,Middle East,73.06161082279682
G012886,0,South Asia,75.19775051277875
G012887,0,Middle East,0.0
G012888,0,Middle East,0.0
G012889,0,Middle East,68.8845549866819
G012890,0,Southeast Asia,68.66296425580978
G012891,0,East Asia,48.522144004924726
G012892,0,North America,42.14442011404037
G012893,0,East Asia,74.02111539998651
G012894,0,Middle East,76.1907015816794
G012895,0,Southeast Asia,0.0
G012896,0,North America,0.0
G012897,0,South Asia,75.41275547260045
G012898,0,Southeast Asia,73.56445982120256
G012899,0,Middle East,64.16540536183119
G012900,0,East Asia,32.005707219839096
G012901,0,North America,0.0
G012902,0,Southeast Asia,70.9709228499464
G012903,0,North America,82.87365166551507
G012904,0,Europe,53.15370943248091
G012905,0,East Asia,53.79059664750099
G012906,0,Europe,51.95529942558209
G012907,0,North America,54.91267285120487
G012908,0,Europe,65.84905245301219
G012909,0,Europe,53.95503272602053
G012910,0,Middle East,58.249840493115514
G012911,0,North America,56.25242920757785
G012912,0,East Asia,0.0
G012913,0,South Asia,73.28287292013206
G012914,0,North America,42.64150281123682
G012915,0,Europe,55.757697387139
G012916,0,North America,0.0
G012917,0,Africa,81.73778369245113
G012918,0,North America,45.757648891777706
G012919,0,East Asia,75.21766983690405
G012920,0,Europe,0.0
G012921,0,North America,42.94561066027845
G012922,0,South Asia,0.0
G012923,0,South Asia,64.28386294134097
G012924,0,Latin America,79.19119519906153
G012925,0,Middle East,90.79828217405037
G012926,0,East Asia,47.316262755751616
G012927,0,South Asia,74.68051370896355
G012928,0,South Asia,82.62049945872707
G012929,0,North America,44.882129954695706
G012930,0,Europe,49.420032166481015
G012931,0,Middle East,0.0
G012932,0,Middle East,72.6606533280015
G012933,0,North America,86.91866568936273
G012934,0,South Asia,70.69841833961011
G012935,0,Southeast Asia,0.0
G012936,0,Europe,46.68264410249212
G012937,0,East Asia,74.53169062376023
G012938,0,North America,65.0786087603551
G012939,0,North America,59.32938388114265
G012940,0,Europe,36.013306236147876
G012941,0,Middle East,72.74795585200913
G012942,0,East Asia,0.0
G012943,0,Southeast Asia,64.6006136530132
G012944,0,East Asia,77.52523680579661
G012945,0,Middle East,75.14170139124991
G012946,0,Middle East,0.0
G012947,0,North America,46.51893236657706
G012948,0,North America,78.36019108366968
G012949,0,Middle East,61.500430747464755
G012950,0,Middle East,67.29223067450704
G012951,0,South Asia,82.16144133271366
G012952,0,Europe,0.0
G012953,0,Europe,0.0
G012954,0,Latin America,87.34945480976684
G012955,0,East Asia,71.14595374397933
G012956,0,East Asia,56.76731577509643
G012957,0,Middle East,54.23057028758526
G012958,0,North America,37.07641498535691
G012959,0,North America,71.48805317372356
G012960,0,Middle East,68.47175899696079
G012961,0,Middle East,65.1122031493187
G012962,0,South Asia,73.21375880057522
G012963,0,North America,91.2430226406455
G012964,0,South Asia,79.2152895768881
G012965,0,Europe,51.84800953155756
G012966,0,Middle East,0.0
G012967,0,East Asia,54.727450428789304
G012968,0,Middle East,70.3424102679789
G012969,0,East Asia,55.87582411824573
G012970,0,Latin America,80.6998778341232
G012971,0,Europe,52.106262584388254
G012972,0,South Asia,79.12067715454101
G012973,0,North America,76.34787924839873
G012974,0,Southeast Asia,55.37921123600006
G012975,0,Southeast Asia,61.17441282761098
G012976,0,East Asia,54.631765883833175
G012977,0,East Asia,84.80310196226836
G012978,0,Southeast Asia,71.88851253733851
G012979,0,South Asia,73.09333357724637
G012980,0,Europe,47.7102222442627
G012981,0,North America,83.50051742781473
G012982,0,Middle East,61.55346891482942
G012983,0,Latin America,0.0
G012984,0,Europe,58.94410023822838
G012985,0,North America,88.99257776104321
G012986,0,South Asia,74.11974825874424
G012987,0,South Asia,82.86673397558928
G012988,0,North America,57.64158419909984
G012989,0,South Asia,77.21573641417785
G012990,0,East Asia,0.0
G012991,0,South Asia,75.10849755591154
G012992,0,Europe,56.23160836565494
G012993,0,South Asia,78.23870027057511
G012994,0,East Asia,0.0
G012995,0,Europe,0.0
G012996,0,North America,65.99672977435588
G012997,0,East Asia,50.74265947869421
G012998,0,Europe,0.0
G012999,0,Europe,50.034983634450214
G013000,0,Europe,62.04724831359315
G013001,0,South Asia,89.24644141517581
G013002,0,Middle East,60.18984226206396
G013003,0,Middle East,75.1251706053416
G013004,0,North America,52.14911970563369
G013005,0,Southeast Asia,71.06146401655674
G013006,0,Latin America,74.34890677630901
G013007,0,Middle East,70.65577939764839
G013008,0,South Asia,69.21626409947872
G013009,0,Europe,61.100128679156306
G013010,0,East Asia,80.21600272691613
G013011,0,South Asia,75.396081453709
G013012,0,North America,0.0
G013013,0,North America,68.99616550958156
G013014,0,Europe,71.06257807842168
G013015,0,Europe,36.28764649534226
G013016,0,North America,87.18656471480836
G013017,0,Europe,43.094289115548136
G013018,0,East Asia,0.0
G013019,0,Europe,66.50935924565792
G013020,0,Southeast Asia,75.62797194156504
G013021,0,East Asia,59.68547538930178
G013022,0,Europe,38.19272070406784
G013023,0,Middle East,54.38132254194492
G013024,0,South Asia,74.80984479791016
G013025,0,East Asia,30.532801614587957
G013026,0,North America,45.299044723265105
G013027,0,North America,0.0
G013028,0,North America,59.866791396498684
G013029,0,East Asia,0.0
G013030,0,Africa,89.58739218408141
G013031,0,South Asia,88.82951539172956
G013032,0,South Asia,73.09091059166192
G013033,0,Middle East,60.54667034366818
G013034,0,Latin America,0.0
G013035,0,South Asia,74.73127294105292
G013036,0,South Asia,74.2928305136995
G013037,0,Latin America,75.69290641946323
G013038,0,East Asia,67.42190970945357
G013039,0,South Asia,71.68864710567937
G013040,0,Europe,0.0
G013041,0,North America,82.02321379670953
G013042,0,East Asia,52.491091924667366
G013043,0,Southeast Asia,71.73496394433216
G013044,0,Latin America,76.3432155081612
G013045,0,Europe,72.76782476981029
G013046,0,Southeast Asia,67.00962181441169
G013047,0,Europe,0.0
G013048,0,East Asia,65.31705258059502
G013049,0,North America,0.0
G013050,0,Middle East,75.30474275685711
G013051,0,Middle East,57.20664895794428
G013052,0,Africa,87.48234393885099
G013053,0,Europe,0.0
G013054,0,East Asia,68.31380090813384
G013055,0,East Asia,0.0
G013056,0,East Asia,67.57755355549581
G013057,0,South Asia,73.55905242236997
G013058,0,Middle East,91.02162021981766
G013059,0,East Asia,0.0
G013060,0,North America,60.87663206410047
G013061,0,North America,78.11559757249465
G013062,0,East Asia,64.49677384635444
G013063,0,Europe,58.154533599485056
G013064,0,Europe,65.29941471648036
G013065,0,North America,65.01744064870387
G013066,0,Middle East,0.0
G013067,0,North America,59.597177029869776
G013068,0,North America,60.41564643093944
G013069,0,Europe,0.0
G013070,0,Central & North Asia,53.84538645993761
G013071,0,Europe,54.06943980102468
G013072,0,Middle East,60.529789737135175
G013073,0,North America,36.3921897157539
G013074,0,South Asia,72.6714522754821
G013075,0,South Asia,72.65118676994244
G013076,0,South Asia,73.50265631759167
G013077,0,East Asia,77.20170466375352
G013078,0,South Asia,65.12435270345212
G013079,0,Middle East,69.91673158877548
G013080,0,North America,64.27583194947243
G013081,0,South Asia,74.87411854064464
G013082,0,South Asia,70.67322770786284
G013083,0,East Asia,0.0
G013084,0,Europe,0.0
G013085,0,East Asia,56.38843590212772
G013086,0,Middle East,0.0
G013087,0,Oceania,81.05878860350157
G013088,0,Middle East,73.14918096065523
G013089,0,North America,70.26919360694289
G013090,0,Europe,46.33156204118873
G013091,0,South Asia,67.73916535739465
G013092,0,North America,81.96546798345989
G013093,0,South Asia,73.74976923632623
G013094,0,Europe,49.56534769514834
G013095,0,East Asia,0.0
G013096,0,South Asia,64.73207834288569
G013097,0,Latin America,69.93435417759419
G013098,0,North America,90.44264851752466
G013099,0,Europe,54.40275855863095
G013100,0,Middle East,59.02155343770801
G013101,0,Middle East,83.56658823032814
G013102,0,North America,42.52014228862705
G013103,0,South Asia,80.91092222660781
G013104,0,South Asia,71.06579248642922
G013105,0,East Asia,0.0
G013106,0,Middle East,60.812940207707165
G013107,0,Southeast Asia,0.0
G013108,0,North America,29.52697269381177
G013109,0,East Asia,0.0
G013110,0,Europe,62.06750371921063
G013111,0,North America,44.12932982754707
G013112,0,Europe,58.39773545826564
G013113,0,Middle East,81.45505794696827
G013114,0,Middle East,0.0
G013115,0,East Asia,68.13006060796435
G013116,0,North America,65.09745135288166
G013117,0,South Asia,54.3470969744415
G013118,0,Middle East,0.0
G013119,0,Middle East,76.08935275834527
G013120,0,North America,38.72109015750884
G013121,0,North America,43.41566332041856
G013122,0,Europe,54.59069538471193
G013123,0,Middle East,52.499584815350445
G013124,0,Middle East,40.590495670647336
G013125,0,South Asia,55.01497388463129
G013126,0,South Asia,75.57022057379467
G013127,0,Middle East,0.0
G013128,0,South Asia,76.47541425116677
G013129,0,Latin America,71.42455762732028
G013130,0,North America,65.43618616038108
G013131,0,South Asia,86.59836233141206
G013132,0,East Asia,0.0
G013133,0,South Asia,85.57046550755068
G013134,0,South Asia,71.13109667229652
G013135,0,Southeast Asia,80.41120608271287
G013136,0,East Asia,0.0
G013137,0,North America,0.0
G013138,0,Middle East,84.22911446356774
G013139,0,South Asia,74.54589482525623
G013140,0,Africa,88.9365917075028
G013141,0,North America,39.806707601547245
G013142,0,Europe,0.0
G013143,0,North America,65.0335834959655
G013144,0,North America,59.84319799147953
G013145,0,East Asia,0.0
G013146,0,North America,48.95794553494454
G013147,0,North America,92.5463974717097
G013148,0,Latin America,71.87612485921383
G013149,0,Southeast Asia,71.44540740130843
G013150,0,North America,76.95209283908568
G013151,0,Oceania,74.73315618015599
G013152,0,North America,53.84265685833945
G013153,0,East Asia,72.8988279544115
G013154,0,North America,73.84455299072555
G013155,0,Middle East,69.57370445231777
G013156,0,North America,0.0
G013157,0,Southeast Asia,0.0
G013158,0,Southeast Asia,70.30399220728876
G013159,0,Middle East,63.66668964396824
G013160,0,North America,0.0
G013161,0,East Asia,0.0
G013162,0,East Asia,43.29129622494452
G013163,0,Latin America,96.05703407393081
G013164,0,Europe,0.0
G013165,0,Middle East,63.737663004040726
G013166,0,Europe,0.0
G013167,0,Latin America,73.72539582785966
G013168,0,North America,84.793642784451
G013169,0,Latin America,0.0
G013170,0,East Asia,78.53685491048206
G013171,0,Middle East,82.21845866615483
G013172,0,South Asia,86.46698735573527
G013173,0,South Asia,74.2634822077408
G013174,0,East Asia,60.80760659502491
G013175,0,South Asia,71.86270983527827
G013176,0,South Asia,71.9409283246398
G013177,0,North America,63.362088731095646
G013178,0,South Asia,73.64511016261578
G013179,0,Middle East,52.50526498613575
G013180,0,Southeast Asia,0.0
G013181,0,East Asia,85.6665939171802
G013182,0,Africa,80.80924128708516
G013183,0,Middle East,70.16468358021974
G013184,0,South Asia,73.03431825130275
G013185,0,Oceania,73.56937971261776
G013186,0,South Asia,87.09329644674695
G013187,0,Middle East,0.0
G013188,0,North America,47.60828130006791
G013189,0,Europe,33.755526469223426
G013190,0,Middle East,0.0
G013191,0,Europe,70.1097159607555
G013192,0,Latin America,76.8386495042046
G013193,0,Middle East,86.72547402104465
G013194,0,South Asia,64.65025776442162
G013195,0,East Asia,56.12074557292461
G013196,0,South Asia,75.1407734204314
G013197,0,Europe,34.046903170433914
G013198,0,Southeast Asia,67.17360569453238
G013199,0,East Asia,0.0
G013200,0,North America,47.478628670334814
G013201,0,Middle East,0.0
G013202,0,Middle East,75.10910503906013
G013203,0,Middle East,64.0888117260698
G013204,0,East Asia,58.504190513610844
G013205,0,East Asia,0.0
G013206,0,Middle East,73.00433347928524
G013207,0,Oceania,63.93643370766531
G013208,0,Latin America,0.0
G013209,0,East Asia,0.0
G013210,0,North America,56.995230320114075
G013211,0,South Asia,71.17063222509623
G013212,0,East Asia,0.0
G013213,0,North America,48.142598196347556
G013214,0,South Asia,68.86663031178712
G013215,0,North America,56.73288042861224
G013216,0,Africa,82.28752048468138
G013217,0,East Asia,0.0
G013218,0,East Asia,0.0
G013219,0,East Asia,0.0
G013220,0,North America,83.67866639914206
G013221,0,Europe,50.48405721139908
G013222,0,Southeast Asia,0.0
G013223,0,East Asia,53.095914152681836
G013224,0,East Asia,71.65209771618247
G013225,0,South Asia,75.0829787905162
G013226,0,Europe,51.13477667677403
G013227,0,Oceania,64.49034166769188
G013228,0,North America,77.0317927171588
G013229,0,North America,57.59934686964932
G013230,0,Southeast Asia,67.77522304263982
G013231,0,Middle East,70.44522550101533
G013232,0,Middle East,0.0
G013233,0,South Asia,74.26624319501266
G013234,0,Europe,62.52447746396065
G013235,0,Middle East,64.48033948124538
G013236,0,East Asia,49.52115663683323
G013237,0,East Asia,0.0
G013238,0,North America,0.0
G013239,0,Africa,82.26438028793804
G013240,0,North America,0.0
G013241,0,East Asia,0.0
G013242,0,Middle East,0.0
G013243,0,Middle East,73.45501181129525
G013244,0,South Asia,66.93576638393148
G013245,0,North America,40.34653270646298
G013246,0,South Asia,74.7579965613394
G013247,0,Europe,0.0
G013248,0,East Asia,46.00039903333693
G013249,0,Latin America,0.0
G013250,0,South Asia,0.0
G013251,0,South Asia,73.39609328895807
G013252,0,Middle East,67.84917417622516
G013253,0,Europe,55.599241946101195
G013254,0,North America,35.428478025219654
G013255,0,Europe,50.11573096358415
G013256,0,East Asia,0.0
G013257,0,Southeast Asia,70.10320883789298
G013258,0,North America,53.5838802241087
G013259,0,Middle East,83.14588591722196
G013260,0,Europe,0.0
G013261,0,Southeast Asia,67.64213533494329
G013262,0,Southeast Asia,66.22736803746224
G013263,0,North America,0.0
G013264,0,South Asia,75.4893798754152
G013265,0,Europe,56.356687279455585
G013266,0,East Asia,0.0
G013267,0,East Asia,0.0
G013268,0,Europe,48.15344030048992
G013269,0,South Asia,66.76870344102383
G013270,0,East Asia,0.0
G013271,0,North America,81.4096416933094
G013272,0,East Asia,61.848215488851075
G013273,0,North America,82.77018126710254
G013274,0,South Asia,73.10801877698302
G013275,0,Middle East,68.81953289382747
G013276,0,Middle East,0.0
G013277,0,South Asia,56.97146015411615
G013278,0,Middle East,73.2996327997446
G013279,0,Middle East,0.0
G013280,0,East Asia,0.0
G013281,0,East Asia,0.0
G013282,0,South Asia,74.67013401716947
G013283,0,Middle East,68.59747416632645
G013284,0,South Asia,72.56159477376939
G013285,0,North America,68.94158440794729
G013286,0,East Asia,0.0
G013287,0,Middle East,77.00539775317185
G013288,0,Middle East,75.91288461488486
G013289,0,North America,44.24167892932893
G013290,0,North America,59.07649242610462
G013291,0,Middle East,0.0
G013292,0,East Asia,0.0
G013293,0,North America,77.49126131414734
G013294,0,Middle East,83.21771697384119
G013295,0,Middle East,88.3249394364041
G013296,0,South Asia,72.47976932304375
G013297,0,Europe,0.0
G013298,0,East Asia,62.41133683707124
G013299,0,Middle East,0.0
G013300,0,North America,0.0
G013301,0,Latin America,67.99522581112385
G013302,0,South Asia,71.96449167585374
G013303,0,East Asia,0.0
G013304,0,Africa,86.11010346387101
G013305,0,Europe,76.29302924251557
G013306,0,Southeast Asia,0.0
G013307,0,Europe,23.576722799337272
G013308,0,Middle East,80.01246982719773
G013309,0,East Asia,0.0
G013310,0,Europe,68.79710403847695
G013311,0,North America,88.04255041699697
G013312,0,Middle East,74.24925815592752
G013313,0,North America,0.0
G013314,0,Europe,35.14343370854854
G013315,0,East Asia,0.0
G013316,0,Middle East,0.0
G013317,0,East Asia,38.373987094163894
G013318,0,South Asia,73.58118258368968
G013319,0,East Asia,72.13352315950394
G013320,0,North America,76.34195987188454
G013321,0,Middle East,0.0
G013322,0,Middle East,83.79260849380495
G013323,0,North America,38.93276384976778
G013324,0,North America,51.6239504441023
G013325,0,Europe,65.1815757770701
G013326,0,North America,78.60970801994522
G013327,0,Europe,0.0
G013328,0,Europe,47.241050836118795
G013329,0,South Asia,91.4658663726598
G013330,0,Southeast Asia,0.0
G013331,0,Europe,46.904558175108654
G013332,0,Middle East,0.0
G013333,0,Latin America,58.921672894001006
G013334,0,Europe,38.25041733374379
G013335,0,East Asia,0.0
G013336,0,South Asia,72.38126737029805
G013337,0,Europe,67.57890692001581
G013338,0,North America,91.82057608865969
G013339,0,Middle East,68.11859447237217
G013340,0,North America,85.72799058697622
G013341,0,North America,27.9918997897018
G013342,0,North America,0.0
G013343,0,Europe,57.39232661440698
G013344,0,Southeast Asia,75.85481236806783
G013345,0,North America,64.26364216244221
G013346,0,North America,42.0923237836361
G013347,0,Europe,48.15167076086998
G013348,0,East Asia,72.05454633674026
G013349,0,South Asia,75.66448302188516
G013350,0,South Asia,73.16232012963295
G013351,0,North America,91.27739810689744
G013352,0,Europe,47.48360946297646
G013353,0,Europe,38.8585563179977
G013354,0,Middle East,70.20900667887926
G013355,0,Middle East,82.26402542779483
G013356,0,East Asia,65.31984928515553
G013357,0,North America,0.0
G013358,0,East Asia,0.0
G013359,0,East Asia,31.97669315179911
G013360,0,North America,43.751599782228475
G013361,0,North America,60.0059425405011
G013362,0,Africa,86.36394913201305
G013363,0,North America,67.4071133597403
G013364,0,Europe,0.0
G013365,0,Southeast Asia,0.0
G013366,0,Latin America,67.85463158774375
G013367,0,East Asia,63.4582228862869
G013368,0,Central & North Asia,66.51519939005149
G013369,0,East Asia,0.0
G013370,0,Europe,63.64200165998937
G013371,0,Latin America,69.06874164467148
G013372,0,South Asia,71.24915916583394
G013373,0,Middle East,67.31236208833077
G013374,0,South Asia,73.79271029665976
G013375,0,Europe,43.22501028116003
G013376,0,South Asia,77.22509192004439
G013377,0,North America,69.00404944999742
G013378,0,South Asia,82.12120393007994
G013379,0,East Asia,74.93951568874446
G013380,0,East Asia,68.34642522096634
G013381,0,East Asia,61.072821510016915
G013382,0,South Asia,72.12976438989604
G013383,0,North America,66.03024518864986
G013384,0,South Asia,73.64746592730285
G013385,0,South Asia,71.82081102132797
G013386,0,North America,76.01838279843194
G013387,0,East Asia,0.0
G013388,0,Latin America,0.0
G013389,0,Southeast Asia,71.13326245748229
G013390,0,East Asia,0.0
G013391,0,East Asia,54.011029684500265
G013392,0,North America,65.54575452142593
G013393,0,South Asia,52.78583748745918
G013394,0,North America,0.0
G013395,0,North America,54.10055027884425
G013396,0,North America,87.8852024099276
G013397,0,Middle East,42.13180062391903
G013398,0,South Asia,73.68380855776505
G013399,0,North America,0.0
G013400,0,East Asia,0.0
G013401,0,Southeast Asia,34.47515653413715
G013402,0,Middle East,66.7643763449508
G013403,0,East Asia,64.3535111175351
G013404,0,Europe,63.718873783290384
G013405,0,South Asia,68.93608944486849
G013406,0,North America,31.93318628311157
G013407,0,South Asia,72.62794715875387
G013408,0,Africa,83.68477570965617
G013409,0,Middle East,0.0
G013410,0,North America,94.12146686902462
G013411,0,East Asia,64.21071564090252
G013412,0,East Asia,0.0
G013413,0,Middle East,93.58895930683614
G013414,0,South Asia,71.95741842972147
G013415,0,South Asia,52.06765412620341
G013416,0,East Asia,0.0
G013417,0,Europe,60.00803239935636
G013418,0,South Asia,82.68462769912408
G013419,0,North America,62.70792581690803
G013420,0,North America,61.47051819470796
G013421,0,East Asia,46.46163480889797
G013422,0,South Asia,54.27853154993058
G013423,0,North America,35.62449582790605
G013424,0,South Asia,73.79173799133301
G013425,0,Middle East,58.625618857033324
G013426,0,Africa,91.20218914330547
G013427,0,Middle East,73.15774072084824
G013428,0,North America,45.351089561903116
G013429,0,Africa,0.0
G013430,0,South Asia,75.63000834608079
G013431,0,Middle East,0.0
G013432,0,Oceania,70.24695561969281
G013433,0,Middle East,63.63991229068059
G013434,0,North America,29.48085080168464
G013435,0,North America,88.96427426128767
G013436,0,North America,0.0
G013437,0,Europe,0.0
G013438,0,Europe,37.64389142673666
G013439,0,South Asia,73.41897479426862
G013440,0,Europe,0.0
G013441,0,North America,55.902804535565956
G013442,0,South Asia,73.05008637475969
G013443,0,Middle East,0.0
G013444,0,Middle East,69.81089716011736
G013445,0,Europe,33.984324196815486
G013446,0,East Asia,63.148643048849074
G013447,0,East Asia,0.0
G013448,0,South Asia,73.46919062978029
G013449,0,East Asia,57.15554833218726
G013450,0,South Asia,71.56783640271426
G013451,0,Europe,67.90647077086568
G013452,0,Europe,40.446761018073914
G013453,0,East Asia,44.578318083167076
G013454,0,Middle East,83.41265784090216
G013455,0,East Asia,0.0
G013456,0,North America,0.0
G013457,0,East Asia,0.0
G013458,0,Latin America,90.59026621558088
G013459,0,North America,39.87101254762303
G013460,0,Middle East,86.84351740231027
G013461,0,North America,0.0
G013462,0,Europe,0.0
G013463,0,Oceania,70.95951100253517
G013464,0,East Asia,0.0
G013465,0,South Asia,70.30354273798429
G013466,0,Europe,0.0
G013467,0,Europe,23.98957104190913
G013468,0,North America,0.0
G013469,0,Middle East,61.698254964747214
G013470,0,Middle East,93.00842733874826
G013471,0,North America,0.0
G013472,0,Middle East,0.0
G013473,0,East Asia,68.57476734819828
G013474,0,East Asia,64.94508627939226
G013475,0,Middle East,0.0
G013476,0,Africa,91.73269691701461
G013477,0,South Asia,79.85053066825868
G013478,0,North America,65.49583472239972
G013479,0,North America,50.09447180380062
G013480,0,Latin America,0.0
G013481,0,Central & North Asia,57.43580209677146
G013482,0,South Asia,74.75433388014137
G013483,0,South Asia,80.5518083426135
G013484,0,North America,0.0
G013485,0,Oceania,0.0
G013486,0,East Asia,0.0
G013487,0,Europe,37.880702853191984
G013488,0,Europe,0.0
G013489,0,Middle East,0.0
G013490,0,North America,74.02676538991206
G013491,0,Europe,0.0
G013492,0,Middle East,65.07570298945905
G013493,0,South Asia,73.4690182993412
G013494,0,Latin America,0.0
G013495,0,East Asia,72.90361784874129
G013496,0,Southeast Asia,78.20325535768269
G013497,0,Southeast Asia,69.8626087475708
G013498,0,North America,29.577000455531206
G013499,0,North America,75.8314516405698
G013500,0,East Asia,80.51212700635016
G013501,0,North America,37.46174341811556
G013502,0,South Asia,70.4641458836794
G013503,0,North America,0.0
G013504,0,South Asia,71.716367302835
G013505,0,East Asia,63.19642993795872
G013506,0,North America,65.90034956032038
G013507,0,East Asia,0.0
G013508,0,Middle East,0.0
G013509,0,East Asia,73.01320669388771
G013510,0,North America,51.905459625424754
G013511,0,Middle East,61.52694322674021
G013512,0,North America,61.80405769261086
G013513,0,North America,52.18826977694035
G013514,0,East Asia,53.93440779209138
G013515,0,South Asia,74.04298703587054
G013516,0,Latin America,79.83492841601372
G013517,0,Africa,79.98823862280088
G013518,0,South Asia,0.0
G013519,0,South Asia,73.0187660959363
G013520,0,South Asia,74.68092157665889
G013521,0,North America,73.01885846794555
G013522,0,East Asia,0.0
G013523,0,Europe,49.35088186003584
G013524,0,South Asia,74.71756600640714
G013525,0,East Asia,0.0
G013526,0,East Asia,65.61574186054234
G013527,0,North America,86.28621626675671
G013528,0,South Asia,0.0
G013529,0,Europe,56.260912993647835
G013530,0,South Asia,87.44906851550937
G013531,0,Europe,56.21055340597666
G013532,0,Middle East,52.31382363891601
G013533,0,East Asia,51.90666667464375
G013534,0,Southeast Asia,73.38497535669262
G013535,0,Europe,67.64056604253344
G013536,0,Southeast Asia,48.83303080797196
G013537,0,South Asia,61.09517265086102
G013538,0,Southeast Asia,74.33445011042058
G013539,0,North America,84.22104060514046
G013540,0,Europe,0.0
G013541,0,East Asia,68.88558104565739
G013542,0,Africa,86.02155411031842
G013543,0,South Asia,73.69260930240155
G013544,0,Middle East,0.0
G013545,0,Middle East,72.32312438309194
G013546,0,Europe,70.80344107021529
G013547,0,Middle East,73.54495419680892
G013548,0,Middle East,57.68284205684336
G013549,0,Middle East,60.6663856383255
G013550,0,Middle East,0.0
G013551,0,Europe,54.78783375615785
G013552,0,North America,87.12522646665573
G013553,0,Africa,0.0
G013554,0,North America,0.0
G013555,0,East Asia,61.60470566260092
G013556,0,Middle East,0.0
G013557,0,North America,71.19808369707701
G013558,0,Middle East,0.0
G013559,0,Southeast Asia,67.11491559649599
G013560,0,South Asia,73.37964602881671
G013561,0,Europe,0.0
G013562,0,Southeast Asia,0.0
G013563,0,East Asia,68.91034099313887
G013564,0,Europe,0.0
G013565,0,Europe,53.43394516468047
G013566,0,Europe,45.51306827991297
G013567,0,South Asia,72.78968802702427
G013568,0,North America,52.47826851313765
G013569,0,Europe,51.42353407262672
G013570,0,North America,50.794230964183804
G013571,0,North America,45.78840981411934
G013572,0,Latin America,94.34376432405818
G013573,0,East Asia,80.44705203584378
G013574,0,East Asia,64.6089237973392
G013575,0,North America,86.21532785481124
G013576,0,Southeast Asia,66.23293839619015
G013577,0,East Asia,0.0
G013578,0,South Asia,0.0
G013579,0,North America,46.30205902280591
G013580,0,North America,63.2541937943101
G013581,0,Middle East,75.07813779234887
G013582,0,East Asia,0.0
G013583,0,South Asia,67.08906008517742
G013584,0,Europe,0.0
G013585,0,South Asia,81.68884072676754
G013586,0,South Asia,70.77096835181568
G013587,0,East Asia,0.0
G013588,0,Middle East,65.11974838652755
G013589,0,Europe,52.178806852337075
G013590,0,South Asia,74.18779989716411
G013591,0,East Asia,55.22257015712695
G013592,0,Europe,55.053559134438636
G013593,0,Southeast Asia,0.0
G013594,0,North America,74.12066325736045
G013595,0,East Asia,58.587878408544
G013596,0,South Asia,77.15550289167328
G013597,0,East Asia,0.0
G013598,0,Southeast Asia,69.56753591869455
G013599,0,Middle East,58.920790900346006
G013600,0,South Asia,64.17828803943685
G013601,0,Middle East,0.0
G013602,0,Europe,37.62609513188853
G013603,0,East Asia,0.0
G013604,0,Middle East,72.36143969890476
G013605,0,North America,63.23470395928622
G013606,0,Europe,70.5958890259862
G013607,0,Middle East,80.83170073390912
G013608,0,East Asia,81.36534758633374
G013609,0,Middle East,0.0
G013610,0,Europe,53.67911205929518
G013611,0,South Asia,74.29162914012237
G013612,0,Europe,33.84806298243999
G013613,0,North America,84.42867822685115
G013614,0,South Asia,70.20561322945356
G013615,0,North America,45.49741152696538
G013616,0,Middle East,0.0
G013617,0,North America,31.57231862592697
G013618,0,Middle East,0.0
G013619,0,Middle East,65.59186605500994
G013620,0,Europe,74.63362407022716
G013621,0,South Asia,75.2965140773058
G013622,0,East Asia,64.99423547279835
G013623,0,Europe,43.103715262015655
G013624,0,Middle East,44.174387441432835
G013625,0,Middle East,72.03167735111533
G013626,0,East Asia,0.0
G013627,0,East Asia,66.88549357460124
G013628,0,North America,48.988444546222695
G013629,0,North America,89.36899970269204
G013630,0,East Asia,0.0
G013631,0,Middle East,71.12089988622252
G013632,0,North America,57.60198670086717
G013633,0,South Asia,73.3723236603827
G013634,0,Europe,0.0
G013635,0,North America,60.14712483462782
G013636,0,Europe,74.22347220019319
G013637,0,East Asia,0.0
G013638,0,East Asia,81.98432194879561
G013639,0,North America,0.0
G013640,0,Middle East,0.0
G013641,0,Europe,0.0
G013642,0,Oceania,73.04555518558622
G013643,0,East Asia,76.14241001424283
G013644,0,North America,0.0
G013645,0,South Asia,74.47067329755426
G013646,0,East Asia,0.0
G013647,0,Middle East,62.45261192040733
G013648,0,Europe,0.0
G013649,0,South Asia,80.53277167358995
G013650,0,Europe,0.0
G013651,0,North America,79.29155380755662
G013652,0,South Asia,72.1100784113678
G013653,0,South Asia,81.51443092182188
G013654,0,North America,0.0
G013655,0,Southeast Asia,65.24116042765343
G013656,0,South Asia,72.18105851334334
G013657,0,East Asia,57.2999233554674
G013658,0,East Asia,65.21582477384129
G013659,0,Middle East,0.0
G013660,0,Middle East,0.0
G013661,0,North America,75.62004214531183
G013662,0,North America,62.09141702531865
G013663,0,North America,60.71707428719601
G013664,0,North America,0.0
G013665,0,South Asia,76.33436227311057
G013666,0,Middle East,82.37726453590393
G013667,0,Europe,78.84183480778336
G013668,0,Europe,0.0
G013669,0,South Asia,90.60597755742796
G013670,0,Europe,73.89545952175241
G013671,0,North America,0.0
G013672,0,Middle East,0.0
G013673,0,Middle East,83.99058015436837
G013674,0,Middle East,65.74603468992493
G013675,0,Southeast Asia,42.40270741917871
G013676,0,Europe,72.37399690290502
G013677,0,Middle East,67.64981832599459
G013678,0,East Asia,0.0
G013679,0,Middle East,80.98628380724789
G013680,0,Middle East,60.85911971758351
G013681,0,Middle East,72.93528151605888
G013682,0,Middle East,73.75201131775975
G013683,0,Europe,0.0
G013684,0,East Asia,0.0
G013685,0,North America,66.9580698941395
G013686,0,South Asia,71.82884162235258
G013687,0,Middle East,0.0
G013688,0,East Asia,0.0
G013689,0,East Asia,33.834120923634735
G013690,0,East Asia,82.91725659196216
G013691,0,South Asia,69.73642743360995
G013692,0,Europe,42.19398989819758
G013693,0,Europe,40.12846502919269
G013694,0,Middle East,77.35839339501929
G013695,0,Middle East,78.46787809899179
G013696,0,East Asia,60.08751799970866
G013697,0,Europe,61.6759712359237
G013698,0,Middle East,0.0
G013699,0,Middle East,78.09254713025057
G013700,0,Middle East,0.0
G013701,0,Europe,35.849830994721614
G013702,0,Europe,40.07122087136182
G013703,0,Europe,49.12542913260605
G013704,0,Latin America,83.17918370060849
G013705,0,Europe,35.0340777425766
G013706,0,Europe,0.0
G013707,0,Middle East,88.27054898803794
G013708,0,South Asia,74.54699060740616
G013709,0,East Asia,51.784591179847716
G013710,0,East Asia,70.95741487961827
G013711,0,Middle East,59.10190110507517
G013712,0,South Asia,78.46637252601981
G013713,0,Europe,65.83322554488615
G013714,0,Europe,0.0
G013715,0,East Asia,63.71709505063296
G013716,0,South Asia,64.3754069327116
G013717,0,Europe,26.656451407454227
G013718,0,Europe,49.706640162511306
G013719,0,North America,72.23742008768068
G013720,0,Europe,0.0
G013721,0,Europe,75.01858067664776
G013722,0,North America,35.050410637523186
G013723,0,East Asia,75.56450696166989
G013724,0,Southeast Asia,0.0
G013725,0,Southeast Asia,63.36243986550968
G013726,0,East Asia,0.0
G013727,0,South Asia,75.40839988210797
G013728,0,North America,84.12906162348389
G013729,0,South Asia,76.02922452252201
G013730,0,East Asia,71.87157297599316
G013731,0,East Asia,64.91598017950491
G013732,0,Middle East,0.0
G013733,0,Europe,37.86217235018267
G013734,0,Southeast Asia,72.18022231340407
G013735,0,South Asia,66.59635392358537
G013736,0,North America,61.72004681295519
G013737,0,South Asia,78.66008917245269
G013738,0,North America,87.70480150895362
G013739,0,North America,88.28276121760138
G013740,0,Southeast Asia,0.0
G013741,0,Europe,55.02157365936222
G013742,0,East Asia,0.0
G013743,0,Middle East,50.341593580170105
G013744,0,South Asia,68.28754215037821
G013745,0,East Asia,62.26467589771748
G013746,0,South Asia,73.58607062202692
G013747,0,South Asia,73.25679144572128
G013748,0,Middle East,52.77635959105781
G013749,0,South Asia,76.70163829581846
G013750,0,Europe,0.0
G013751,0,South Asia,90.2787917318001
G013752,0,Middle East,67.66758050212626
G013753,0,South Asia,72.77539806752132
G013754,0,North America,67.64486979815996
G013755,0,Middle East,0.0
G013756,0,North America,48.99888640427589
G013757,0,East Asia,72.04012996798393
G013758,0,North America,77.76066189670563
G013759,0,North America,0.0
G013760,0,Middle East,0.0
G013761,0,Europe,0.0
G013762,0,Europe,72.80562650620936
G013763,0,Southeast Asia,68.18008366976181
G013764,0,South Asia,86.3967959693047
G013765,0,Middle East,72.993000728786
G013766,0,South Asia,85.86953949535615
G013767,0,North America,78.85171580271783
G013768,0,Middle East,59.92881084037008
G013769,0,Southeast Asia,50.71383575325662
G013770,0,East Asia,76.91642956918207
G013771,0,North America,0.0
G013772,0,East Asia,74.14437153196334
G013773,0,Middle East,66.19782238995938
G013774,0,Middle East,0.0
G013775,0,South Asia,70.44020048242807
G013776,0,South Asia,0.0
G013777,0,Latin America,72.14975713971167
G013778,0,Middle East,45.314766507109006
G013779,0,Middle East,72.32487403962105
G013780,0,Europe,58.48908736956119
G013781,0,Latin America,65.34815589941994
G013782,0,South Asia,72.3380163756338
G013783,0,Africa,84.4513054200709
G013784,0,Middle East,56.22641456902028
G013785,0,North America,0.0
G013786,0,Africa,95.52289038102374
G013787,0,South Asia,74.83279315084219
G013788,0,Europe,0.0
G013789,0,East Asia,0.0
G013790,0,Europe,58.00635377871991
G013791,0,Middle East,85.66234025376494
G013792,0,Middle East,73.84835422654858
G013793,0,Southeast Asia,0.0
G013794,0,Southeast Asia,67.28008221685164
G013795,0,Europe,46.927150548815725
G013796,0,East Asia,0.0
G013797,0,South Asia,71.09994223643885
G013798,0,South Asia,66.57948197847604
G013799,0,East Asia,64.38711264404655
G013800,0,South Asia,51.91375124339624
G013801,0,East Asia,46.98019952513413
G013802,0,North America,56.95081418762062
G013803,0,Europe,36.574967659235
G013804,0,North America,62.793714268054025
G013805,0,South Asia,73.92075073826312
G013806,0,South Asia,76.78964589679241
G013807,0,Middle East,0.0
G013808,0,South Asia,71.89224437814951
G013809,0,South Asia,72.3112101188302
G013810,0,Europe,55.173872537186654
G013811,0,East Asia,80.2342777823246
G013812,0,East Asia,64.81798566424847
G013813,0,North America,83.68254889364314
G013814,0,Middle East,69.58365401250124
G013815,0,Middle East,0.0
G013816,0,East Asia,75.86842194168042
G013817,0,Europe,72.28633257677339
G013818,0,Middle East,60.65448804076332
G013819,0,Europe,0.0
G013820,0,Southeast Asia,0.0
G013821,0,Middle East,74.69522489151448
G013822,0,North America,76.81848647935101
G013823,0,South Asia,68.25739550767884
G013824,0,Middle East,77.10566142457544
G013825,0,East Asia,0.0
G013826,0,East Asia,63.4359533932209
G013827,0,Middle East,59.660614595949646
G013828,0,Middle East,58.78246447271109
G013829,0,Middle East,71.2774167510867
G013830,0,South Asia,74.34279903680086
G013831,0,Middle East,70.34636728985471
G013832,0,South Asia,91.07453655970865
G013833,0,Southeast Asia,66.30031264995804
G013834,0,North America,0.0
G013835,0,East Asia,65.27339313745499
G013836,0,North America,88.63710112469983
G013837,0,Latin America,76.25321212121213
G013838,0,South Asia,77.05551249533893
G013839,0,East Asia,0.0
G013840,0,Middle East,58.06564928478003
G013841,0,Latin America,70.1201958999417
G013842,0,East Asia,70.96029693674862
G013843,0,South Asia,71.0358709244132
G013844,0,Europe,39.17810560882092
G013845,0,Europe,41.48897963142395
G013846,0,Latin America,60.39665968660152
G013847,0,Europe,73.34643387684315
G013848,0,North America,54.25542272984981
G013849,0,Latin America,0.0
G013850,0,South Asia,74.24055325618207
G013851,0,Europe,67.0276428826975
G013852,0,Middle East,84.6322474951988
G013853,0,South Asia,73.24613575434685
G013854,0,South Asia,74.66920322381185
G013855,0,Oceania,73.85773327087634
G013856,0,Southeast Asia,67.83264729114734
G013857,0,Europe,51.13686525971058
G013858,0,South Asia,73.42949839901924
G013859,0,East Asia,0.0
G013860,0,Middle East,73.71235853633736
G013861,0,Latin America,45.06321565490781
G013862,0,North America,92.97371005697595
G013863,0,North America,67.45127861723303
G013864,0,Africa,74.35927679954514
G013865,0,North America,54.84800692309394
G013866,0,South Asia,72.60776967487101
G013867,0,North America,0.0
G013868,0,Africa,78.58365833055973
G013869,0,East Asia,37.76284429233724
G013870,0,East Asia,50.155751011754525
G013871,0,Europe,0.0
G013872,0,South Asia,72.63779808968306
G013873,0,North America,45.13360215041855
G013874,0,East Asia,63.4524743007295
G013875,0,Europe,55.28745833659172
G013876,0,North America,0.0
G013877,0,South Asia,0.0
G013878,0,Southeast Asia,57.27161935665029
G013879,0,East Asia,0.0
G013880,0,North America,81.50784384334088
G013881,0,South Asia,65.55321452736855
G013882,0,South Asia,66.69751655899033
G013883,0,Africa,83.49965219280485
G013884,0,East Asia,0.0
G013885,0,South Asia,88.051041708874
G013886,0,Europe,49.24113104808331
G013887,0,East Asia,0.0
G013888,0,Africa,86.93832449972177
G013889,0,Middle East,70.39046645622
G013890,0,Europe,0.0
G013891,0,East Asia,72.54248547026515
G013892,0,Europe,32.833162572264676
G013893,0,Europe,66.19936062207817
G013894,0,North America,65.11506230439562
G013895,0,East Asia,0.0
G013896,0,South Asia,75.6925590685457
G013897,0,East Asia,0.0
G013898,0,Southeast Asia,50.36264701005907
G013899,0,Europe,61.27317709609416
G013900,0,South Asia,74.25171095396352
G013901,0,Europe,0.0
G013902,0,East Asia,43.46738794457913
G013903,0,South Asia,74.43371699386834
G013904,0,South Asia,72.10566437929327
G013905,0,East Asia,67.4249330844283
G013906,0,Middle East,74.86674081426318
G013907,0,Middle East,72.46855712281935
G013908,0,North America,80.36868594413995
G013909,0,Europe,37.65242072308064
G013910,0,Europe,65.18470321390846
G013911,0,South Asia,72.14135204410552
G013912,0,Europe,74.50964236160006
G013913,0,Europe,43.81719248245702
G013914,0,South Asia,73.2315916107893
G013915,0,East Asia,0.0
G013916,0,Europe,57.5320393554171
G013917,0,South Asia,72.7041234695821
G013918,0,Europe,0.0
G013919,0,North America,61.35440308237076
G013920,0,Europe,0.0
G013921,0,Southeast Asia,72.26147801039075
G013922,0,East Asia,70.61421696382762
G013923,0,East Asia,0.0
G013924,0,Middle East,66.09959438431443
G013925,0,East Asia,75.07317819749947
G013926,0,South Asia,75.90032563841163
G013927,0,North America,60.91594509902506
G013928,0,Latin America,69.53211142897607
G013929,0,Middle East,76.64751020001462
G013930,0,Middle East,70.93688625772072
G013931,0,South Asia,42.36206144337221
G013932,0,Europe,46.720399149824274
G013933,0,Middle East,58.39825357740397
G013934,0,Europe,57.91163506576872
G013935,0,East Asia,76.61074760282175
G013936,0,North America,34.137212296605114
G013937,0,South Asia,71.43927459156514
G013938,0,North America,0.0
G013939,0,Middle East,0.0
G013940,0,North America,61.400677732763874
G013941,0,South Asia,71.90680255764723
G013942,0,Middle East,0.0
G013943,0,Middle East,0.0
G013944,0,Europe,52.73518637812138
G013945,0,Europe,0.0
G013946,0,East Asia,60.48372360080481
G013947,0,Europe,0.0
G013948,0,East Asia,0.0
G013949,0,South Asia,80.92346496270822
G013950,0,East Asia,56.181646041209056
G013951,0,Europe,25.717220902168393
G013952,0,North America,0.0
G013953,0,East Asia,65.03568353772164
G013954,0,South Asia,30.329781806035477
G013955,0,North America,48.75001255648064
G013956,0,North America,76.13532227323361
G013957,0,South Asia,65.38944395804404
G013958,0,Middle East,0.0
G013959,0,South Asia,72.64824556089712
G013960,0,Southeast Asia,65.37180026980963
G013961,0,South Asia,73.25021208805387
G013962,0,Oceania,59.807101773751505
G013963,0,Southeast Asia,0.0
G013964,0,Middle East,0.0
G013965,0,East Asia,0.0
G013966,0,Europe,53.24449536048101
G013967,0,Europe,68.33314544570446
G013968,0,East Asia,67.6422083457329
G013969,0,Middle East,0.0
G013970,0,South Asia,70.70489841091631
G013971,0,South Asia,0.0
G013972,0,Latin America,65.75992363214493
G013973,0,East Asia,0.0
G013974,0,Middle East,92.77642139193236
G013975,0,East Asia,0.0
G013976,0,East Asia,0.0
G013977,0,North America,91.39128603392118
G013978,0,South Asia,78.3897412096262
G013979,0,Southeast Asia,62.4745544237043
G013980,0,East Asia,64.55397072041035
G013981,0,Europe,0.0
G013982,0,Middle East,0.0
G013983,0,East Asia,73.37442253454437
G013984,0,Middle East,60.22269393639582
G013985,0,East Asia,55.2995310019056
G013986,0,Europe,0.0
G013987,0,North America,82.13656858168406
G013988,0,Europe,38.005379321907505
G013989,0,North America,80.18103649447609
G013990,0,Southeast Asia,48.20075256968989
G013991,0,East Asia,0.0
G013992,0,Europe,54.65399938631058
G013993,0,North America,78.51623435389997
G013994,0,Southeast Asia,0.0
G013995,0,East Asia,64.75718682870269
G013996,0,South Asia,68.36572670513392
G013997,0,South Asia,74.319228280146
G013998,0,North America,54.23715608601136
G013999,0,Middle East,57.000623116321634
G014000,0,North America,0.0
G014001,0,Middle East,0.0
G014002,0,Europe,0.0
G014003,0,Latin America,87.61711209328428
G014004,0,Southeast Asia,50.67479571917923
G014005,0,East Asia,54.74905609828233
G014006,0,Middle East,70.06703422784624
G014007,0,Middle East,0.0
G014008,0,Middle East,66.29521164955605
G014009,0,South Asia,74.60441664527221
G014010,0,Middle East,76.467497483025
G014011,0,South Asia,76.01638995093107
G014012,0,Latin America,0.0
G014013,0,North America,62.72568302675088
G014014,0,South Asia,73.9921801097691
G014015,0,North America,46.28834712013332
G014016,0,Latin America,93.0199342922767
G014017,0,Latin America,0.0
G014018,0,Middle East,73.67434422394635
G014019,0,East Asia,0.0
G014020,0,Middle East,73.1787065689031
G014021,0,Europe,54.0152019559759
G014022,0,South Asia,76.87365845195949
G014023,0,Europe,65.60171544079529
G014024,0,East Asia,48.35878611779213
G014025,0,Middle East,73.60531231153013
G014026,0,Middle East,71.2825950627029
G014027,0,Europe,25.157636521100997
G014028,0,Europe,0.0
G014029,0,Middle East,0.0
G014030,0,Middle East,57.554358193744314
G014031,0,North America,41.408477635383605
G014032,0,Europe,48.606534215258826
G014033,0,South Asia,65.41351839977501
G014034,0,North America,73.66362717476397
G014035,0,East Asia,61.615626429565474
G014036,0,North America,91.26223574879315
G014037,0,Middle East,60.21351350778341
G014038,0,Middle East,89.22047860237777
G014039,0,Middle East,71.35155143237114
G014040,0,Europe,61.839074111951135
G014041,0,South Asia,81.526094601409
G014042,0,Europe,60.959660336310215
G014043,0,South Asia,73.19029488950967
G014044,0,East Asia,0.0
G014045,0,Europe,75.82177807837725
G014046,0,Southeast Asia,0.0
G014047,0,North America,57.11763519213778
G014048,0,Europe,0.0
G014049,0,Middle East,67.31619430904857
G014050,0,Middle East,0.0
G014051,0,Oceania,69.82194297967716
G014052,0,Middle East,77.1701944614974
G014053,0,East Asia,0.0
G014054,0,North America,67.00141937246647
G014055,0,South Asia,0.0
G014056,0,North America,0.0
G014057,0,Europe,0.0
G014058,0,East Asia,65.35019780592215
G014059,0,Middle East,82.28768153330412
G014060,0,Europe,52.26592943941463
G014061,0,South Asia,82.08195441779405
G014062,0,Europe,59.422252501726156
G014063,0,East Asia,62.58613918107567
G014064,0,North America,72.6578061253338
G014065,0,Middle East,77.24037684638661
G014066,0,North America,0.0
G014067,0,East Asia,0.0
G014068,0,South Asia,66.80778468688871
G014069,0,East Asia,0.0
G014070,0,East Asia,75.43254144910338
G014071,0,North America,88.57390109995097
G014072,0,Middle East,0.0
G014073,0,Middle East,56.3221553034349
G014074,0,Oceania,59.929299730235876
G014075,0,Europe,60.83371441656532
G014076,0,South Asia,69.99378466469051
G014077,0,North America,90.02805115386845
G014078,0,Southeast Asia,67.05464482866634
G014079,0,South Asia,74.53664723677889
G014080,0,Southeast Asia,57.16741853393208
G014081,0,Middle East,0.0
G014082,0,South Asia,72.52926855245502
G014083,0,Middle East,38.55215816737305
G014084,0,Africa,0.0
G014085,0,North America,86.32871822565794
G014086,0,Southeast Asia,0.0
G014087,0,Europe,52.42318952047824
G014088,0,North America,73.21006647223777
G014089,0,Middle East,73.1941322327789
G014090,0,North America,78.85096869750818
G014091,0,Middle East,72.68299039304348
G014092,0,East Asia,67.65227085953951
G014093,0,South Asia,73.77751477706431
G014094,0,Southeast Asia,26.486844203948973
G014095,0,North America,0.0
G014096,0,South Asia,51.603589066198374
G014097,0,South Asia,67.31218575665265
G014098,0,Middle East,64.47647628378868
G014099,0,East Asia,62.91765253865721
G014100,0,Europe,60.60016092354602
G014101,0,Africa,88.41298761095243
G014102,0,Middle East,0.0
G014103,0,Southeast Asia,68.20069729765616
G014104,0,Europe,54.39000403678417
G014105,0,East Asia,45.88242336457968
G014106,0,East Asia,64.9104456166625
G014107,0,Europe,48.642458671689035
G014108,0,South Asia,75.5333136921525
G014109,0,East Asia,0.0
G014110,0,Latin America,0.0
G014111,0,Latin America,0.0
G014112,0,South Asia,87.85223846772404
G014113,0,North America,80.24329906884648
G014114,0,South Asia,71.61425961973994
G014115,0,South Asia,76.06729108455778
G014116,0,East Asia,0.0
G014117,0,North America,69.32798682587979
G014118,0,East Asia,0.0
G014119,0,East Asia,51.53309732973575
G014120,0,North America,60.54471024862023
G014121,0,Europe,60.3174791892767
G014122,0,North America,54.53265830255278
G014123,0,East Asia,70.1553149791107
G014124,0,South Asia,58.4246854677128
G014125,0,North America,87.48239329209925
G014126,0,South Asia,74.17978337812424
G014127,0,Oceania,75.82115946374518
G014128,0,Middle East,81.53174551981688
G014129,0,Latin America,0.0
G014130,0,Europe,58.08640622247891
G014131,0,Middle East,67.44937744820119
G014132,0,Latin America,65.67690534627076
G014133,0,East Asia,0.0
G014134,0,South Asia,81.8605964474967
G014135,0,Europe,55.83641655552387
G014136,0,East Asia,0.0
G014137,0,East Asia,81.54826785737819
G014138,0,East Asia,0.0
G014139,0,North America,49.68835761402593
G014140,0,Europe,69.71385657833021
G014141,0,Africa,84.00780700331113
G014142,0,Middle East,59.47075914395037
G014143,0,Middle East,75.29137336758411
G014144,0,East Asia,0.0
G014145,0,Southeast Asia,71.7737828846443
G014146,0,East Asia,69.71905575895309
G014147,0,East Asia,74.81715910027695
G014148,0,Europe,48.785393040675096
G014149,0,Europe,57.289052068919844
G014150,0,South Asia,73.13323360654915
G014151,0,Europe,57.078056425333024
G014152,0,North America,88.17618608954007
G014153,0,South Asia,74.50027787345286
G014154,0,North America,88.2723279656172
G014155,0,Middle East,72.23728961814174
G014156,0,Middle East,0.0
G014157,0,North America,0.0
G014158,0,Middle East,67.33734926883018
G014159,0,Middle East,75.79359152674768
G014160,0,South Asia,75.54783327695999
G014161,0,Europe,37.61552791849049
G014162,0,South Asia,60.04598307757306
G014163,0,Middle East,0.0
G014164,0,South Asia,70.03732003057003
G014165,0,Europe,0.0
G014166,0,East Asia,55.91607112848037
G014167,0,North America,89.60980215924978
G014168,0,Middle East,68.84606073206754
G014169,0,Southeast Asia,68.96267630053289
G014170,0,Latin America,69.04011397167409
G014171,0,Europe,46.547173575910655
G014172,0,Latin America,75.32790803067613
G014173,0,Middle East,84.90286715704472
G014174,0,North America,46.57950760265553
G014175,0,North America,89.9524089969225
G014176,0,Latin America,75.48928569993376
G014177,0,Europe,53.43380443956997
G014178,0,North America,93.93959354638874
G014179,0,Europe,41.15565895280333
G014180,0,East Asia,72.34604009317358
G014181,0,East Asia,0.0
G014182,0,Africa,73.49793561726808
G014183,0,North America,90.76730793409683
G014184,0,Europe,41.65248921963662
G014185,0,East Asia,39.1061856200695
G014186,0,North America,0.0
G014187,0,South Asia,63.37650943193833
G014188,0,East Asia,63.140475601300594
G014189,0,Europe,34.451922270803735
G014190,0,South Asia,74.97281568372249
G014191,0,Middle East,0.0
G014192,0,Middle East,68.14741675793944
G014193,0,Middle East,77.3912404038843
G014194,0,South Asia,71.66151356797327
G014195,0,North America,0.0
G014196,0,Middle East,79.47448447537423
G014197,0,East Asia,73.5688856430713
G014198,0,Europe,87.31546640521378
G014199,0,South Asia,72.39912144386768
G014200,0,North America,41.519047409711455
G014201,0,Middle East,0.0
G014202,0,Middle East,0.0
G014203,0,North America,83.32765215211927
G014204,0,South Asia,71.9484775608778
G014205,0,Middle East,63.53425094405991
G014206,0,Europe,42.151068205085664
G014207,0,East Asia,48.42400235152245
G014208,0,East Asia,0.0
G014209,0,Middle East,92.91767237723957
G014210,0,North America,72.47466834631292
G014211,0,East Asia,80.86039929696918
G014212,0,South Asia,74.70656427948042
G014213,0,South Asia,70.64409769076109
G014214,0,Middle East,56.5312648779515
G014215,0,South Asia,71.0453509287238
G014216,0,Europe,49.602645185336925
G014217,0,East Asia,65.204608606716
G014218,0,Middle East,78.73217831018567
G014219,0,Oceania,66.53895680963994
G014220,0,Europe,70.52708921970292
G014221,0,Europe,49.57946586738933
G014222,0,South Asia,68.33377426159382
G014223,0,Middle East,82.82777163835459
G014224,0,Middle East,55.73467185459353
G014225,0,Europe,53.99377505537868
G014226,0,South Asia,75.04670882100228
G014227,0,Europe,50.00166408348806
G014228,0,Middle East,65.30839609999096
G014229,0,East Asia,0.0
G014230,0,Europe,0.0
G014231,0,North America,0.0
G014232,0,Europe,50.10310972023011
G014233,0,Africa,75.8435345056355
G014234,0,Europe,71.35688366696691
G014235,0,South Asia,75.30255084675551
G014236,0,North America,62.48467587541452
G014237,0,North America,45.47900332648827
G014238,0,Middle East,69.63146415740252
G014239,0,Southeast Asia,68.51586910748482
G014240,0,East Asia,0.0
G014241,0,East Asia,67.69209075038269
G014242,0,North America,0.0
G014243,0,North America,74.66993617883324
G014244,0,North America,0.0
G014245,0,Europe,68.20144248382972
G014246,0,North America,46.561185307755615
G014247,0,Middle East,64.29127745726613
G014248,0,Southeast Asia,69.28415845333626
G014249,0,South Asia,74.74157540982962
G014250,0,East Asia,64.12509587088859
G014251,0,Oceania,61.845767696250576
G014252,0,East Asia,0.0
G014253,0,Africa,78.01498780296066
G014254,0,North America,0.0
G014255,0,South Asia,73.67810503804685
G014256,0,Africa,85.66129531579398
G014257,0,Southeast Asia,73.41270374688506
G014258,0,Europe,38.56119518295202
G014259,0,East Asia,82.38539480352401
G014260,0,North America,55.90846954433485
G014261,0,North America,85.55141648314759
G014262,0,North America,48.624894512889966
G014263,0,Southeast Asia,37.301916452754625
G014264,0,East Asia,66.94976250714065
G014265,0,Europe,52.07349398477059
G014266,0,North America,81.83381363770366
G014267,0,North America,42.608780011892314
G014268,0,Europe,74.4744915564602
G014269,0,South Asia,0.0
G014270,0,Europe,51.2656314211831
G014271,0,East Asia,0.0
G014272,0,Southeast Asia,0.0
G014273,0,Europe,24.449785625631158
G014274,0,Europe,0.0
G014275,0,Middle East,63.03505629502102
G014276,0,Middle East,60.165671118460814
G014277,0,Europe,46.03615461436185
G014278,0,Latin America,70.73444112370547
G014279,0,South Asia,55.735234392881395
G014280,0,Middle East,62.76978643527899
G014281,0,Middle East,74.34876197852151
G014282,0,North America,87.09990279350498
G014283,0,Middle East,75.30737447784526
G014284,0,North America,73.96026387226402
G014285,0,North America,0.0
G014286,0,North America,0.0
G014287,0,Europe,0.0
G014288,0,Middle East,84.25346474667931
G014289,0,Europe,48.93093011715917
G014290,0,Middle East,0.0
G014291,0,East Asia,0.0
G014292,0,Europe,63.42697465495449
G014293,0,Southeast Asia,69.51848084132779
G014294,0,North America,59.52601590325616
G014295,0,North America,77.12243288445474
G014296,0,South Asia,68.36965207898616
G014297,0,Europe,0.0
G014298,0,Southeast Asia,0.0
G014299,0,Latin America,73.30690828110954
G014300,0,Middle East,0.0
G014301,0,Europe,59.44383644038439
G014302,0,Latin America,0.0
G014303,0,South Asia,61.35211703772978
G014304,0,North America,30.604007923451338
G014305,0,Middle East,0.0
G014306,0,South Asia,82.7495813307708
G014307,0,Southeast Asia,0.0
G014308,0,South Asia,69.99784424299
G014309,0,Middle East,0.0
G014310,0,South Asia,0.0
G014311,0,Middle East,83.13896981330261
G014312,0,Latin America,0.0
G014313,0,East Asia,0.0
G014314,0,North America,39.979907796195064
G014315,0,South Asia,85.31708667769577
G014316,0,Southeast Asia,0.0
G014317,0,North America,88.29169294822215
G014318,0,Europe,0.0
G014319,0,East Asia,76.98196220911272
G014320,0,North America,79.54832741111517
G014321,0,Middle East,82.16174369964004
G014322,0,Middle East,89.93863185837775
G014323,0,Europe,54.49814147316506
G014324,0,East Asia,63.11678736555576
G014325,0,Middle East,0.0
G014326,0,East Asia,0.0
G014327,0,South Asia,69.94529500102998
G014328,0,North America,0.0
G014329,0,Middle East,60.75657739262689
G014330,0,East Asia,0.0
G014331,0,Middle East,74.17819955423474
G014332,0,East Asia,79.15293524402381
G014333,0,South Asia,62.724783317798924
G014334,0,Southeast Asia,0.0
G014335,0,South Asia,73.3331240950823
G014336,0,Europe,31.090001738905904
G014337,0,East Asia,58.30477376022032
G014338,0,East Asia,58.64467137242808
G014339,0,Middle East,70.61157051867247
G014340,0,Europe,54.97247296315432
G014341,0,South Asia,72.17860284839615
G014342,0,South Asia,74.84136157375575
G014343,0,South Asia,0.0
G014344,0,South Asia,69.29068884944915
G014345,0,North America,26.943064584717604
G014346,0,Latin America,64.33915056617333
G014347,0,North America,53.578578040480615
G014348,0,Middle East,61.882506562211304
G014349,0,Southeast Asia,70.89371033061454
G014350,0,South Asia,73.05428645653436
G014351,0,Middle East,0.0
G014352,0,Middle East,81.71393905832008
G014353,0,North America,56.55353983847301
G014354,0,South Asia,89.02633338644786
G014355,0,Middle East,80.07575231618141
G014356,0,Middle East,85.484940454064
G014357,0,Europe,52.48531033114592
G014358,0,Middle East,81.14234873123512
G014359,0,Middle East,66.90549534735536
G014360,0,South Asia,73.76843759781121
G014361,0,Southeast Asia,72.04571679627352
G014362,0,Europe,40.44843134453802
G014363,0,East Asia,54.71900421696901
G014364,0,Middle East,60.734210970744925
G014365,0,South Asia,74.64763257873058
G014366,0,Europe,63.85159437648817
G014367,0,North America,55.25785290026665
G014368,0,East Asia,41.62010053949645
G014369,0,Southeast Asia,81.2523869597406
G014370,0,East Asia,66.42373814579844
G014371,0,South Asia,73.58675419396162
G014372,0,East Asia,0.0
G014373,0,East Asia,0.0
G014374,0,East Asia,55.45076245101475
G014375,0,East Asia,68.84040787996352
G014376,0,Middle East,0.0
G014377,0,East Asia,0.0
G014378,0,East Asia,33.79284495051701
G014379,0,North America,48.45307262412707
G014380,0,North America,0.0
G014381,0,East Asia,59.587140849969614
G014382,0,Middle East,74.65413440928045
G014383,0,Europe,50.751100327432155
G014384,0,Southeast Asia,69.03479326218365
G014385,0,North America,0.0
G014386,0,South Asia,53.925544555691154
G014387,0,North America,48.21183512333849
G014388,0,Europe,77.53440365374631
G014389,0,Africa,90.06829968533103
G014390,0,South Asia,0.0
G014391,0,North America,70.42871361829837
G014392,0,East Asia,53.77008910124952
G014393,0,Europe,53.97377600345106
G014394,0,North America,48.478009307351975
G014395,0,Middle East,0.0
G014396,0,Middle East,68.71248872506798
G014397,0,Middle East,64.71324780708551
G014398,0,Europe,62.53263241375214
G014399,0,South Asia,77.00173300397395
G014400,0,Middle East,72.50696192140651
G014401,0,Europe,70.34800432728457
G014402,0,South Asia,73.5578841348742
G014403,0,Middle East,56.72544041337028
G014404,0,North America,78.87436256793073
G014405,0,Europe,41.42293487715721
G014406,0,Europe,50.76238278460502
G014407,0,Middle East,67.71856131428119
G014408,0,Europe,0.0
G014409,0,North America,63.281546263958475
G014410,0,Europe,32.684500237876726
G014411,0,East Asia,0.0
G014412,0,Southeast Asia,62.824596852006344
G014413,0,Europe,67.48578705191612
G014414,0,North America,0.0
G014415,0,South Asia,75.05040195646883
G014416,0,North America,85.1755926447303
G014417,0,North America,50.871822239637375
G014418,0,Europe,36.265430372238164
G014419,0,North America,78.41816520967086
G014420,0,North America,47.620474882487095
G014421,0,Middle East,65.52710046689168
G014422,0,Middle East,65.78500838812373
G014423,0,Middle East,67.44651754873992
G014424,0,Middle East,63.323663565546276
G014425,0,South Asia,74.71489053851005
G014426,0,Europe,49.4391437458992
G014427,0,Middle East,0.0
G014428,0,South Asia,75.29725109520554
G014429,0,Southeast Asia,72.527741533041
G014430,0,South Asia,56.11504568623774
G014431,0,Europe,43.014420610828836
G014432,0,East Asia,0.0
G014433,0,Middle East,0.0
G014434,0,North America,82.03631740564109
G014435,0,North America,87.82569863942355
G014436,0,Europe,46.34176021334258
G014437,0,Middle East,73.34632463125749
G014438,0,South Asia,73.24306691992284
G014439,0,Europe,59.70317678112333
G014440,0,Europe,42.29584608409621
G014441,0,North America,74.05224261811377
G014442,0,Middle East,0.0
G014443,0,North America,0.0
G014444,0,North America,77.31864006236106
G014445,0,South Asia,69.95174770165754
G014446,0,East Asia,0.0
G014447,0,Southeast Asia,69.9862526512399
G014448,0,East Asia,58.71698481696844
G014449,0,Europe,61.516531216247515
G014450,0,East Asia,67.81760923291698
G014451,0,South Asia,71.01143616533278
G014452,0,Europe,49.66396324258862
G014453,0,Southeast Asia,71.67767131760627
G014454,0,North America,28.18985019093571
G014455,0,Africa,71.91857026875019
G014456,0,South Asia,72.99239182382821
G014457,0,South Asia,73.00588737154007
G014458,0,North America,35.47346084225178
G014459,0,South Asia,74.15616007303831
G014460,0,North America,0.0
G014461,0,East Asia,52.89152962406296
G014462,0,Africa,89.43186374415863
G014463,0,Latin America,0.0
G014464,0,South Asia,73.190228773276
G014465,0,South Asia,77.98507370734215
G014466,0,Latin America,86.72225552782146
G014467,0,East Asia,70.43687041707291
G014468,0,South Asia,71.15912582683563
G014469,0,East Asia,77.15912891532886
G014470,0,Middle East,78.11860058677198
G014471,0,North America,78.30684342372419
G014472,0,Middle East,0.0
G014473,0,South Asia,74.69863037604094
G014474,0,East Asia,0.0
G014475,0,Latin America,72.5627580472556
G014476,0,East Asia,0.0
G014477,0,South Asia,73.40960996854307
G014478,0,Middle East,72.54507174020827
G014479,0,Middle East,77.6052542913258
G014480,0,North America,0.0
G014481,0,South Asia,87.68748913433335
G014482,0,East Asia,0.0
G014483,0,East Asia,68.4681349936385
G014484,0,South Asia,72.89112723845244
G014485,0,Southeast Asia,70.37798845522872
G014486,0,South Asia,74.12292602756621
G014487,0,East Asia,0.0
G014488,0,East Asia,67.78725112873948
G014489,0,Europe,50.92432766727606
G014490,0,South Asia,74.9550335695617
G014491,0,South Asia,78.11465696717754
G014492,0,South Asia,0.0
G014493,0,Europe,32.165348361831725
G014494,0,Europe,59.602899322926994
G014495,0,South Asia,65.61677223956585
G014496,0,East Asia,33.42464449357986
G014497,0,Middle East,83.58441898149884
G014498,0,East Asia,34.11960973270734
G014499,0,South Asia,65.07256700199842
G014500,0,North America,83.57777341902256
G014501,0,Europe,31.585464874506
G014502,0,South Asia,66.99601974874734
G014503,0,North America,47.09362534272671
G014504,0,South Asia,56.438318392693986
G014505,0,North America,76.94366394793988
G014506,0,Oceania,68.77004005947077
G014507,0,North America,34.46874810416771
G014508,0,Latin America,92.5952157654112
G014509,0,North America,50.336494703401215
G014510,0,Middle East,72.47709457217745
G014511,0,Europe,62.92537010270357
G014512,0,Europe,65.60638193285286
G014513,0,Middle East,63.23086626041478
G014514,0,South Asia,74.37489746311938
G014515,0,North America,0.0
G014516,0,South Asia,72.3130193609523
G014517,0,Middle East,71.99602553953545
G014518,0,South Asia,71.96504326632348
G014519,0,North America,0.0
G014520,0,East Asia,47.73660649704934
G014521,0,North America,61.49388056856394
G014522,0,Middle East,66.77439112307809
G014523,0,Europe,41.81812121353005
G014524,0,East Asia,0.0
G014525,0,South Asia,72.09998845499754
G014526,0,Europe,65.42958347290754
G014527,0,North America,77.50708822353185
G014528,0,South Asia,77.98313261090715
G014529,0,Europe,0.0
G014530,0,South Asia,71.72891010266542
G014531,0,East Asia,0.0
G014532,0,South Asia,74.82113422507048
G014533,0,Europe,39.90044681549072
G014534,0,East Asia,48.61792157225898
G014535,0,North America,55.62525701892014
G014536,0,Southeast Asia,70.47978259436786
G014537,0,South Asia,74.16751826238634
G014538,0,Europe,73.77996172513926
G014539,0,East Asia,0.0
G014540,0,East Asia,79.46292684548551
G014541,0,North America,85.35012119215276
G014542,0,Middle East,75.88193812206387
G014543,0,East Asia,66.18989348435403
G014544,0,North America,90.79608812366652
G014545,0,Southeast Asia,73.53216133785249
G014546,0,North America,42.49666953398243
G014547,0,Southeast Asia,70.47694935756923
G014548,0,South Asia,71.61813771607117
G014549,0,Europe,43.02807834863663
G014550,0,Southeast Asia,70.72523366928823
G014551,0,East Asia,67.9627694401741
G014552,0,South Asia,72.68517793320707
G014553,0,South Asia,53.507865745280725
G014554,0,South Asia,63.91535331853593
G014555,0,South Asia,81.73555442890977
G014556,0,Europe,51.5495968111067
G014557,0,Middle East,55.52240769535304
G014558,0,East Asia,0.0
G014559,0,Middle East,73.1521702785492
G014560,0,South Asia,72.619742830952
G014561,0,Middle East,69.40719261361613
G014562,0,Middle East,55.66154503410693
G014563,0,South Asia,77.28957508146763
G014564,0,Southeast Asia,40.44535451961286
G014565,0,South Asia,54.48939913749695
G014566,0,Europe,29.477733425537743
G014567,0,South Asia,71.87298220921285
G014568,0,South Asia,66.07457311288155
G014569,0,North America,0.0
G014570,0,North America,90.43422511195865
G014571,0,North America,73.4784586145878
G014572,0,East Asia,0.0
G014573,0,Middle East,70.18054881837963
G014574,0,North America,0.0
G014575,0,North America,87.69171674126207
G014576,0,Europe,48.846205733633404
G014577,0,North America,55.38157877572015
G014578,0,Middle East,67.51728217900703
G014579,0,North America,45.07674388684649
G014580,0,Europe,54.20053193771839
G014581,0,Southeast Asia,35.48527719974518
G014582,0,Latin America,95.51709803873482
G014583,0,East Asia,63.768576939672236
G014584,0,Europe,70.55111501306295
G014585,0,Europe,52.62141838133335
G014586,0,North America,72.00577507674694
G014587,0,East Asia,0.0
G014588,0,Latin America,0.0
G014589,0,East Asia,33.24342300916441
G014590,0,Middle East,68.92645882379377
G014591,0,Europe,46.76103177845478
G014592,0,Middle East,66.27876545817202
G014593,0,South Asia,73.31996327924728
G014594,0,South Asia,65.47389665909789
G014595,0,East Asia,65.70929957580567
G014596,0,Latin America,87.80234460250537
G014597,0,Middle East,73.85447935891153
G014598,0,Latin America,0.0
G014599,0,North America,46.59560818753098
G014600,0,North America,54.75082906961441
G014601,0,Latin America,84.64822515058518
G014602,0,Middle East,0.0
G014603,0,East Asia,68.35353936225175
G014604,0,East Asia,0.0
G014605,0,Southeast Asia,72.72595177514174
G014606,0,Middle East,0.0
G014607,0,Latin America,66.14423440392812
G014608,0,Southeast Asia,36.165134078199216
G014609,0,South Asia,0.0
G014610,0,East Asia,59.20531740927245
G014611,0,South Asia,67.95725347745419
G014612,0,East Asia,0.0
G014613,0,East Asia,0.0
G014614,0,East Asia,0.0
G014615,0,North America,34.68556321358681
G014616,0,Middle East,57.99624183833598
G014617,0,South Asia,77.98785971665383
G014618,0,Europe,0.0
G014619,0,Latin America,86.89031196874562
G014620,0,Middle East,70.9407359058857
G014621,0,South Asia,71.28257167732716
G014622,0,Middle East,0.0
G014623,0,South Asia,70.02170771211385
G014624,0,South Asia,0.0
G014625,0,Middle East,73.21383518648148
G014626,0,North America,0.0
G014627,0,Middle East,74.5602581882233
G014628,0,North America,88.15182092875243
G014629,0,Europe,55.362014409621565
G014630,0,South Asia,0.0
G014631,0,East Asia,70.44700083408031
G014632,0,East Asia,79.8181248738838
G014633,0,East Asia,0.0
G014634,0,Europe,52.259985175539136
G014635,0,East Asia,64.84625702894185
G014636,0,North America,79.58124768188507
G014637,0,Middle East,0.0
G014638,0,South Asia,76.11284166669846
G014639,0,South Asia,72.4040603544116
G014640,0,South Asia,88.9858324751014
G014641,0,South Asia,75.21913661539554
G014642,0,South Asia,69.50168327134847
G014643,0,North America,0.0
G014644,0,East Asia,0.0
G014645,0,East Asia,68.0258223527074
G014646,0,South Asia,70.06916746497154
G014647,0,Europe,58.562471512816174
G014648,0,Southeast Asia,70.65606034420566
G014649,0,North America,45.17646819344976
G014650,0,Middle East,78.23842643279019
G014651,0,North America,75.24361604195472
G014652,0,Europe,76.43119053841541
G014653,0,Europe,52.312765720923736
G014654,0,Middle East,76.69792877329458
G014655,0,Southeast Asia,52.57692937432997
G014656,0,Middle East,67.8096322119236
G014657,0,East Asia,71.89315420519944
G014658,0,Latin America,0.0
G014659,0,Europe,0.0
G014660,0,North America,50.703266167044646
G014661,0,Middle East,70.61556886445031
G014662,0,Middle East,66.77472758829232
G014663,0,South Asia,75.18644671529532
G014664,0,North America,48.25166567409039
G014665,0,East Asia,0.0
G014666,0,South Asia,71.16186614823341
G014667,0,North America,59.872190561890605
G014668,0,Europe,0.0
G014669,0,Middle East,0.0
G014670,0,Middle East,0.0
G014671,0,South Asia,73.4402773797363
G014672,0,North America,83.28126520520449
G014673,0,East Asia,72.39840984344484
G014674,0,Middle East,0.0
G014675,0,East Asia,0.0
G014676,0,Middle East,0.0
G014677,0,South Asia,79.58870357945563
G014678,0,South Asia,71.50612534940242
G014679,0,South Asia,74.39535846255404
G014680,0,Europe,42.60812963257731
G014681,0,Southeast Asia,65.46300452768803
G014682,0,Europe,49.79184382140637
G014683,0,South Asia,70.62968477652109
G014684,0,Middle East,75.06645463784896
G014685,0,East Asia,74.40467837607862
G014686,0,South Asia,74.1334925560057
G014687,0,East Asia,32.26598629307747
G014688,0,North America,0.0
G014689,0,Southeast Asia,68.25308923732872
G014690,0,North America,35.93037695544055
G014691,0,South Asia,70.72844798618554
G014692,0,Africa,85.568695567989
G014693,0,Europe,60.66922016460246
G014694,0,North America,38.44637186517499
G014695,0,Europe,0.0
G014696,0,South Asia,75.84419390630723
G014697,0,South Asia,0.0
G014698,0,Middle East,55.39571913700483
G014699,0,Europe,73.25776467406749
G014700,0,East Asia,29.390636914730074
G014701,0,South Asia,86.03301437912747
G014702,0,South Asia,76.12398026770353
G014703,0,North America,73.206640835464
G014704,0,North America,85.44788721774202
G014705,0,North America,0.0
G014706,0,Middle East,69.14575779247284
G014707,0,South Asia,0.0
G014708,0,South Asia,74.08783597046137
G014709,0,Europe,48.95754401236773
G014710,0,Europe,54.28628923815489
G014711,0,Middle East,0.0
G014712,0,Middle East,92.66387289760917
G014713,0,North America,85.54043057007421
G014714,0,North America,40.712761400417854
G014715,0,South Asia,75.11505369587243
G014716,0,Europe,74.05270748835802
G014717,0,East Asia,72.63376193299077
G014718,0,South Asia,75.16265825510025
G014719,0,North America,62.039634517192844
G014720,0,East Asia,51.798261591315274
G014721,0,North America,50.812572108864785
G014722,0,Europe,41.711106991767885
G014723,0,South Asia,74.0466157788002
G014724,0,Middle East,0.0
G014725,0,Middle East,0.0
G014726,0,Middle East,88.83255372648347
G014727,0,North America,55.848429092645645
G014728,0,North America,41.31489619910717
G014729,0,Europe,0.0
G014730,0,Middle East,0.0
G014731,0,East Asia,0.0
G014732,0,Southeast Asia,66.23596833619926
G014733,0,Southeast Asia,0.0
G014734,0,East Asia,64.9368320544335
G014735,0,Europe,0.0
G014736,0,Africa,67.68031672990685
G014737,0,Middle East,0.0
G014738,0,Middle East,58.197622942799875
G014739,0,East Asia,72.63141995274026
G014740,0,South Asia,74.03544158202409
G014741,0,North America,45.61364157378674
G014742,0,South Asia,76.03925449782611
G014743,0,Europe,0.0
G014744,0,Middle East,0.0
G014745,0,Europe,24.804572948549737
G014746,0,South Asia,82.5732654834751
G014747,0,North America,61.954391668915754
G014748,0,North America,63.854022471521844
G014749,0,East Asia,63.45090021534039
G014750,0,Europe,39.081790140303696
G014751,0,Europe,42.89214764241739
G014752,0,East Asia,63.42618660283089
G014753,0,Middle East,56.500206613466595
G014754,0,East Asia,75.27403292833856
G014755,0,Middle East,75.53021562552452
G014756,0,Middle East,64.00690228106849
G014757,0,Middle East,69.72803723156633
G014758,0,Europe,52.63342315142805
G014759,0,North America,0.0
G014760,0,Middle East,0.0
G014761,0,East Asia,72.64516128832102
G014762,0,South Asia,0.0
G014763,0,Southeast Asia,68.37129969179631
G014764,0,Latin America,82.54605601905196
G014765,0,Middle East,82.61179640849342
G014766,0,North America,60.25437965289752
G014767,0,Europe,41.77031681632995
G014768,0,East Asia,79.48957623249294
G014769,0,South Asia,73.5889307101369
G014770,0,Oceania,68.36649731264151
G014771,0,East Asia,0.0
G014772,0,East Asia,65.60382994041117
G014773,0,East Asia,0.0
G014774,0,South Asia,75.17007694578172
G014775,0,South Asia,72.41080226862432
G014776,0,Southeast Asia,70.66642170471313
G014777,0,Southeast Asia,73.95610255214574
G014778,0,South Asia,72.9360507965684
G014779,0,Middle East,70.54700711816369
G014780,0,South Asia,73.20544494009017
G014781,0,East Asia,71.48966255682707
G014782,0,Central & North Asia,75.70394465264046
G014783,0,North America,66.91762174363751
G014784,0,Europe,43.04241972427296
G014785,0,Europe,59.01739560226329
G014786,0,East Asia,0.0
G014787,0,South Asia,73.77525181059403
G014788,0,Oceania,47.416661653175495
G014789,0,South Asia,84.2679251474693
G014790,0,South Asia,67.74622198319436
G014791,0,Africa,0.0
G014792,0,East Asia,0.0
G014793,0,South Asia,73.54006099371297
G014794,0,Latin America,42.830154324603804
G014795,0,North America,38.44125826695471
G014796,0,South Asia,75.63928021711111
G014797,0,East Asia,0.0
G014798,0,Europe,72.01673231035471
G014799,0,North America,79.50529694287435
G014800,0,Middle East,73.03241600590583
G014801,0,South Asia,0.0
G014802,0,Middle East,77.02890268900539
G014803,0,Europe,70.99924756777287
G014804,0,North America,50.13017425013311
G014805,0,Europe,0.0
G014806,0,Europe,0.0
G014807,0,Latin America,0.0
G014808,0,North America,39.357796935659465
G014809,0,Middle East,0.0
G014810,0,East Asia,0.0
G014811,0,Europe,0.0
G014812,0,Africa,80.25718828526139
G014813,0,Southeast Asia,32.347214336048474
G014814,0,Oceania,35.91227510684187
G014815,0,South Asia,75.46853123474122
G014816,0,Europe,57.171126979141526
G014817,0,Middle East,66.98405451984569
G014818,0,East Asia,63.69432117805969
G014819,0,South Asia,71.31790444493295
G014820,0,East Asia,0.0
G014821,0,South Asia,72.95255048416058
G014822,0,North America,85.34179764763334
G014823,0,Southeast Asia,71.87021780221389
G014824,0,Europe,50.690985687414795
G014825,0,Europe,0.0
G014826,0,East Asia,65.43300369876623
G014827,0,East Asia,34.739239820989695
G014828,0,South Asia,52.93825817632675
G014829,0,Southeast Asia,50.88889013453325
G014830,0,North America,36.15843982991305
G014831,0,North America,43.589637179851536
G014832,0,Southeast Asia,58.75998767002785
G014833,0,Europe,69.77348143470289
G014834,0,Middle East,69.52151889407634
G014835,0,North America,0.0
G014836,0,East Asia,0.0
G014837,0,South Asia,84.36018496873794
G014838,0,East Asia,0.0
G014839,0,Oceania,73.8760238173911
G014840,0,North America,58.76859996760976
G014841,0,South Asia,72.87755150401593
G014842,0,East Asia,31.423671386097418
G014843,0,Southeast Asia,68.57333489383352
G014844,0,East Asia,0.0
G014845,0,Southeast Asia,67.0115630456426
G014846,0,Southeast Asia,0.0
G014847,0,East Asia,64.27894590962656
G014848,0,North America,0.0
G014849,0,North America,88.03132347552885
G014850,0,South Asia,0.0
G014851,0,Europe,0.0
G014852,0,East Asia,0.0
G014853,0,North America,62.49468478643894
G014854,0,Southeast Asia,63.52499841773509
G014855,0,Middle East,59.77964124268473
G014856,0,North America,31.871538687814365
G014857,0,South Asia,73.88870054972172
G014858,0,Europe,62.811631958267
G014859,0,Latin America,50.2245197929758
G014860,0,South Asia,65.27883499592542
G014861,0,Europe,38.17000307607651
G014862,0,East Asia,31.13776350784302
G014863,0,South Asia,74.94246793162823
G014864,0,North America,57.99528491997719
G014865,0,North America,0.0
G014866,0,Europe,0.0
G014867,0,Middle East,76.63785389721394
G014868,0,Middle East,0.0
G014869,0,South Asia,84.36293647571044
G014870,0,Southeast Asia,62.59824587473002
G014871,0,Africa,85.52892083926498
G014872,0,North America,65.69754195905273
G014873,0,Middle East,70.72730892253463
G014874,0,North America,43.58766899850151
G014875,0,Middle East,63.98137375935913
G014876,0,Southeast Asia,71.0077864683598
G014877,0,East Asia,59.72442363043626
G014878,0,Europe,53.19703660656828
G014879,0,Europe,52.10431021269524
G014880,0,East Asia,0.0
G014881,0,Europe,61.18885620935126
G014882,0,Europe,59.653366110563276
G014883,0,North America,41.73081942021486
G014884,0,East Asia,78.55977160189912
G014885,0,Southeast Asia,0.0
G014886,0,East Asia,69.72062685517741
G014887,0,North America,68.19796971603958
G014888,0,Middle East,0.0
G014889,0,Middle East,56.170044283173304
G014890,0,Europe,74.83236151659489
G014891,0,East Asia,64.66209469431638
G014892,0,Europe,79.06084889163755
G014893,0,Europe,47.448672102043126
G014894,0,South Asia,71.64076089949138
G014895,0,South Asia,82.70970761798819
G014896,0,Latin America,0.0
G014897,0,Middle East,81.87641882833567
G014898,0,East Asia,68.21272195351125
G014899,0,North America,63.17614344596141
G014900,0,South Asia,73.19261369895935
G014901,0,North America,67.12782335484027
G014902,0,North America,55.62310392665142
G014903,0,East Asia,41.441159951979465
G014904,0,North America,63.68022035195069
G014905,0,Europe,0.0
G014906,0,South Asia,84.7513461207874
G014907,0,Europe,68.31543702731712
G014908,0,East Asia,73.43166513441638
G014909,0,Europe,26.050563149654504
G014910,0,Europe,30.841283541115843
G014911,0,East Asia,0.0
G014912,0,Middle East,0.0
G014913,0,South Asia,73.83938181698322
G014914,0,Middle East,61.54295247694851
G014915,0,Middle East,0.0
G014916,0,East Asia,50.26188535708369
G014917,0,East Asia,72.27020167764749
G014918,0,North America,55.13816234007026
G014919,0,East Asia,61.80552496576309
G014920,0,Southeast Asia,71.87323756563664
G014921,0,Europe,0.0
G014922,0,Africa,87.13895189153244
G014923,0,South Asia,74.94737989977003
G014924,0,Middle East,63.8925620656447
G014925,0,Middle East,50.99211286079884
G014926,0,Oceania,69.6289286245225
G014927,0,Africa,95.16106766788526
G014928,0,Europe,24.16437331008911
G014929,0,Africa,81.37853637546121
G014930,0,North America,43.19743621349334
G014931,0,Middle East,0.0
G014932,0,Europe,65.96247721316418
G014933,0,Europe,43.01715571594239
G014934,0,South Asia,71.39480998152496
G014935,0,Middle East,67.97330332565308
G014936,0,East Asia,73.39243403455436
G014937,0,Europe,51.73006246101857
G014938,0,South Asia,71.7530047559142
G014939,0,Europe,0.0
G014940,0,Middle East,59.910009252466935
G014941,0,North America,72.37636960053445
G014942,0,East Asia,69.87672702762485
G014943,0,East Asia,61.08011898872348
G014944,0,Southeast Asia,58.37160721433163
G014945,0,North America,88.56057260763646
G014946,0,Middle East,77.45843480348317
G014947,0,Southeast Asia,42.53629564218811
G014948,0,North America,90.15658438705314
G014949,0,North America,77.47342132472632
G014950,0,South Asia,87.55819314321515
G014951,0,Europe,62.362464361578226
G014952,0,North America,54.813067587614064
G014953,0,Europe,71.82639448772417
G014954,0,East Asia,0.0
G014955,0,Middle East,71.31771499456961
G014956,0,South Asia,74.21663280379772
G014957,0,North America,56.49106793501703
G014958,0,Middle East,80.57954359202945
G014959,0,East Asia,74.40528837698156
G014960,0,Middle East,86.41362939222157
G014961,0,North America,52.25180163300037
G014962,0,East Asia,0.0
G014963,0,Middle East,0.0
G014964,0,South Asia,72.67397282487154
G014965,0,East Asia,0.0
G014966,0,South Asia,0.0
G014967,0,North America,88.03071006249479
G014968,0,South Asia,58.616746004819866
G014969,0,North America,57.9630205434886
G014970,0,East Asia,0.0
G014971,0,South Asia,75.45372591032493
G014972,0,Europe,41.55238507294655
G014973,0,East Asia,52.2918112834692
G014974,0,Europe,0.0
G014975,0,Africa,70.50906165216186
G014976,0,Europe,36.44864967953075
G014977,0,South Asia,0.0
G014978,0,Middle East,70.26487552991509
G014979,0,North America,44.91025003295957
G014980,0,Southeast Asia,79.15768628674203
G014981,0,Middle East,62.96376103611787
G014982,0,Europe,50.65299565854939
G014983,0,North America,55.29241251169642
G014984,0,Europe,55.41715021431446
G014985,0,Europe,24.80286678407409
G014986,0,South Asia,73.70366606241465
G014987,0,North America,62.178168816309984
G014988,0,Europe,0.0
G014989,0,North America,89.82214303135872
G014990,0,North America,0.0
G014991,0,Middle East,70.65153428737142
G014992,0,Middle East,72.36218733438851
G014993,0,South Asia,72.61143653190136
G014994,0,North America,60.022718978939636
G014995,0,Africa,54.62042895084619
G014996,0,North America,0.0
G014997,0,North America,65.981538297711
G014998,0,Middle East,82.75913161165786
G014999,0,North America,86.76556452527282
G015000,0,Europe,62.652416354526174
G015001,0,South Asia,72.19495934241469
G015002,0,Middle East,0.0
G015003,0,Europe,0.0
G015004,0,Middle East,0.0
G015005,0,East Asia,0.0
G015006,0,Middle East,68.63675799107553
G015007,0,Europe,75.08117437944087
G015008,0,Middle East,81.57850128251314
G015009,0,East Asia,70.04868836240605
G015010,0,Europe,52.870101918696456
G015011,0,Europe,41.16588001012803
G015012,0,Middle East,0.0
G015013,0,Africa,86.47085942053164
G015014,0,East Asia,63.56812171591953
G015015,0,Middle East,65.99986582890244
G015016,0,Latin America,89.2957965956055
G015017,0,East Asia,0.0
G015018,0,Southeast Asia,0.0
G015019,0,South Asia,74.54200344355404
G015020,0,East Asia,0.0
G015021,0,Europe,57.45198614025115
G015022,0,East Asia,72.56337390324474
G015023,0,South Asia,62.567607709348195
G015024,0,East Asia,78.99875433133768
G015025,0,Southeast Asia,72.66737300854018
G015026,0,North America,87.17258784784421
G015027,0,Africa,88.39647577125737
G015028,0,North America,90.83432790440321
G015029,0,North America,54.83814476435834
G015030,0,Europe,54.970938538074485
G015031,0,East Asia,77.34385843348504
G015032,0,East Asia,0.0
G015033,0,East Asia,74.47168343435092
G015034,0,North America,77.77413915329451
G015035,0,North America,50.31966030402617
G015036,0,South Asia,72.08727747929096
G015037,0,East Asia,0.0
G015038,0,East Asia,0.0
G015039,0,North America,55.36248687183858
G015040,0,North America,65.07321846375321
G015041,0,Middle East,53.85108867007132
G015042,0,Middle East,61.47501944382444
G015043,0,North America,58.1035530236815
G015044,0,South Asia,74.34561624675989
G015045,0,South Asia,65.23238135458303
G015046,0,Middle East,74.2275999757837
G015047,0,Latin America,92.06675485969674
G015048,0,South Asia,74.1652019765675
G015049,0,Latin America,64.76608769691532
G015050,0,Middle East,66.64194994679184
G015051,0,Middle East,58.99716903456955
G015052,0,South Asia,33.98229031776299
G015053,0,East Asia,68.8006616423726
G015054,0,East Asia,72.65615422759952
G015055,0,Europe,0.0
G015056,0,Africa,86.23120525699584
G015057,0,Middle East,73.34617841624039
G015058,0,Southeast Asia,52.10667090889902
G015059,0,Europe,28.823883062601084
G015060,0,East Asia,0.0
G015061,0,North America,57.89020353838169
G015062,0,Southeast Asia,61.08293505788571
G015063,0,Europe,0.0
G015064,0,East Asia,0.0
G015065,0,North America,50.77040844401446
G015066,0,Southeast Asia,53.98919727182388
G015067,0,East Asia,0.0
G015068,0,Middle East,70.60884197187424
G015069,0,Middle East,65.33356387606264
G015070,0,Europe,36.72054426126769
G015071,0,North America,53.839908239006995
G015072,0,Europe,0.0
G015073,0,Latin America,73.77409709619754
G015074,0,East Asia,68.01317524436116
G015075,0,Europe,59.654105410619216
G015076,0,North America,59.54294137691729
G015077,0,South Asia,0.0
G015078,0,North America,0.0
G015079,0,South Asia,70.1672187918515
G015080,0,East Asia,53.78298567688466
G015081,0,East Asia,66.08768850797415
G015082,0,East Asia,0.0
G015083,0,Europe,68.7429207234491
G015084,0,Latin America,74.31678639447689
G015085,0,Southeast Asia,58.99026133397132
G015086,0,South Asia,75.4709679274812
G015087,0,East Asia,70.01598158228397
G015088,0,East Asia,63.24206893110276
G015089,0,East Asia,0.0
G015090,0,South Asia,79.91997904485466
G015091,0,South Asia,71.24746465621212
G015092,0,North America,55.81598991742278
G015093,0,North America,79.5079638518095
G015094,0,Oceania,69.87290105543715
G015095,0,Southeast Asia,77.9678814495206
G015096,0,South Asia,73.46594675510941
G015097,0,Middle East,86.50667573720398
G015098,0,Africa,79.57831256412648
G015099,0,North America,66.16695417690187
G015100,0,North America,57.25824207894008
G015101,0,Europe,65.09064407476782
G015102,0,East Asia,58.4380418432355
G015103,0,North America,64.89700260041339
G015104,0,South Asia,74.25821595545113
G015105,0,Europe,0.0
G015106,0,Middle East,52.964625610147465
G015107,0,South Asia,81.47080712664128
G015108,0,North America,39.08413692593575
G015109,0,South Asia,79.78447662931681
G015110,0,North America,38.57384217350772
G015111,0,Africa,91.4478369514599
G015112,0,North America,46.16197923904116
G015113,0,East Asia,0.0
G015114,0,Latin America,68.64383490246534
G015115,0,East Asia,65.9400729832315
G015116,0,Middle East,70.59891502145385
G015117,0,Europe,53.04109088648088
G015118,0,South Asia,73.58436724030972
G015119,0,South Asia,83.19087436443567
G015120,0,South Asia,72.53100007903576
G015121,0,North America,71.76254556226007
G015122,0,Middle East,91.31497799532883
G015123,0,North America,82.64152771808162
G015124,0,North America,68.77753110045195
G015125,0,Middle East,0.0
G015126,0,South Asia,75.17291003863558
G015127,0,East Asia,36.9622387935754
G015128,0,Africa,67.16971372252702
G015129,0,Europe,43.82379277354479
G015130,0,North America,0.0
G015131,0,Europe,0.0
G015132,0,Europe,0.0
G015133,0,North America,89.87588736216273
G015134,0,East Asia,0.0
G015135,0,East Asia,40.469466489553454
G015136,0,South Asia,72.0004811191306
G015137,0,South Asia,74.1208516715616
G015138,0,North America,0.0
G015139,0,Southeast Asia,71.50897684925795
G015140,0,Europe,49.087836866472706
G015141,0,South Asia,62.69625084250443
G015142,0,North America,0.0
G015143,0,Southeast Asia,54.24827849069147
G015144,0,North America,0.0
G015145,0,East Asia,39.731024097247555
G015146,0,Europe,0.0
G015147,0,Middle East,72.08588850359303
G015148,0,East Asia,78.61005534148308
G015149,0,Latin America,0.0
G015150,0,South Asia,72.21776355647862
G015151,0,Southeast Asia,0.0
G015152,0,East Asia,0.0
G015153,0,South Asia,65.16461969828605
G015154,0,East Asia,60.630721893548966
G015155,0,Middle East,65.93832728797197
G015156,0,Middle East,75.10298031424935
G015157,0,Middle East,60.497814354985046
G015158,0,Africa,83.6960631311581
G015159,0,Middle East,59.24788054856839
G015160,0,North America,59.268179641564686
G015161,0,East Asia,0.0
G015162,0,East Asia,55.553521293967954
G015163,0,Europe,0.0
G015164,0,East Asia,75.73928046554552
G015165,0,South Asia,71.66894777983427
G015166,0,East Asia,76.32490391428183
G015167,0,Europe,0.0
G015168,0,Middle East,0.0
G015169,0,Africa,86.10412667667866
G015170,0,Europe,0.0
G015171,0,East Asia,80.53190123142369
G015172,0,Middle East,72.7053871597494
G015173,0,Europe,0.0
G015174,0,North America,0.0
G015175,0,Southeast Asia,68.07843059100166
G015176,0,Africa,73.37487621492146
G015177,0,North America,44.68481741094589
G015178,0,Europe,52.684942009766885
G015179,0,Europe,49.88294635212422
G015180,0,East Asia,77.06934628899891
G015181,0,Europe,23.727928600788115
G015182,0,Southeast Asia,70.20658211465316
G015183,0,Europe,51.89309501543189
G015184,0,Europe,55.39400613236428
G015185,0,Europe,58.55809621158513
G015186,0,North America,71.05710711406307
G015187,0,Oceania,70.57608850719352
G015188,0,Middle East,79.39927266542658
G015189,0,North America,43.05128611433867
G015190,0,Latin America,89.73845209682351
G015191,0,Europe,49.409930315364484
G015192,0,North America,73.25191049051286
G015193,0,East Asia,0.0
G015194,0,Middle East,78.711852845639
G015195,0,Middle East,66.59760854400649
G015196,0,North America,50.80817293068858
G015197,0,North America,89.60013850316405
G015198,0,East Asia,49.584269212543965
G015199,0,Middle East,69.23402943071724
G015200,0,North America,83.68437143045664
G015201,0,Latin America,0.0
G015202,0,Africa,85.56553741282947
G015203,0,Europe,0.0
G015204,0,North America,66.04191236469241
G015205,0,Latin America,58.55391282849239
G015206,0,North America,60.09620207591851
G015207,0,Middle East,78.72200217989086
G015208,0,South Asia,70.75346146344053
G015209,0,North America,69.52095027449457
G015210,0,South Asia,63.94207057595253
G015211,0,Europe,69.91429724934427
G015212,0,North America,36.12299253437736
G015213,0,Southeast Asia,56.04619727182387
G015214,0,East Asia,0.0
G015215,0,East Asia,0.0
G015216,0,Middle East,70.79705198705196
G015217,0,Africa,0.0
G015218,0,Southeast Asia,73.61419603859837
G015219,0,Europe,0.0
G015220,0,North America,90.8727680356954
G015221,0,East Asia,68.93308483898639
G015222,0,South Asia,82.96315804361937
G015223,0,South Asia,0.0
G015224,0,Middle East,68.95068293389677
G015225,0,North America,70.56576006802827
G015226,0,North America,79.17060643476249
G015227,0,Middle East,75.29864697769284
G015228,0,Southeast Asia,0.0
G015229,0,South Asia,74.40483043712378
G015230,0,Europe,0.0
G015231,0,North America,90.59607406076789
G015232,0,North America,0.0
G015233,0,South Asia,73.88100914114352
G015234,0,Southeast Asia,0.0
G015235,0,North America,46.9618172511043
G015236,0,Middle East,62.5703225459312
G015237,0,East Asia,66.87236723479629
G015238,0,East Asia,44.93979925393878
G015239,0,Africa,64.09465950241685
G015240,0,South Asia,72.10438760701273
G015241,0,Europe,42.702936762928964
G015242,0,Middle East,0.0
G015243,0,Middle East,72.48935129405152
G015244,0,Europe,49.885224998531925
G015245,0,North America,62.92081636632935
G015246,0,Oceania,39.418515616109886
G015247,0,Middle East,0.0
G015248,0,Africa,75.08934155640549
G015249,0,Europe,45.19527649736405
G015250,0,Europe,37.54431133127213
G015251,0,North America,81.23456013174129
G015252,0,North America,90.00090515799957
G015253,0,Southeast Asia,65.06198449508348
G015254,0,North America,86.61804152674026
G015255,0,South Asia,67.79753068137168
G015256,0,Southeast Asia,0.0
G015257,0,South Asia,73.69093334573508
G015258,0,North America,43.39532371973992
G015259,0,Middle East,0.0
G015260,0,South Asia,84.07266127746033
G015261,0,Middle East,82.54325091095946
G015262,0,Africa,70.00759118676186
G015263,0,Southeast Asia,70.0741775307547
G015264,0,North America,53.27462725051606
G015265,0,Southeast Asia,65.5706279134064
G015266,0,Europe,30.546544446511703
G015267,0,Europe,44.2506793896285
G015268,0,North America,83.24839967024236
G015269,0,South Asia,78.29520986175447
G015270,0,East Asia,66.62413903167031
G015271,0,Latin America,92.54958701717491
G015272,0,North America,72.32534650450944
G015273,0,Europe,61.918330843557015
G015274,0,Europe,48.95121621131897
G015275,0,Middle East,67.813474622712
G015276,0,South Asia,0.0
G015277,0,South Asia,87.06322575103425
G015278,0,South Asia,65.26906601834297
G015279,0,East Asia,69.33910881647466
G015280,0,South Asia,65.45477178394793
G015281,0,East Asia,0.0
G015282,0,Europe,43.255194859847876
G015283,0,Middle East,88.34432056843242
G015284,0,South Asia,73.39719080370483
G015285,0,South Asia,74.44933429163694
G015286,0,Europe,57.63940551189942
G015287,0,Europe,0.0
G015288,0,Middle East,74.34913872930589
G015289,0,East Asia,72.50823204932249
G015290,0,Middle East,62.725952157425155
G015291,0,Latin America,76.5195880275134
G015292,0,South Asia,66.78397515421926
G015293,0,Europe,57.14020906162263
G015294,0,Southeast Asia,69.63003695303203
G015295,0,South Asia,71.6790831720829
G015296,0,East Asia,83.37799377488459
G015297,0,Africa,85.68531838430059
G015298,0,Middle East,61.15789114973942
G015299,0,South Asia,77.87372914889455
G015300,0,Southeast Asia,64.23862159487335
G015301,0,Southeast Asia,66.05260809719383
G015302,0,North America,62.81441949474813
G015303,0,South Asia,67.93188101397138
G015304,0,North America,37.243509701779395
G015305,0,Middle East,91.85553590992906
G015306,0,South Asia,35.63375701367494
G015307,0,East Asia,65.43907857882976
G015308,0,North America,66.7055562095046
G015309,0,Europe,38.50034013179577
G015310,0,Europe,50.53531614840031
G015311,0,Europe,51.22554882192611
G015312,0,South Asia,75.76884265336032
G015313,0,Middle East,0.0
G015314,0,North America,64.10600847107895
G015315,0,South Asia,73.82213961114485
G015316,0,Middle East,68.20942969842211
G015317,0,South Asia,73.82248189646006
G015318,0,East Asia,0.0
G015319,0,Middle East,81.40317645858138
G015320,0,Middle East,72.15482182615816
G015321,0,North America,74.4601112679785
G015322,0,East Asia,68.6916911611855
G015323,0,East Asia,68.92488279453687
G015324,0,Europe,45.9852312296629
G015325,0,Middle East,84.26189325944131
G015326,0,East Asia,64.51775780379772
G015327,0,South Asia,71.85336265319586
G015328,0,South Asia,74.45966214474765
G015329,0,Europe,0.0
G015330,0,South Asia,75.86911680319905
G015331,0,North America,61.930162140445276
G015332,0,Oceania,71.33136873081236
G015333,0,North America,87.04364019212217
G015334,0,East Asia,62.96201683642105
G015335,0,Middle East,77.82216054552703
G015336,0,Europe,45.00500657283899
G015337,0,Africa,85.46807966022871
G015338,0,East Asia,70.48919063588977
G015339,0,East Asia,66.82134425854682
G015340,0,Europe,23.113726663293257
G015341,0,Middle East,78.96154027116299
G015342,0,North America,87.70279539432761
G015343,0,Europe,43.1323224167318
G015344,0,Middle East,67.07119755372133
G015345,0,Middle East,63.4645535710454
G015346,0,North America,87.14495310044289
G015347,0,Middle East,82.04812341867387
G015348,0,East Asia,44.68511834800243
G015349,0,Middle East,0.0
G015350,0,Middle East,70.72488171965337
G015351,0,Middle East,84.2785520815452
G015352,0,Latin America,80.93517718031912
G015353,0,Southeast Asia,0.0
G015354,0,South Asia,75.78583192366361
G015355,0,North America,44.38986735129357
G015356,0,Africa,88.71652794396246
G015357,0,Europe,53.986746719681854
G015358,0,Europe,54.77583849385652
G015359,0,Southeast Asia,0.0
G015360,0,Middle East,76.52454084179077
G015361,0,Southeast Asia,54.8942097864729
G015362,0,Middle East,0.0
G015363,0,Middle East,76.16087035429298
G015364,0,North America,51.025686152497926
G015365,0,South Asia,75.67473551094534
G015366,0,Africa,87.01132833789832
G015367,0,North America,52.07012992201068
G015368,0,South Asia,80.1307288841605
G015369,0,East Asia,70.22229569336773
G015370,0,Europe,0.0
G015371,0,Latin America,56.39629018713851
G015372,0,Europe,46.45125643901392
G015373,0,East Asia,0.0
G015374,0,Middle East,75.70978005635739
G015375,0,North America,76.21350886705969
G015376,0,South Asia,0.0
G015377,0,Middle East,86.1902340715916
G015378,0,Middle East,75.72032005955957
G015379,0,Middle East,87.77405059218407
G015380,0,East Asia,0.0
G015381,0,South Asia,45.91943817953631
G015382,0,East Asia,64.8204105194211
G015383,0,South Asia,67.89860449353493
G015384,0,North America,59.22656350314618
G015385,0,North America,89.53583341538544
G015386,0,Middle East,73.40604181774818
G015387,0,East Asia,0.0
G015388,0,East Asia,74.66597248592792
G015389,0,South Asia,75.06325249141454
G015390,0,Latin America,87.86138767522574
G015391,0,North America,41.88228756450885
G015392,0,Latin America,0.0
G015393,0,Middle East,71.78088032747219
G015394,0,Middle East,62.12703471536708
G015395,0,South Asia,75.53870214944891
G015396,0,Southeast Asia,0.0
G015397,0,East Asia,69.74671134468913
G015398,0,Southeast Asia,52.633067183248926
G015399,0,Europe,60.59709155988512
G015400,0,South Asia,74.847323315233
G015401,0,East Asia,0.0
G015402,0,South Asia,72.8646403695941
G015403,0,Europe,0.0
G015404,0,Middle East,62.416289008624624
G015405,0,Southeast Asia,0.0
G015406,0,South Asia,71.21639406906473
G015407,0,East Asia,56.93588395655337
G015408,0,South Asia,73.32645530316233
G015409,0,North America,62.08949829140577
G015410,0,South Asia,81.13506585601063
G015411,0,Europe,64.79485308533546
G015412,0,Southeast Asia,74.43808541888224
G015413,0,South Asia,71.7841905452013
G015414,0,Middle East,66.7504354312718
G015415,0,Europe,33.487195003271104
G015416,0,North America,64.98388377881051
G015417,0,East Asia,76.1567233016491
G015418,0,Southeast Asia,70.10676109295902
G015419,0,Middle East,62.29874209138752
G015420,0,South Asia,75.9922673980431
G015421,0,Europe,44.172541608095166
G015422,0,Middle East,0.0
G015423,0,Middle East,71.74470782405137
G015424,0,Europe,0.0
G015425,0,Southeast Asia,75.68828911429644
G015426,0,East Asia,64.75033110213279
G015427,0,South Asia,68.73250900129297
G015428,0,East Asia,57.33266932152347
G015429,0,East Asia,0.0
G015430,0,South Asia,74.23991502761842
G015431,0,North America,83.84238095212254
G015432,0,Europe,67.12164672970772
G015433,0,Middle East,83.54317196259623
G015434,0,South Asia,0.0
G015435,0,Africa,70.01365002227281
G015436,0,North America,88.67349690311606
G015437,0,Middle East,69.28037846028803
G015438,0,East Asia,65.16145330011844
G015439,0,Africa,85.47976924810176
G015440,0,Europe,38.1034398900451
G015441,0,North America,0.0
G015442,0,Europe,73.99576321533955
G015443,0,Europe,63.9904176003933
G015444,0,South Asia,78.67719734513217
G015445,0,North America,0.0
G015446,0,Southeast Asia,0.0
G015447,0,Europe,0.0
G015448,0,North America,50.92073195133787
G015449,0,East Asia,0.0
G015450,0,Europe,61.251485403617224
G015451,0,North America,58.46002390003204
G015452,0,Middle East,60.41950582411073
G015453,0,Europe,38.88735627114772
G015454,0,Southeast Asia,74.18715276559782
G015455,0,Middle East,0.0
G015456,0,Europe,62.21036847888701
G015457,0,North America,32.371033279288895
G015458,0,Middle East,0.0
G015459,0,North America,54.157176156423304
G015460,0,East Asia,67.44755518874254
G015461,0,Africa,84.53302110808546
G015462,0,Middle East,0.0
G015463,0,South Asia,0.0
G015464,0,North America,80.24748407975021
G015465,0,North America,0.0
G015466,0,Middle East,0.0
G015467,0,Oceania,68.92243701393856
G015468,0,North America,0.0
G015469,0,Europe,52.96930707204343
G015470,0,South Asia,75.17370756091763
G015471,0,Europe,0.0
G015472,0,Europe,52.08445236217975
G015473,0,Middle East,62.70203595739062
G015474,0,Middle East,92.19889616326672
G015475,0,Middle East,66.21081542021037
G015476,0,North America,88.96576328498126
G015477,0,North America,82.79115770099018
G015478,0,North America,77.57489790230808
G015479,0,Middle East,78.049654667941
G015480,0,South Asia,81.8627763508793
G015481,0,North America,0.0
G015482,0,Middle East,73.88883346328139
G015483,0,Europe,54.78308968780077
G015484,0,East Asia,66.94773820590521
G015485,0,North America,41.11306822432894
G015486,0,East Asia,77.47924732045695
G015487,0,Africa,0.0
G015488,0,East Asia,0.0
G015489,0,North America,0.0
G015490,0,Africa,90.0070586623983
G015491,0,South Asia,80.92085319207654
G015492,0,Southeast Asia,39.85624594691305
G015493,0,Oceania,80.14981143170596
G015494,0,North America,27.17159720783523
G015495,0,Middle East,57.24195739672401
G015496,0,Middle East,65.33870643312281
G015497,0,Europe,51.48406124411207
G015498,0,Europe,65.45899520492553
G015499,0,Europe,50.81835478293897
G015500,0,North America,88.99558681443334
G015501,0,South Asia,75.76337008410692
G015502,0,Latin America,57.032802796739524
G015503,0,Europe,44.22351167935133
G015504,0,Middle East,67.06183585589582
G015505,0,South Asia,92.05147406458855
G015506,0,East Asia,64.59207125771046
G015507,0,Oceania,73.3123284499537
G015508,0,South Asia,74.24113411003351
G015509,0,North America,38.11274211982524
G015510,0,East Asia,72.46716507732869
G015511,0,Middle East,74.71887041720477
G015512,0,South Asia,76.11036804014444
G015513,0,East Asia,67.73378872179985
G015514,0,Europe,57.00408933339245
G015515,0,North America,87.9320467784757
G015516,0,North America,74.51408718734982
G015517,0,Europe,36.24844393101244
G015518,0,South Asia,84.17271798032523
G015519,0,South Asia,73.6118870673848
G015520,0,East Asia,0.0
G015521,0,Middle East,61.18673902918535
G015522,0,North America,88.58705561345094
G015523,0,Africa,82.61404485446214
G015524,0,Southeast Asia,70.2391525649732
G015525,0,Europe,48.876967267751695
G015526,0,Southeast Asia,75.77244985294341
G015527,0,South Asia,72.16182735049725
G015528,0,Southeast Asia,0.0
G015529,0,South Asia,76.60611022925377
G015530,0,North America,26.60722326436909
G015531,0,South Asia,75.14775178059122
G015532,0,East Asia,0.0
G015533,0,Europe,70.99322278219462
G015534,0,Latin America,0.0
G015535,0,North America,47.397740884423264
G015536,0,Europe,0.0
G015537,0,Europe,73.69990795308759
G015538,0,East Asia,31.712923807382587
G015539,0,Southeast Asia,0.0
G015540,0,Middle East,72.79067801238371
G015541,0,Europe,66.3498427721262
G015542,0,Middle East,0.0
G015543,0,North America,66.55888967766003
G015544,0,Europe,0.0
G015545,0,Southeast Asia,72.45708773294362
G015546,0,Middle East,42.129846044475386
G015547,0,Europe,0.0
G015548,0,Middle East,67.96583320024881
G015549,0,North America,0.0
G015550,0,East Asia,78.7754162192733
G015551,0,Middle East,39.44625155559453
G015552,0,Middle East,67.58700133084709
G015553,0,North America,46.24640765666962
G015554,0,South Asia,73.77021116781235
G015555,0,East Asia,52.4757489489317
G015556,0,East Asia,0.0
G015557,0,Middle East,73.73877514399454
G015558,0,Middle East,0.0
G015559,0,Europe,48.882189325451854
G015560,0,East Asia,0.0
G015561,0,South Asia,0.0
G015562,0,Middle East,0.0
G015563,0,Oceania,70.48846593937729
G015564,0,Middle East,63.717273490062276
G015565,0,Europe,0.0
G015566,0,Middle East,0.0
G015567,0,Central & North Asia,74.01206642789462
G015568,0,Latin America,0.0
G015569,0,Europe,51.78728597089648
G015570,0,Southeast Asia,0.0
G015571,0,Central & North Asia,52.27576720138211
G015572,0,North America,84.37022821103352
G015573,0,Europe,73.9242997739315
G015574,0,South Asia,71.07348701234658
G015575,0,Middle East,0.0
G015576,0,Europe,44.33808634257316
G015577,0,Europe,0.0
G015578,0,East Asia,59.00234477235151
G015579,0,Europe,0.0
G015580,0,Middle East,0.0
G015581,0,Europe,50.56713633179665
G015582,0,East Asia,0.0
G015583,0,Europe,63.44663681542874
G015584,0,Southeast Asia,44.45109672336867
G015585,0,East Asia,0.0
G015586,0,Middle East,69.15370950943232
G015587,0,Middle East,69.38235785019398
G015588,0,East Asia,58.13728018954306
G015589,0,Europe,0.0
G015590,0,Africa,82.83127041468025
G015591,0,North America,55.77552328706871
G015592,0,Southeast Asia,62.87325866211183
G015593,0,South Asia,74.80340231350064
G015594,0,Middle East,0.0
G015595,0,Europe,47.90986169660092
G015596,0,North America,47.91808494830131
G015597,0,Europe,41.78018482425359
G015598,0,Southeast Asia,66.04474980366231
G015599,0,North America,41.38389035105705
G015600,0,Europe,0.0
G015601,0,North America,52.738492256959276
G015602,0,South Asia,83.4077653906255
G015603,0,North America,0.0
G015604,0,North America,48.643889711625654
G015605,0,North America,59.28121315181255
G015606,0,South Asia,74.56231579637527
G015607,0,East Asia,52.90704868381132
G015608,0,North America,0.0
G015609,0,Europe,73.36469265530145
G015610,0,North America,0.0
G015611,0,Middle East,84.68510899357362
G015612,0,East Asia,0.0
G015613,0,Southeast Asia,60.69255651757934
G015614,0,Europe,52.00182224678993
G015615,0,South Asia,74.1363804258036
G015616,0,Europe,44.88814345306159
G015617,0,Europe,44.95188392984867
G015618,0,Southeast Asia,62.76367299328427
G015619,0,South Asia,70.47796604637848
G015620,0,North America,43.74415322363377
G015621,0,Middle East,72.04906900331378
G015622,0,North America,0.0
G015623,0,Middle East,93.73262491787699
G015624,0,Middle East,56.69738903991561
G015625,0,North America,60.58315995514394
G015626,0,North America,77.60659078723192
G015627,0,East Asia,0.0
G015628,0,Southeast Asia,0.0
G015629,0,Southeast Asia,69.1638063571417
G015630,0,East Asia,67.76751486951204
G015631,0,Africa,80.1285831324702
G015632,0,North America,49.283156676888474
G015633,0,South Asia,70.32379859209061
G015634,0,South Asia,73.21459445172549
G015635,0,North America,48.79688913148822
G015636,0,Middle East,0.0
G015637,0,South Asia,73.97972213286162
G015638,0,Europe,64.79017968057141
G015639,0,South Asia,77.52042845618725
G015640,0,Middle East,79.4490440247357
G015641,0,Middle East,0.0
G015642,0,Oceania,65.53481094047427
G015643,0,South Asia,61.089784757522025
G015644,0,South Asia,76.58473900234699
G015645,0,North America,78.60270174753666
G015646,0,Europe,0.0
G015647,0,North America,38.88854756632718
G015648,0,Southeast Asia,0.0
G015649,0,South Asia,76.06357094562054
G015650,0,South Asia,0.0
G015651,0,Africa,81.35420606006275
G015652,0,Southeast Asia,71.73450731920295
G015653,0,East Asia,80.38719488513651
G015654,0,Europe,55.78115871628848
G015655,0,East Asia,56.88982118843361
G015656,0,Latin America,91.08202460360528
G015657,0,Latin America,68.74951353168488
G015658,0,Europe,71.93538911448057
G015659,0,Central & North Asia,52.122033006072044
G015660,0,Europe,57.744454372406004
G015661,0,North America,87.61053535704313
G015662,0,South Asia,61.66326950501312
G015663,0,South Asia,69.5932962887847
G015664,0,Latin America,0.0
G015665,0,North America,67.35654105463354
G015666,0,East Asia,58.9858415280436
G015667,0,Southeast Asia,0.0
G015668,0,Europe,46.52893481563799
G015669,0,South Asia,72.3772440391779
G015670,0,Middle East,76.63294403728842
G015671,0,North America,72.3433037197337
G015672,0,Middle East,90.43148793847634
G015673,0,Europe,54.24174783986806
G015674,0,East Asia,0.0
G015675,0,North America,42.15823021435738
G015676,0,South Asia,71.55462318247558
G015677,0,East Asia,40.38985903141173
G015678,0,Middle East,71.9859210550189
G015679,0,Latin America,59.31091145204776
G015680,0,East Asia,63.93176135772467
G015681,0,Southeast Asia,71.09110557228327
G015682,0,North America,56.45313805194696
G015683,0,Southeast Asia,74.01300732614598
G015684,0,East Asia,81.10381355956017
G015685,0,North America,45.42862905810097
G015686,0,South Asia,71.81241350445784
G015687,0,North America,61.35481645746304
G015688,0,East Asia,78.68904796358945
G015689,0,South Asia,0.0
G015690,0,Middle East,60.83822635793686
G015691,0,East Asia,76.98275693066418
G015692,0,South Asia,72.69356344723703
G015693,0,Europe,0.0
G015694,0,North America,66.60880736076832
G015695,0,Middle East,67.45163692554831
G015696,0,East Asia,70.76734111993963
G015697,0,Latin America,0.0
G015698,0,Middle East,0.0
G015699,0,South Asia,72.58027835714817
G015700,0,East Asia,39.282848332430376
G015701,0,East Asia,0.0
G015702,0,Europe,58.56511178135511
G015703,0,Europe,53.557496988932286
G015704,0,Oceania,63.138140625476844
G015705,0,East Asia,0.0
G015706,0,North America,59.53220482143489
G015707,0,East Asia,62.759159830331804
G015708,0,Europe,53.95771962466747
G015709,0,Latin America,95.3573866480878
G015710,0,Middle East,73.67664071776379
G015711,0,East Asia,73.75089430372283
G015712,0,Latin America,0.0
G015713,0,Europe,0.0
G015714,0,Europe,55.71481832024906
G015715,0,Middle East,67.91010541039705
G015716,0,East Asia,30.497706055518346
G015717,0,South Asia,68.48254215993664
G015718,0,North America,57.31900709259511
G015719,0,North America,43.634925327301026
G015720,0,Africa,88.00226089525583
G015721,0,South Asia,75.93296256330609
G015722,0,East Asia,51.635167913198465
G015723,0,East Asia,62.64350955963135
G015724,0,South Asia,75.32568917097151
G015725,0,North America,56.30139713680021
G015726,0,Europe,63.770278894238416
G015727,0,North America,68.92870877495679
G015728,0,Europe,55.542312844455246
G015729,0,Middle East,62.19629303054376
G015730,0,East Asia,0.0
G015731,0,Middle East,69.76852560299635
G015732,0,Middle East,86.60969547480344
G015733,0,North America,68.86857131916285
G015734,0,Latin America,0.0
G015735,0,Middle East,0.0
G015736,0,East Asia,0.0
G015737,0,South Asia,77.20392496476751
G015738,0,South Asia,69.12132663176457
G015739,0,East Asia,62.37220178329944
G015740,0,East Asia,67.82415756724097
G015741,0,North America,71.27752056992956
G015742,0,Middle East,0.0
G015743,0,North America,49.9444441252116
G015744,0,North America,87.5725167417752
G015745,0,Middle East,0.0
G015746,0,South Asia,69.28420078216358
G015747,0,Europe,55.49631709241528
G015748,0,Middle East,58.246036113858224
G015749,0,Europe,43.595935229534454
G015750,0,East Asia,0.0
G015751,0,Europe,52.6442016944506
G015752,0,East Asia,0.0
G015753,0,South Asia,73.79931820422412
G015754,0,East Asia,0.0
G015755,0,Europe,0.0
G015756,0,South Asia,75.39416759356857
G015757,0,North America,0.0
G015758,0,East Asia,0.0
G015759,0,Middle East,70.78263064016176
G015760,0,Middle East,0.0
G015761,0,North America,0.0
G015762,0,East Asia,0.0
G015763,0,Europe,0.0
G015764,0,South Asia,73.87298093771935
G015765,0,North America,76.40004503110052
G015766,0,Southeast Asia,66.00254075789451
G015767,0,Oceania,72.73478212104185
G015768,0,East Asia,60.542126133382325
G015769,0,South Asia,0.0
G015770,0,East Asia,66.55430356383324
G015771,0,Middle East,87.94052212978856
G015772,0,Europe,0.0
G015773,0,Southeast Asia,0.0
G015774,0,South Asia,92.51130171982943
G015775,0,Middle East,71.2713724653784
G015776,0,Middle East,0.0
G015777,0,Middle East,43.76915011227131
G015778,0,Middle East,0.0
G015779,0,North America,67.34452150833607
G015780,0,Europe,55.30631260845698
G015781,0,Oceania,71.709560576177
G015782,0,Africa,82.01041077949107
G015783,0,East Asia,68.51314575874807
G015784,0,Middle East,0.0
G015785,0,Europe,67.46093500721454
G015786,0,South Asia,54.88312115862695
G015787,0,North America,46.802161399061035
G015788,0,South Asia,72.60089322590828
G015789,0,North America,0.0
G015790,0,Middle East,69.65619216197457
G015791,0,East Asia,60.65162732428311
G015792,0,Middle East,80.35255805593549
G015793,0,Europe,48.50977272335689
G015794,0,North America,0.0
G015795,0,Southeast Asia,0.0
G015796,0,South Asia,82.37599356408283
G015797,0,North America,55.77908358718771
G015798,0,North America,84.43733824350166
G015799,0,Southeast Asia,51.844643023299454
G015800,0,Middle East,60.6394321596785
G015801,0,South Asia,69.70541402745248
G015802,0,Middle East,72.45145314819885
G015803,0,South Asia,71.10865002959967
G015804,0,Latin America,0.0
G015805,0,South Asia,71.99560181883429
G015806,0,South Asia,82.6109409109354
G015807,0,South Asia,73.56618776434661
G015808,0,Middle East,0.0
G015809,0,Middle East,70.47887142330408
G015810,0,North America,0.0
G015811,0,Europe,34.434052068685034
G015812,0,East Asia,0.0
G015813,0,North America,62.5821788248492
G015814,0,Middle East,52.301725719726456
G015815,0,South Asia,75.59169078892471
G015816,0,North America,52.32529944425822
G015817,0,Latin America,77.76772727272729
G015818,0,Latin America,80.5853146472158
G015819,0,South Asia,0.0
G015820,0,South Asia,0.0
G015821,0,Middle East,68.81027092027664
G015822,0,Middle East,0.0
G015823,0,North America,85.3776175649857
G015824,0,East Asia,0.0
G015825,0,South Asia,73.81167241728306
G015826,0,Middle East,67.28594375650812
G015827,0,East Asia,78.12313172238883
G015828,0,North America,62.22355308440237
G015829,0,North America,86.17258481681438
G015830,0,South Asia,72.54984158240845
G015831,0,Middle East,62.37660143184661
G015832,0,East Asia,64.27493705534935
G015833,0,South Asia,75.28703224384785
G015834,0,Middle East,70.4036960396586
G015835,0,Middle East,0.0
G015836,0,Europe,39.8273840379715
G015837,0,South Asia,78.6651822155714
G015838,0,North America,74.42002361261845
G015839,0,Middle East,0.0
G015840,0,Latin America,0.0
G015841,0,Europe,0.0
G015842,0,Southeast Asia,52.89630753667428
G015843,0,Europe,0.0
G015844,0,South Asia,74.88977848619224
G015845,0,East Asia,0.0
G015846,0,Europe,63.30223242509365
G015847,0,Latin America,75.66218181818184
G015848,0,Middle East,69.5081057789669
G015849,0,East Asia,0.0
G015850,0,Europe,31.626450841650822
G015851,0,South Asia,83.44824420046805
G015852,0,Europe,83.01248900610209
G015853,0,East Asia,73.76584342468553
G015854,0,Latin America,0.0
G015855,0,South Asia,74.91041285389662
G015856,0,Middle East,90.3309894746506
G015857,0,North America,86.3271311996543
G015858,0,South Asia,71.0888722602129
G015859,0,South Asia,74.81678965771198
G015860,0,Europe,26.193025026285284
G015861,0,Middle East,0.0
G015862,0,South Asia,76.23261445760726
G015863,0,South Asia,74.36126546463191
G015864,0,Southeast Asia,63.12958512669984
G015865,0,North America,69.87772880400131
G015866,0,Europe,58.642433734446755
G015867,0,North America,78.57927985324822
G015868,0,South Asia,73.10429154360295
G015869,0,South Asia,74.15220292316062
G015870,0,North America,72.14351681151535
G015871,0,Latin America,0.0
G015872,0,Middle East,0.0
G015873,0,Southeast Asia,0.0
G015874,0,East Asia,58.550883425968145
G015875,0,East Asia,65.24660844343902
G015876,0,South Asia,73.10243988209962
G015877,0,Europe,59.06179268676043
G015878,0,Europe,34.05366326306083
G015879,0,Europe,56.33630414307118
G015880,0,East Asia,62.907884897828104
G015881,0,Middle East,68.8609886883443
G015882,0,North America,0.0
G015883,0,Middle East,67.54685937769305
G015884,0,Middle East,73.58807260359418
G015885,0,Middle East,0.0
G015886,0,Middle East,78.34059250289202
G015887,0,Middle East,0.0
G015888,0,South Asia,70.36214184553695
G015889,0,South Asia,71.83868370879419
G015890,0,Europe,49.37306117210244
G015891,0,Europe,0.0
G015892,0,Europe,39.863087017023204
G015893,0,North America,90.46316564209083
G015894,0,Europe,38.15361600732803
G015895,0,Middle East,59.35123423859613
G015896,0,East Asia,0.0
G015897,0,North America,46.283503610986656
G015898,0,Middle East,64.85856108021736
G015899,0,Africa,84.61423971702474
G015900,0,South Asia,69.29229942086069
G015901,0,Middle East,84.37960226537784
G015902,0,East Asia,53.585440588712686
G015903,0,North America,0.0
G015904,0,South Asia,70.77911674701446
G015905,0,Latin America,0.0
G015906,0,East Asia,62.50081853866577
G015907,0,Oceania,71.54632122563798
G015908,0,East Asia,63.02124515495608
G015909,0,Middle East,83.34564608799599
G015910,0,North America,54.68388043709054
G015911,0,East Asia,0.0
G015912,0,East Asia,58.436080062031735
G015913,0,North America,62.14143407654762
G015914,0,Europe,71.07331036216021
G015915,0,Middle East,62.44742057463256
G015916,0,South Asia,71.52938484841586
G015917,0,Middle East,0.0
G015918,0,East Asia,64.19912979984284
G015919,0,East Asia,36.840170034498875
G015920,0,Middle East,66.21221783459185
G015921,0,Middle East,0.0
G015922,0,Europe,0.0
G015923,0,Middle East,72.85014978374814
G015924,0,North America,48.053220656991016
G015925,0,East Asia,0.0
G015926,0,Middle East,69.53462557762319
G015927,0,Europe,49.65718975179123
G015928,0,North America,0.0
G015929,0,Southeast Asia,68.94618349572383
G015930,0,Southeast Asia,79.8644284927249
G015931,0,Southeast Asia,71.18173454496898
G015932,0,Southeast Asia,0.0
G015933,0,East Asia,0.0
G015934,0,North America,52.58433929775701
G015935,0,Latin America,68.08153878843784
G015936,0,Southeast Asia,0.0
G015937,0,South Asia,75.24490185308457
G015938,0,Southeast Asia,43.26893593411012
G015939,0,Europe,55.53222548090869
G015940,0,Africa,70.4306229617108
G015941,0,East Asia,0.0
G015942,0,Europe,0.0
G015943,0,Europe,26.998761385787617
G015944,0,South Asia,69.18228727990028
G015945,0,East Asia,70.45058103510738
G015946,0,Latin America,68.6897486066674
G015947,0,East Asia,51.797800197484825
G015948,0,South Asia,63.280614351232835
G015949,0,Europe,69.30208336609603
G015950,0,Africa,71.74677214095267
G015951,0,Europe,61.34748858703085
G015952,0,East Asia,53.9916761982441
G015953,0,Middle East,77.22144003037612
G015954,0,East Asia,59.73291232840221
G015955,0,Europe,53.387353637933735
G015956,0,East Asia,0.0
G015957,0,Southeast Asia,0.0
G015958,0,Middle East,0.0
G015959,0,North America,0.0
G015960,0,East Asia,39.4809641388727
G015961,0,Europe,0.0
G015962,0,South Asia,82.97634267729521
G015963,0,Europe,32.38988783443696
G015964,0,South Asia,73.75248495328425
G015965,0,Europe,0.0
G015966,0,Europe,62.93888078051805
G015967,0,Southeast Asia,71.12397678530216
G015968,0,South Asia,0.0
G015969,0,Europe,30.67766845016769
G015970,0,Southeast Asia,55.72583522510529
G015971,0,North America,0.0
G015972,0,South Asia,71.79721743601561
G015973,0,Europe,44.92997027595838
G015974,0,Middle East,0.0
G015975,0,Europe,53.000976366281506
G015976,0,North America,0.0
G015977,0,South Asia,89.70947473179841
G015978,0,East Asia,0.0
G015979,0,Europe,75.24572785926408
G015980,0,Europe,38.58811456644174
G015981,0,East Asia,54.52915559679269
G015982,0,South Asia,72.17149870017985
G015983,0,Oceania,72.10513659450413
G015984,0,Middle East,0.0
G015985,0,Middle East,68.77721133906914
G015986,0,East Asia,49.4158145920273
G015987,0,South Asia,71.19310288506746
G015988,0,North America,0.0
G015989,0,Europe,58.664792622284445
G015990,0,Middle East,65.50167607179735
G015991,0,Middle East,77.89437560504133
G015992,0,Middle East,65.9697349674485
G015993,0,Europe,68.68440592930534
G015994,0,Middle East,59.71972287727576
G015995,0,Europe,71.7830094023943
G015996,0,South Asia,67.51731158729395
G015997,0,South Asia,69.95859571272133
G015998,0,East Asia,0.0
G015999,0,East Asia,64.16684530931713
G016000,0,East Asia,0.0
G016001,0,Latin America,0.0
G016002,0,East Asia,0.0
G016003,0,North America,79.11501450276374
G016004,0,North America,60.99985203790664
G016005,0,North America,87.56904890237026
G016006,0,North America,45.44658404724165
G016007,0,East Asia,0.0
G016008,0,Middle East,84.20496130252697
G016009,0,South Asia,56.368250171637904
G016010,0,East Asia,33.20479459810257
G016011,0,East Asia,0.0
G016012,0,Europe,74.92890924697573
G016013,0,Europe,64.1612620211081
G016014,0,Latin America,86.75095433682203
G016015,0,South Asia,74.44732167461515
G016016,0,Middle East,0.0
G016017,0,North America,62.74035329723359
G016018,0,Oceania,0.0
G016019,0,East Asia,48.66709242230654
G016020,0,Middle East,84.95424770180159
G016021,0,East Asia,68.05223652726411
G016022,0,Southeast Asia,60.46360359541213
G016023,0,East Asia,62.31750938828876
G016024,0,Europe,55.56820373295653
G016025,0,South Asia,74.85379380550167
G016026,0,Europe,61.55290447801352
G016027,0,North America,0.0
G016028,0,Middle East,0.0
G016029,0,Latin America,0.0
G016030,0,East Asia,63.47732739931345
G016031,0,North America,67.5246399006094
G016032,0,Middle East,59.0415083900961
G016033,0,Europe,70.24751609921094
G016034,0,South Asia,74.83116073328436
G016035,0,North America,44.91969369251078
G016036,0,South Asia,72.7893386310935
G016037,0,South Asia,78.68003563841228
G016038,0,East Asia,0.0
G016039,0,Europe,50.73007690554676
G016040,0,South Asia,72.70083921128513
G016041,0,South Asia,80.04284637623483
G016042,0,East Asia,73.77075726997853
G016043,0,Europe,63.068042259514336
G016044,0,Middle East,0.0
G016045,0,East Asia,52.60111213791371
G016046,0,Middle East,0.0
G016047,0,Latin America,50.015006391651696
G016048,0,Europe,61.18606059390306
G016049,0,Europe,0.0
G016050,0,Africa,78.65559460759162
G016051,0,South Asia,75.79745125055314
G016052,0,Europe,59.28612907484264
G016053,0,Middle East,72.74634664911213
G016054,0,South Asia,68.3526791935816
G016055,0,Africa,66.52308530442417
G016056,0,South Asia,75.0073961200714
G016057,0,Middle East,64.20013194146662
G016058,0,Europe,53.86297137022018
G016059,0,Europe,66.05902914714814
G016060,0,East Asia,0.0
G016061,0,South Asia,74.40778721262018
G016062,0,North America,72.2017587647438
G016063,0,North America,84.45921928481893
G016064,0,South Asia,75.6974149580598
G016065,0,Middle East,0.0
G016066,0,Middle East,60.82901537789179
G016067,0,Middle East,41.78409156770056
G016068,0,Europe,64.94583833755686
G016069,0,Middle East,50.97269662081473
G016070,0,East Asia,0.0
G016071,0,South Asia,74.86822057396174
G016072,0,East Asia,70.3504345671679
G016073,0,Middle East,75.79978195225607
G016074,0,North America,0.0
G016075,0,Southeast Asia,0.0
G016076,0,South Asia,72.5599420377016
G016077,0,Latin America,66.522200131149
G016078,0,East Asia,74.8200059784651
G016079,0,Europe,0.0
G016080,0,Middle East,83.3447262522813
G016081,0,South Asia,69.19932065689565
G016082,0,South Asia,76.24987770796999
G016083,0,Europe,69.53903254660963
G016084,0,North America,0.0
G016085,0,East Asia,60.04683782297373
G016086,0,Middle East,68.35434567797184
G016087,0,North America,60.69773912608623
G016088,0,North America,33.771375939130785
G016089,0,South Asia,75.22826926919728
G016090,0,Southeast Asia,72.31344522440433
G016091,0,Middle East,72.70438576293579
G016092,0,Middle East,69.3885455365768
G016093,0,South Asia,71.20642499643563
G016094,0,East Asia,68.35623130840062
G016095,0,South Asia,83.07417223238403
G016096,0,North America,0.0
G016097,0,Europe,0.0
G016098,0,Europe,50.35146324901147
G016099,0,North America,0.0
G016100,0,Europe,0.0
G016101,0,Europe,57.03409734714031
G016102,0,Latin America,51.552312935352326
G016103,0,Europe,42.29705131980867
G016104,0,South Asia,78.48012607383275
G016105,0,Southeast Asia,77.82464670127631
G016106,0,East Asia,0.0
G016107,0,North America,78.58557773470065
G016108,0,Latin America,70.77082149608749
G016109,0,Middle East,65.4429101862474
G016110,0,Middle East,67.37845003404581
G016111,0,Middle East,0.0
G016112,0,North America,88.25710494857034
G016113,0,South Asia,79.46451926258207
G016114,0,South Asia,69.26824958201972
G016115,0,South Asia,74.91358989145992
G016116,0,Europe,54.41765733079477
G016117,0,South Asia,73.00389283964039
G016118,0,North America,54.337788398200814
G016119,0,South Asia,72.62484756541252
G016120,0,Middle East,0.0
G016121,0,North America,85.11549803652547
G016122,0,North America,70.2905264582932
G016123,0,North America,33.94489108967781
G016124,0,Europe,34.99455128359794
G016125,0,Europe,45.1373647263014
G016126,0,Latin America,47.69730527210236
G016127,0,Southeast Asia,51.44994683460033
G016128,0,East Asia,0.0
G016129,0,South Asia,70.7353042678237
G016130,0,South Asia,74.57910338503123
G016131,0,East Asia,0.0
G016132,0,East Asia,0.0
G016133,0,East Asia,73.09650636242014
G016134,0,Latin America,0.0
G016135,0,East Asia,0.0
G016136,0,Africa,0.0
G016137,0,North America,50.877381040573134
G016138,0,East Asia,64.35606559741497
G016139,0,Middle East,0.0
G016140,0,Middle East,0.0
G016141,0,Middle East,76.03380373039842
G016142,0,South Asia,73.75452758119503
G016143,0,Europe,52.57243044459459
G016144,0,North America,79.95106157171728
G016145,0,Middle East,60.58287059261131
G016146,0,Latin America,83.72136686499914
G016147,0,Africa,82.90383164469131
G016148,0,Europe,0.0
G016149,0,South Asia,0.0
G016150,0,South Asia,64.81360875666142
G016151,0,Middle East,55.60323164516506
G016152,0,Southeast Asia,69.21317407296823
G016153,0,South Asia,70.64511064921004
G016154,0,East Asia,0.0
G016155,0,Africa,68.34402496459629
G016156,0,Europe,62.9789644780159
G016157,0,South Asia,70.65830548267834
G016158,0,Southeast Asia,0.0
G016159,0,East Asia,0.0
G016160,0,North America,82.97765183499276
G016161,0,Europe,49.771005521864595
G016162,0,East Asia,0.0
G016163,0,South Asia,71.33536626178025
G016164,0,Middle East,60.78332896262587
G016165,0,East Asia,0.0
G016166,0,Middle East,54.56136599901229
G016167,0,North America,64.88212767706315
G016168,0,Middle East,77.18089925643802
G016169,0,North America,51.50226782007651
G016170,0,Europe,36.51671441316605
G016171,0,North America,54.015373970920386
G016172,0,East Asia,30.95412858978907
G016173,0,Europe,48.35984548160886
G016174,0,South Asia,72.45036107599735
G016175,0,East Asia,39.846597859982275
G016176,0,South Asia,70.8954135566697
G016177,0,Middle East,0.0
G016178,0,East Asia,70.4185865743228
G016179,0,South Asia,77.36776994077455
G016180,0,Europe,0.0
G016181,0,Africa,94.36906312000751
G016182,0,North America,68.3206452794671
G016183,0,Middle East,64.59919859057123
G016184,0,Europe,0.0
G016185,0,Middle East,68.7668007297516
G016186,0,North America,76.31075389355424
G016187,0,Middle East,56.8761394503514
G016188,0,Europe,0.0
G016189,0,Southeast Asia,74.88860444915296
G016190,0,Middle East,53.142507767236594
G016191,0,South Asia,74.00318490208686
G016192,0,Middle East,69.23172212731838
G016193,0,Middle East,69.83031649369002
G016194,0,Europe,72.6008066464265
G016195,0,Southeast Asia,0.0
G016196,0,Africa,70.38869863991304
G016197,0,Middle East,0.0
G016198,0,North America,70.61378165628331
G016199,0,East Asia,0.0
G016200,0,East Asia,0.0
G016201,0,Latin America,0.0
G016202,0,East Asia,77.77381469026209
G016203,0,East Asia,41.447782761786925
G016204,0,South Asia,72.6869149519494
G016205,0,Middle East,70.0642733644816
G016206,0,Europe,52.929471678374384
G016207,0,South Asia,73.52254045569897
G016208,0,Europe,0.0
G016209,0,Africa,90.60883128144616
G016210,0,East Asia,67.7724778433144
G016211,0,Middle East,0.0
G016212,0,North America,59.84489208269119
G016213,0,Latin America,70.45910732602711
G016214,0,South Asia,81.97511587216277
G016215,0,Europe,54.43011671054363
G016216,0,North America,29.49583205092314
G016217,0,East Asia,0.0
G016218,0,East Asia,43.887987554788594
G016219,0,South Asia,91.0169403274423
G016220,0,North America,40.18157690644264
G016221,0,North America,62.26623677964825
G016222,0,Europe,68.70513253107396
G016223,0,North America,50.66875315463544
G016224,0,Europe,51.15828374449411
G016225,0,North America,0.0
G016226,0,South Asia,74.05629187554122
G016227,0,South Asia,75.84690368750692
G016228,0,Middle East,63.34469480167194
G016229,0,Europe,48.03312167473634
G016230,0,Middle East,0.0
G016231,0,Southeast Asia,66.7973616415786
G016232,0,South Asia,83.80693584261202
G016233,0,East Asia,70.04738414589384
G016234,0,South Asia,63.210658355772495
G016235,0,North America,72.47176574283569
G016236,0,Middle East,0.0
G016237,0,South Asia,75.1435624179244
G016238,0,Europe,24.97843606346304
G016239,0,Europe,67.32449127483368
G016240,0,South Asia,71.39488290446997
G016241,0,North America,83.00522805723548
G016242,0,East Asia,33.85395444011687
G016243,0,South Asia,71.9936727461833
G016244,0,North America,54.77427554637736
G016245,0,South Asia,72.73460782761647
G016246,0,East Asia,0.0
G016247,0,Europe,0.0
G016248,0,North America,0.0
G016249,0,South Asia,61.60502950625257
G016250,0,South Asia,91.1709595352917
G016251,0,Middle East,72.04331848437678
G016252,0,Middle East,0.0
G016253,0,South Asia,72.88178341242671
G016254,0,North America,64.97561149637627
G016255,0,North America,63.84831201469898
G016256,0,Africa,71.6564604777188
G016257,0,South Asia,73.14972546172774
G016258,0,North America,90.78036468502472
G016259,0,North America,58.69285810346314
G016260,0,South Asia,0.0
G016261,0,Southeast Asia,63.19905320429802
G016262,0,East Asia,0.0
G016263,0,South Asia,71.02064484515697
G016264,0,Middle East,67.1686471894239
G016265,0,North America,62.08278206030891
G016266,0,Southeast Asia,0.0
G016267,0,North America,0.0
G016268,0,South Asia,64.91776392638683
G016269,0,Europe,0.0
G016270,0,South Asia,71.26195172184705
G016271,0,Middle East,72.49057006870075
G016272,0,Europe,57.092196175575246
G016273,0,Southeast Asia,44.05542043503848
G016274,0,Europe,0.0
G016275,0,East Asia,58.89033266481848
G016276,0,North America,0.0
G016277,0,South Asia,74.350383112669
G016278,0,Middle East,0.0
G016279,0,North America,74.64869438736366
G016280,0,Southeast Asia,73.27574364067253
G016281,0,Europe,0.0
G016282,0,East Asia,65.05666810387373
G016283,0,Southeast Asia,70.10840480766966
G016284,0,North America,31.758879470041308
G016285,0,South Asia,79.14051456910373
G016286,0,Middle East,78.69061524080554
G016287,0,South Asia,85.69202106840685
G016288,0,Middle East,0.0
G016289,0,Europe,26.99112163781397
G016290,0,East Asia,35.25357733074102
G016291,0,Europe,71.09134867411129
G016292,0,East Asia,0.0
G016293,0,East Asia,70.76297477844177
G016294,0,Southeast Asia,54.43915433454514
G016295,0,East Asia,0.0
G016296,0,South Asia,68.11525832134487
G016297,0,Latin America,77.92599741718624
G016298,0,Middle East,0.0
G016299,0,South Asia,72.93008633577823
G016300,0,Southeast Asia,0.0
G016301,0,South Asia,83.82918669363586
G016302,0,South Asia,0.0
G016303,0,Middle East,0.0
G016304,0,Southeast Asia,66.95989197256348
G016305,0,North America,0.0
G016306,0,Europe,48.42462388360139
G016307,0,Europe,64.88205461978912
G016308,0,Middle East,0.0
G016309,0,Middle East,66.35624848473073
G016310,0,North America,79.83576132994891
G016311,0,Middle East,0.0
G016312,0,Oceania,60.20309312325175
G016313,0,Middle East,62.697343764346655
G016314,0,North America,33.03157305705548
G016315,0,North America,57.46541534083901
G016316,0,Europe,51.804587441937485
G016317,0,Middle East,64.8568630035375
G016318,0,Latin America,0.0
G016319,0,Europe,49.286196672320365
G016320,0,North America,48.092384644389156
G016321,0,South Asia,77.73968694752456
G016322,0,Europe,0.0
G016323,0,North America,77.8344645215273
G016324,0,East Asia,81.37862033405088
G016325,0,Middle East,0.0
G016326,0,East Asia,0.0
G016327,0,Latin America,75.91110089999617
G016328,0,North America,61.93119177651405
G016329,0,East Asia,0.0
G016330,0,Middle East,70.82148953115399
G016331,0,Latin America,81.8677560236454
G016332,0,Europe,57.156091700279354
G016333,0,Middle East,69.91360996264491
G016334,0,South Asia,73.94860480750872
G016335,0,Middle East,0.0
G016336,0,Middle East,0.0
G016337,0,North America,34.660116357088086
G016338,0,Europe,0.0
G016339,0,North America,88.87690578505666
G016340,0,South Asia,73.50805468165875
G016341,0,Middle East,0.0
G016342,0,Europe,0.0
G016343,0,Middle East,0.0
G016344,0,Middle East,64.91962448686272
G016345,0,Europe,51.088379868745804
G016346,0,Latin America,0.0
G016347,0,Middle East,0.0
G016348,0,North America,50.03320430064201
G016349,0,South Asia,76.47172226965428
G016350,0,Europe,62.57652056786147
G016351,0,Southeast Asia,72.26938913290202
G016352,0,North America,51.26340398836137
G016353,0,Europe,50.19391166559855
G016354,0,North America,55.03126062976591
G016355,0,East Asia,59.25916164700913
G016356,0,East Asia,0.0
G016357,0,Africa,77.71478372502327
G016358,0,East Asia,0.0
G016359,0,South Asia,77.93973445522785
G016360,0,South Asia,73.08690950578452
G016361,0,North America,0.0
G016362,0,Latin America,64.67304029503916
G016363,0,East Asia,72.30452845585347
G016364,0,Middle East,76.99905139005185
G016365,0,North America,80.33325066696784
G016366,0,South Asia,71.56322478741409
G016367,0,Southeast Asia,36.191407172318655
G016368,0,Latin America,88.05660865862443
G016369,0,North America,60.99973263019143
G016370,0,East Asia,45.465812188148504
G016371,0,North America,87.04942929857698
G016372,0,East Asia,0.0
G016373,0,South Asia,74.33324210539912
G016374,0,East Asia,41.16327741432551
G016375,0,East Asia,56.76591520744563
G016376,0,Middle East,79.65007918798925
G016377,0,North America,0.0
G016378,0,Europe,27.37937127395832
G016379,0,South Asia,72.7878868175745
G016380,0,North America,70.09974055666545
G016381,0,Middle East,74.0011058897078
G016382,0,South Asia,80.67763568711281
G016383,0,South Asia,78.74413385164738
G016384,0,South Asia,76.73740976643563
G016385,0,Middle East,62.99633208147053
G016386,0,Middle East,63.07058677755884
G016387,0,North America,56.951924565488646
G016388,0,Southeast Asia,67.7269099704244
G016389,0,Middle East,0.0
G016390,0,North America,40.40329016199979
G016391,0,East Asia,0.0
G016392,0,Middle East,70.02574774280463
G016393,0,Southeast Asia,66.18747949898243
G016394,0,East Asia,0.0
G016395,0,North America,68.18813620720489
G016396,0,Europe,46.986518140821744
G016397,0,Europe,39.99716656899452
G016398,0,East Asia,60.03418220353488
G016399,0,Africa,87.69450441101374
G016400,0,East Asia,59.63089860612334
G016401,0,Oceania,81.34251747319915
G016402,0,Europe,0.0
G016403,0,Middle East,73.97543107448834
G016404,0,North America,94.66062238436713
G016405,0,South Asia,74.99610149902107
G016406,0,North America,74.21500907788493
G016407,0,Middle East,71.6218165810632
G016408,0,Middle East,83.39268801474843
G016409,0,Africa,80.56063450087201
G016410,0,North America,44.607375022888185
G016411,0,South Asia,78.73599236500264
G016412,0,North America,66.58987437854708
G016413,0,Latin America,84.29873774671555
G016414,0,North America,74.21256413878997
G016415,0,Europe,0.0
G016416,0,East Asia,44.60214470808434
G016417,0,North America,60.94536382869698
G016418,0,Middle East,64.39450268023303
G016419,0,South Asia,84.41417332134282
G016420,0,North America,60.87661752706946
G016421,0,South Asia,0.0
G016422,0,North America,56.526714532792575
G016423,0,Oceania,60.52965169334412
G016424,0,South Asia,74.51350795814395
G016425,0,East Asia,66.07615712738037
G016426,0,Middle East,89.59922981196642
G016427,0,South Asia,70.13813864094018
G016428,0,Middle East,69.98901395582972
G016429,0,Europe,30.231293533484138
G016430,0,Southeast Asia,71.52789664111083
G016431,0,Middle East,70.65606729592699
G016432,0,Europe,0.0
G016433,0,Europe,31.98352524078254
G016434,0,Latin America,24.03024412202835
G016435,0,Middle East,0.0
G016436,0,South Asia,72.08200345903634
G016437,0,North America,61.28968316662312
G016438,0,Latin America,67.24000000000001
G016439,0,North America,50.742108095526696
G016440,0,North America,61.04280718886852
G016441,0,East Asia,32.279171526908875
G016442,0,South Asia,71.70180914089173
G016443,0,Middle East,58.76368515549284
G016444,0,South Asia,72.48801274335385
G016445,0,North America,40.511915968779356
G016446,0,East Asia,80.53407008972765
G016447,0,Europe,30.468172130823135
G016448,0,East Asia,67.63594994163333
G016449,0,Europe,0.0
G016450,0,East Asia,0.0
G016451,0,Latin America,0.0
G016452,0,Europe,54.82027337281632
G016453,0,North America,61.02649219080896
G016454,0,Middle East,81.61596852466101
G016455,0,East Asia,0.0
G016456,0,Europe,0.0
G016457,0,South Asia,72.33732961213408
G016458,0,South Asia,76.33591473057865
G016459,0,North America,31.89171079151919
G016460,0,East Asia,67.51346897464991
G016461,0,Southeast Asia,67.20691429900401
G016462,0,South Asia,72.7627214352344
G016463,0,South Asia,79.70172451495583
G016464,0,South Asia,70.1324678171873
G016465,0,Europe,67.42996206537161
G016466,0,Southeast Asia,68.72681867723753
G016467,0,South Asia,81.12036369657515
G016468,0,Southeast Asia,0.0
G016469,0,South Asia,72.64642588293552
G016470,0,Europe,61.77128459343314
G016471,0,South Asia,80.98987740692044
G016472,0,South Asia,72.20619437931884
G016473,0,South Asia,70.23484442996978
G016474,0,Middle East,59.73789246523018
G016475,0,Europe,70.54622162550508
G016476,0,South Asia,81.0476753498975
G016477,0,North America,79.75423074216825
G016478,0,Europe,60.10093804571033
G016479,0,North America,34.31479417908553
G016480,0,Middle East,75.9283018783033
G016481,0,Latin America,66.90920956878227
G016482,0,Middle East,74.06777180242358
G016483,0,South Asia,79.89188859134913
G016484,0,Europe,47.29594366562367
G016485,0,East Asia,0.0
G016486,0,East Asia,0.0
G016487,0,Middle East,62.19226226615906
G016488,0,South Asia,56.535312028229235
G016489,0,Middle East,0.0
G016490,0,Middle East,69.35126632896066
G016491,0,North America,31.444596026897425
G016492,0,South Asia,72.99331482757944
G016493,0,Africa,82.43511078679562
G016494,0,North America,55.113942549759685
G016495,0,North America,83.22042398518325
G016496,0,South Asia,71.99172645568848
G016497,0,South Asia,50.43572251014638
G016498,0,Middle East,77.67476118795076
G016499,0,East Asia,63.874217899535644
G016500,0,North America,69.16162626135349
G016501,0,Europe,54.88638666492701
G016502,0,East Asia,62.578997731328
G016503,0,North America,67.05394726985242
G016504,0,East Asia,0.0
G016505,0,Europe,70.48506992033757
G016506,0,East Asia,69.03862710046769
G016507,0,South Asia,70.44070178942248
G016508,0,Middle East,81.1296493934393
G016509,0,East Asia,0.0
G016510,0,Middle East,89.74662374070739
G016511,0,North America,0.0
G016512,0,South Asia,75.33706360824407
G016513,0,Middle East,72.1946546296351
G016514,0,Europe,63.30051182313851
G016515,0,East Asia,59.251535705300896
G016516,0,Europe,0.0
G016517,0,South Asia,73.65138729523349
G016518,0,South Asia,69.92901766294241
G016519,0,East Asia,0.0
G016520,0,North America,0.0
G016521,0,Middle East,72.74493690109254
G016522,0,Europe,35.115007362362114
G016523,0,East Asia,0.0
G016524,0,Europe,43.793427822080524
G016525,0,East Asia,0.0
G016526,0,Middle East,85.92203391974623
G016527,0,North America,63.264123336911204
G016528,0,Latin America,84.18372588552128
G016529,0,East Asia,77.05790324056149
G016530,0,North America,58.45769512455392
G016531,0,North America,36.52043483260906
G016532,0,East Asia,67.46999690318107
G016533,0,Southeast Asia,67.67546936877388
G016534,0,North America,75.63991117931317
G016535,0,East Asia,0.0
G016536,0,Europe,0.0
G016537,0,Middle East,77.0645993926471
G016538,0,Southeast Asia,72.55154966115953
G016539,0,East Asia,0.0
G016540,0,North America,74.14728841432928
G016541,0,Middle East,66.17997201390519
G016542,0,Middle East,73.34066527920962
G016543,0,Middle East,64.45231969404041
G016544,0,Middle East,55.24049321981271
G016545,0,Middle East,84.71503483252091
G016546,0,North America,0.0
G016547,0,South Asia,72.48981393987121
G016548,0,Middle East,81.67753553572298
G016549,0,Europe,0.0
G016550,0,East Asia,60.804542449235925
G016551,0,South Asia,73.96054586434364
G016552,0,East Asia,0.0
G016553,0,South Asia,68.50052133422909
G016554,0,Europe,63.40983048998587
G016555,0,Europe,0.0
G016556,0,Africa,80.74126042807102
G016557,0,Southeast Asia,0.0
G016558,0,South Asia,68.51815919137
G016559,0,Europe,51.506104194045065
G016560,0,North America,85.05368320836443
G016561,0,South Asia,76.687643222332
G016562,0,East Asia,0.0
G016563,0,East Asia,68.45857871508598
G016564,0,East Asia,64.42695287690741
G016565,0,Middle East,54.31880539676818
G016566,0,Oceania,71.80977513659
G016567,0,Middle East,69.12824438035487
G016568,0,East Asia,62.20744305449723
G016569,0,Europe,30.16155151995746
G016570,0,South Asia,57.1653433934089
G016571,0,South Asia,73.92473043563962
G016572,0,Europe,0.0
G016573,0,Europe,0.0
G016574,0,Middle East,84.08741025474667
G016575,0,East Asia,61.96674633258582
G016576,0,East Asia,0.0
G016577,0,South Asia,73.27807475090027
G016578,0,Europe,40.59673266350139
G016579,0,South Asia,74.34244294550642
G016580,0,Middle East,0.0
G016581,0,North America,0.0
G016582,0,Europe,59.395809295086686
G016583,0,Europe,53.6106056456927
G016584,0,Middle East,63.17428074682031
G016585,0,Africa,87.20619443775128
G016586,0,East Asia,0.0
G016587,0,East Asia,65.24699892732231
G016588,0,Middle East,62.34473939788342
G016589,0,Europe,58.87092643858808
G016590,0,Europe,43.40913052496043
G016591,0,Southeast Asia,69.81368232812349
G016592,0,South Asia,74.30155004292726
G016593,0,Middle East,0.0
G016594,0,South Asia,0.0
G016595,0,Africa,84.32785889920366
G016596,0,North America,0.0
G016597,0,Southeast Asia,26.933515823364257
G016598,0,Southeast Asia,69.71801779711248
G016599,0,South Asia,73.09862794876099
G016600,0,North America,62.5473633410172
G016601,0,Middle East,0.0
G016602,0,Europe,34.59788728562268
G016603,0,North America,78.60251004959056
G016604,0,North America,56.12584182434009
G016605,0,South Asia,74.09001423370837
G016606,0,East Asia,48.679746054768565
G016607,0,Africa,85.49033886134985
G016608,0,Europe,48.52502034795285
G016609,0,North America,72.80702137227311
G016610,0,South Asia,73.40632704001665
G016611,0,East Asia,64.56038586896658
G016612,0,Middle East,80.75208730465896
G016613,0,Europe,64.13183967154495
G016614,0,South Asia,67.9596624040405
G016615,0,Middle East,0.0
G016616,0,South Asia,72.74362652420999
G016617,0,South Asia,72.59751969355345
G016618,0,Europe,47.10774032649849
G016619,0,Middle East,90.12894924973357
G016620,0,Latin America,0.0
G016621,0,Europe,52.03670497226716
G016622,0,East Asia,0.0
G016623,0,Middle East,66.58732908345713
G016624,0,East Asia,0.0
G016625,0,East Asia,0.0
G016626,0,Europe,62.46552666389943
G016627,0,North America,76.213702083109
G016628,0,Europe,0.0
G016629,0,North America,72.53253664588928
G016630,0,Southeast Asia,69.0988956263553
G016631,0,Southeast Asia,76.90326600074225
G016632,0,Europe,0.0
G016633,0,North America,25.9307241861459
G016634,0,South Asia,82.65201242202521
G016635,0,East Asia,0.0
G016636,0,Europe,58.90792680941929
G016637,0,Middle East,67.27660727751254
G016638,0,Middle East,72.77310879454016
G016639,0,North America,59.37620263493061
G016640,0,Middle East,0.0
G016641,0,East Asia,0.0
G016642,0,North America,88.28586666532627
G016643,0,East Asia,0.0
G016644,0,Europe,54.72335906350613
G016645,0,South Asia,78.98425047045585
G016646,0,Europe,66.43832094177515
G016647,0,North America,0.0
G016648,0,Europe,59.11005136334897
G016649,0,Middle East,63.596700139969585
G016650,0,Europe,55.024536111356625
G016651,0,Middle East,0.0
G016652,0,Middle East,0.0
G016653,0,North America,66.5419269425273
G016654,0,Southeast Asia,72.32522179342807
G016655,0,South Asia,76.22232358300685
G016656,0,Southeast Asia,0.0
G016657,0,Latin America,70.70934748830217
G016658,0,Latin America,78.45000518026588
G016659,0,North America,59.84962929528952
G016660,0,East Asia,62.36925584664128
G016661,0,Middle East,0.0
G016662,0,South Asia,54.2044022173412
G016663,0,Europe,54.53284405369108
G016664,0,Middle East,66.8404847276816
G016665,0,Europe,52.83373193780941
G016666,0,North America,40.30922438025474
G016667,0,North America,39.39325363695622
G016668,0,North America,42.54797712233934
G016669,0,Europe,41.70856209207665
G016670,0,North America,51.42007986259461
G016671,0,East Asia,0.0
G016672,0,Europe,47.5750469440872
G016673,0,Middle East,67.82503067070245
G016674,0,Africa,89.84216551474731
G016675,0,Middle East,62.92623178478082
G016676,0,East Asia,67.14461717951298
G016677,0,Middle East,55.82872413085085
G016678,0,Europe,64.21571845766813
G016679,0,Europe,27.14744298645222
G016680,0,Europe,0.0
G016681,0,Europe,0.0
G016682,0,North America,38.04180504238606
G016683,0,Europe,29.145365657849748
G016684,0,East Asia,0.0
G016685,0,East Asia,75.39726056831533
G016686,0,Middle East,81.79024555012674
G016687,0,Middle East,0.0
G016688,0,South Asia,71.69590101317925
G016689,0,Middle East,73.42883730129942
G016690,0,East Asia,64.19156788033249
G016691,0,Latin America,85.46347171803677
G016692,0,East Asia,68.40322249690692
G016693,0,Southeast Asia,55.555540548324586
G016694,0,East Asia,73.43507173563947
G016695,0,Middle East,0.0
G016696,0,Europe,50.870812330473555
G016697,0,Latin America,0.0
G016698,0,Middle East,77.96057879787683
G016699,0,Middle East,73.4453053187132
G016700,0,North America,52.53748912703992
G016701,0,East Asia,60.29247617697716
G016702,0,East Asia,67.73424581190945
G016703,0,South Asia,0.0
G016704,0,South Asia,69.14944329377737
G016705,0,South Asia,73.55902382522821
G016706,0,South Asia,67.77552831465006
G016707,0,Europe,63.52278684999049
G016708,0,North America,88.35716940103696
G016709,0,Europe,52.212934270143506
G016710,0,Middle East,72.66522347683618
G016711,0,Middle East,73.49116771409909
G016712,0,Middle East,0.0
G016713,0,Middle East,68.15133946011464
G016714,0,North America,53.11840792119503
G016715,0,North America,41.604754917025566
G016716,0,East Asia,61.952914724528796
G016717,0,Latin America,74.51096252197027
G016718,0,South Asia,74.23007504165172
G016719,0,South Asia,68.41444366088058
G016720,0,Middle East,0.0
G016721,0,East Asia,68.06501674131417
G016722,0,North America,42.658366626912894
G016723,0,East Asia,73.08831012570857
G016724,0,North America,0.0
G016725,0,Europe,51.679173588514324
G016726,0,Oceania,82.75455374058676
G016727,0,North America,65.78205144751071
G016728,0,Middle East,74.20840026979828
G016729,0,East Asia,60.60339711427689
G016730,0,North America,71.44302744386954
G016731,0,North America,54.6238427208662
G016732,0,East Asia,80.88869263818049
G016733,0,Middle East,0.0
G016734,0,Middle East,58.31685126389519
G016735,0,Europe,49.05980015496413
G016736,0,South Asia,74.31497514969112
G016737,0,Europe,0.0
G016738,0,South Asia,72.26736373448372
G016739,0,Latin America,0.0
G016740,0,North America,77.23162270091159
G016741,0,North America,91.25409815262483
G016742,0,Europe,68.35731299724814
G016743,0,East Asia,0.0
G016744,0,Europe,37.05780539155006
G016745,0,Middle East,71.57025906799599
G016746,0,South Asia,71.93138512682012
G016747,0,Europe,56.55866078841324
G016748,0,East Asia,58.7552384416461
G016749,0,North America,60.08893182647228
G016750,0,Europe,51.3095936265064
G016751,0,North America,79.1544933884189
G016752,0,North America,49.879857474789475
G016753,0,Middle East,61.52861785665154
G016754,0,South Asia,69.09303264552355
G016755,0,Middle East,70.28970062902411
G016756,0,East Asia,63.41558039551973
G016757,0,Europe,59.52643202191772
G016758,0,Europe,50.15679744354432
G016759,0,South Asia,72.04002525552293
G016760,0,North America,61.46868268108368
G016761,0,East Asia,31.182395587444304
G016762,0,Europe,51.88203585200599
G016763,0,East Asia,63.869775429546834
G016764,0,East Asia,75.45321988499165
G016765,0,East Asia,76.70505685579957
G016766,0,East Asia,0.0
G016767,0,South Asia,73.6780133125782
G016768,0,Europe,0.0
G016769,0,South Asia,73.23362101079297
G016770,0,North America,44.927733095848204
G016771,0,Middle East,0.0
G016772,0,South Asia,72.87747408854962
G016773,0,South Asia,79.55387946742773
G016774,0,North America,64.34358759126879
G016775,0,East Asia,79.07521207683014
G016776,0,East Asia,0.0
G016777,0,East Asia,57.88259291251682
G016778,0,Middle East,71.15552564442518
G016779,0,Middle East,0.0
G016780,0,Middle East,0.0
G016781,0,South Asia,47.55242290462148
G016782,0,East Asia,77.86699038511514
G016783,0,East Asia,0.0
G016784,0,South Asia,80.16238110146378
G016785,0,Europe,56.85206596662601
G016786,0,South Asia,70.79052010879192
G016787,0,East Asia,0.0
G016788,0,South Asia,74.28463990585912
G016789,0,North America,58.49563456855398
G016790,0,East Asia,63.712464985042814
G016791,0,Europe,63.84395765548943
G016792,0,Latin America,84.07253264373722
G016793,0,Middle East,52.47558983314218
G016794,0,Africa,91.87805144420899
G016795,0,Middle East,0.0
G016796,0,Middle East,74.28540082213554
G016797,0,Middle East,80.97908243131639
G016798,0,East Asia,61.151274663534124
G016799,0,South Asia,73.26067033672334
G016800,0,East Asia,0.0
G016801,0,North America,88.25052629400113
G016802,0,North America,79.21847607207299
G016803,0,Middle East,72.82428629033313
G016804,0,East Asia,0.0
G016805,0,Europe,56.31935552344539
G016806,0,Middle East,0.0
G016807,0,Africa,74.34739042395354
G016808,0,Europe,74.2837862486451
G016809,0,Europe,47.99395057040995
G016810,0,Southeast Asia,67.95848658013344
G016811,0,Middle East,0.0
G016812,0,East Asia,76.65962427889579
G016813,0,Middle East,85.04976273218927
G016814,0,Europe,40.44909496357224
G016815,0,South Asia,65.83818013191585
G016816,0,Middle East,77.10794680226391
G016817,0,Latin America,62.07137565514535
G016818,0,South Asia,85.61688783399715
G016819,0,East Asia,66.28109114982233
G016820,0,Africa,84.46657745063305
G016821,0,Middle East,61.81434244807561
G016822,0,South Asia,72.67976910415562
G016823,0,Middle East,0.0
G016824,0,South Asia,68.40900544309618
G016825,0,Middle East,94.7867250170089
G016826,0,Latin America,72.17150486811997
G016827,0,Middle East,75.69911777463557
G016828,0,Middle East,73.86690343564749
G016829,0,Middle East,71.91154813231302
G016830,0,Europe,48.60415658849298
G016831,0,Southeast Asia,61.70503031050075
G016832,0,South Asia,0.0
G016833,0,Europe,55.625633916621865
G016834,0,South Asia,76.12548025009036
G016835,0,Middle East,62.2112008305201
G016836,0,North America,42.48517019703895
G016837,0,Middle East,59.77754894972841
G016838,0,North America,64.17088568352389
G016839,0,East Asia,0.0
G016840,0,South Asia,67.90266458922625
G016841,0,Middle East,54.231034291610584
G016842,0,Middle East,68.24255883878469
G016843,0,Middle East,0.0
G016844,0,Europe,68.24113845341856
G016845,0,Europe,0.0
G016846,0,East Asia,0.0
G016847,0,Middle East,0.0
G016848,0,Middle East,57.62296580751105
G016849,0,Southeast Asia,0.0
G016850,0,Latin America,60.870877282738675
G016851,0,Southeast Asia,50.478750592390696
G016852,0,South Asia,74.76725004689982
G016853,0,Middle East,75.71394324759643
G016854,0,South Asia,53.44535337272557
G016855,0,South Asia,70.81903888042407
G016856,0,South Asia,73.47380719202215
G016857,0,South Asia,74.26674398836583
G016858,0,North America,42.54760938167572
G016859,0,North America,94.41002089282148
G016860,0,South Asia,73.34186613488197
G016861,0,Middle East,78.24017314124468
G016862,0,Southeast Asia,70.98829467654227
G016863,0,East Asia,63.78992929410935
G016864,0,North America,64.13264513512632
G016865,0,East Asia,84.05843048256637
G016866,0,Middle East,69.29231695579581
G016867,0,North America,45.96101767551538
G016868,0,Southeast Asia,78.48568823689223
G016869,0,South Asia,60.177080567657946
G016870,0,North America,60.420058201587565
G016871,0,North America,76.87073101651669
G016872,0,North America,75.95134237075575
G016873,0,Europe,48.94094646346569
G016874,0,North America,32.86836768026063
G016875,0,North America,62.67586649990082
G016876,0,Middle East,35.77261194859129
G016877,0,East Asia,77.07813399331769
G016878,0,North America,44.46393546419794
G016879,0,East Asia,0.0
G016880,0,Europe,0.0
G016881,0,South Asia,73.13810841286183
G016882,0,Africa,81.36733980548382
G016883,0,Middle East,75.19785193247145
G016884,0,Latin America,57.89009352647173
G016885,0,South Asia,78.42079712367058
G016886,0,Europe,51.53127072162339
G016887,0,East Asia,0.0
G016888,0,Africa,86.99305340616316
G016889,0,East Asia,0.0
G016890,0,East Asia,59.03390658414365
G016891,0,Middle East,71.7773216512727
G016892,0,Europe,0.0
G016893,0,South Asia,73.58825395810604
G016894,0,East Asia,57.50216466891405
G016895,0,Central & North Asia,56.10974240617138
G016896,0,South Asia,71.3439602932334
G016897,0,North America,50.08106279337044
G016898,0,East Asia,71.32247179993988
G016899,0,South Asia,69.59654850125312
G016900,0,East Asia,0.0
G016901,0,East Asia,0.0
G016902,0,South Asia,78.03886559915543
G016903,0,Middle East,78.34038831520984
G016904,0,East Asia,0.0
G016905,0,Middle East,81.94656091815865
G016906,0,East Asia,0.0
G016907,0,North America,75.89932007461786
G016908,0,South Asia,72.53755680391643
G016909,0,South Asia,0.0
G016910,0,East Asia,84.38783550417244
G016911,0,Middle East,76.05686029940844
G016912,0,South Asia,70.13952408880176
G016913,0,South Asia,77.83377945132554
G016914,0,South Asia,73.83109887331725
G016915,0,East Asia,0.0
G016916,0,East Asia,70.96295883244275
G016917,0,Latin America,70.65700091575854
G016918,0,South Asia,79.00342934149504
G016919,0,East Asia,74.52243636399508
G016920,0,Middle East,73.68416180937399
G016921,0,North America,72.9857456616705
G016922,0,North America,55.10541730470007
G016923,0,South Asia,68.8743071014267
G016924,0,South Asia,82.20135403710063
G016925,0,North America,40.099187045812606
G016926,0,Middle East,0.0
G016927,0,Southeast Asia,45.90155831058098
G016928,0,Europe,47.964614745140075
G016929,0,South Asia,81.66857982539047
G016930,0,East Asia,66.87498141360282
G016931,0,East Asia,0.0
G016932,0,North America,0.0
G016933,0,North America,51.056194093462196
G016934,0,Latin America,82.93027245070718
G016935,0,East Asia,51.802774707674985
G016936,0,North America,0.0
G016937,0,Europe,40.253057323575014
G016938,0,North America,79.97222898716005
G016939,0,East Asia,60.107416059494014
G016940,0,East Asia,53.544143846571444
G016941,0,Middle East,66.2418376752129
G016942,0,Europe,0.0
G016943,0,Africa,79.95834489234288
G016944,0,South Asia,82.08422864192724
G016945,0,East Asia,64.12497453022003
G016946,0,North America,50.091400008055295
G016947,0,Southeast Asia,51.452080567955974
G016948,0,South Asia,78.13724159675476
G016949,0,East Asia,73.77805220869183
G016950,0,North America,56.35511582604682
G016951,0,South Asia,55.580423453961345
G016952,0,Southeast Asia,70.5124473260343
G016953,0,Europe,61.81857097274065
G016954,0,Middle East,78.98635519174374
G016955,0,North America,48.15715932643414
G016956,0,Middle East,87.69715495999158
G016957,0,Middle East,59.9519509845918
G016958,0,Middle East,62.968101578623944
G016959,0,East Asia,69.72731477668881
G016960,0,South Asia,74.67298139989015
G016961,0,Europe,44.82652044842099
G016962,0,Middle East,75.45749332681298
G016963,0,Middle East,0.0
G016964,0,East Asia,0.0
G016965,0,South Asia,60.02161760040846
G016966,0,Europe,49.82417297515363
G016967,0,South Asia,72.46336725485325
G016968,0,North America,71.18002178052022
G016969,0,Middle East,0.0
G016970,0,Southeast Asia,0.0
G016971,0,East Asia,0.0
G016972,0,South Asia,72.57457317423821
G016973,0,Middle East,0.0
G016974,0,Europe,70.67537422669476
G016975,0,South Asia,72.68817133188247
G016976,0,Europe,30.168917384862905
G016977,0,North America,0.0
G016978,0,South Asia,0.0
G016979,0,Middle East,57.36539080031713
G016980,0,Europe,55.187329104183306
G016981,0,North America,0.0
G016982,0,East Asia,62.29092231230483
G016983,0,East Asia,0.0
G016984,0,Europe,52.94473898109794
G016985,0,Europe,0.0
G016986,0,Middle East,63.044093583345415
G016987,0,North America,78.65872233307363
G016988,0,Africa,82.46492381348664
G016989,0,South Asia,66.58271966875682
G016990,0,East Asia,0.0
G016991,0,South Asia,72.57343101279302
G016992,0,Southeast Asia,68.92850152134173
G016993,0,Middle East,72.08269089781696
G016994,0,South Asia,72.83407841758473
G016995,0,North America,53.41618050980568
G016996,0,Middle East,72.09911119318008
G016997,0,Southeast Asia,39.21082337233515
G016998,0,East Asia,0.0
G016999,0,Middle East,0.0
G017000,0,North America,39.62119027483463
G017001,0,North America,0.0
G017002,0,Europe,59.75879974996321
G017003,0,North America,72.55591985460484
G017004,0,North America,75.46362218201162
G017005,0,Europe,23.883239306038075
G017006,0,South Asia,72.43502865463495
G017007,0,Middle East,57.991871575355525
G017008,0,Middle East,0.0
G017009,0,Southeast Asia,70.95004383185145
G017010,0,North America,86.98712806625801
G017011,0,Middle East,76.75129729805931
G017012,0,South Asia,73.44917314380407
G017013,0,North America,47.962682599418095
G017014,0,Middle East,63.196950211089664
G017015,0,Middle East,66.44366235429409
G017016,0,Oceania,48.128594953190195
G017017,0,North America,0.0
G017018,0,Middle East,0.0
G017019,0,Europe,0.0
G017020,0,North America,55.731632060647016
G017021,0,North America,56.280322384052205
G017022,0,North America,60.271919575564795
G017023,0,East Asia,69.29476264812008
G017024,0,Southeast Asia,43.13066693615914
G017025,0,South Asia,71.95104951447611
G017026,0,South Asia,68.8854420944705
G017027,0,Europe,44.70269050290729
G017028,0,Africa,30.76774218177795
G017029,0,Southeast Asia,0.0
G017030,0,Middle East,0.0
G017031,0,Middle East,75.10171917400939
G017032,0,East Asia,0.0
G017033,0,South Asia,53.76279382749218
G017034,0,Middle East,73.69129397363194
G017035,0,Europe,0.0
G017036,0,Europe,58.86676307368278
G017037,0,Europe,0.0
G017038,0,North America,70.77845971681765
G017039,0,South Asia,73.80430795657635
G017040,0,Middle East,0.0
G017041,0,South Asia,87.18510198119915
G017042,0,Middle East,0.0
G017043,0,South Asia,75.30370991802215
G017044,0,East Asia,0.0
G017045,0,East Asia,52.50504450321197
G017046,0,Europe,59.25849457019567
G017047,0,East Asia,71.89135147010467
G017048,0,South Asia,73.86984732133152
G017049,0,North America,79.7053813060522
G017050,0,Middle East,85.62607772468618
G017051,0,Middle East,0.0
G017052,0,North America,76.63023578438073
G017053,0,Latin America,0.0
G017054,0,Middle East,88.61600949691282
G017055,0,South Asia,71.59795030009745
G017056,0,North America,77.9546156060768
G017057,0,Europe,43.66408408296109
G017058,0,Europe,60.08905342269847
G017059,0,East Asia,0.0
G017060,0,Middle East,0.0
G017061,0,South Asia,80.58497877210378
G017062,0,South Asia,72.61367287009774
G017063,0,North America,50.445788264231254
G017064,0,Europe,67.5577288937063
G017065,0,East Asia,63.98063943636417
G017066,0,Europe,53.470516273021694
G017067,0,East Asia,0.0
G017068,0,East Asia,0.0
G017069,0,East Asia,72.10370942640306
G017070,0,Latin America,0.0
G017071,0,South Asia,87.702346375581
G017072,0,East Asia,0.0
G017073,0,South Asia,73.88932270759163
G017074,0,Europe,42.10534665584565
G017075,0,North America,68.77601815760136
G017076,0,South Asia,72.73307455718518
G017077,0,North America,35.175936102086844
G017078,0,East Asia,47.46986147618294
G017079,0,North America,68.08753655350208
G017080,0,Middle East,0.0
G017081,0,Latin America,61.88692579248819
G017082,0,Middle East,0.0
G017083,0,Latin America,62.476072377334944
G017084,0,East Asia,59.38412933254242
G017085,0,Middle East,0.0
G017086,0,East Asia,63.63773447951855
G017087,0,Europe,49.50217970779809
G017088,0,Middle East,0.0
G017089,0,East Asia,0.0
G017090,0,South Asia,74.00285013896226
G017091,0,South Asia,73.81699759012461
G017092,0,East Asia,0.0
G017093,0,East Asia,51.42764228211389
G017094,0,North America,0.0
G017095,0,East Asia,77.51356845756462
G017096,0,North America,65.4925497931242
G017097,0,North America,64.45171689961174
G017098,0,Europe,0.0
G017099,0,Middle East,79.28253945612909
G017100,0,East Asia,59.23997057205439
G017101,0,Europe,52.945815063050304
G017102,0,South Asia,68.67345612746477
G017103,0,Africa,84.51447534783682
G017104,0,Middle East,56.94783735871315
G017105,0,Middle East,54.76961803521804
G017106,0,South Asia,73.46363321595662
G017107,0,East Asia,81.22767510795593
G017108,0,Middle East,88.58524983510375
G017109,0,Middle East,0.0
G017110,0,East Asia,64.91455596297979
G017111,0,South Asia,48.98289000696125
G017112,0,South Asia,72.59501981961726
G017113,0,Europe,47.729013557325715
G017114,0,Europe,59.495384170828444
G017115,0,South Asia,75.75107028379495
G017116,0,East Asia,61.593855839946066
G017117,0,Latin America,87.63185820238519
G017118,0,Africa,92.13808038460304
G017119,0,Middle East,78.70888204741479
G017120,0,North America,64.3725063689947
G017121,0,South Asia,72.22870045810937
G017122,0,North America,45.72654499423505
G017123,0,South Asia,68.42524907552654
G017124,0,Europe,0.0
G017125,0,Europe,52.254027938756074
G017126,0,Middle East,69.41698257746842
G017127,0,Middle East,78.05171036303045
G017128,0,South Asia,63.32907803915847
G017129,0,South Asia,74.4301515184641
G017130,0,East Asia,39.53677629355951
G017131,0,Europe,53.05342664903403
G017132,0,Europe,54.33368511360703
G017133,0,Europe,54.02147706187856
G017134,0,Europe,58.9779839799648
G017135,0,Europe,74.06558051657677
G017136,0,Europe,0.0
G017137,0,North America,53.3274826367371
G017138,0,East Asia,0.0
G017139,0,South Asia,73.97871513999954
G017140,0,East Asia,0.0
G017141,0,South Asia,75.10038958343864
G017142,0,East Asia,0.0
G017143,0,South Asia,87.22194749575853
G017144,0,Europe,72.92952328373988
G017145,0,Africa,81.76282637653478
G017146,0,South Asia,83.27888956695254
G017147,0,East Asia,69.1739556648433
G017148,0,North America,0.0
G017149,0,Europe,0.0
G017150,0,South Asia,66.59466900981015
G017151,0,South Asia,77.21472718715306
G017152,0,North America,29.71679725985816
G017153,0,North America,62.90005868676938
G017154,0,South Asia,73.56760179024934
G017155,0,North America,51.28512825312759
G017156,0,Middle East,71.23724659101892
G017157,0,South Asia,0.0
G017158,0,North America,81.07455197187626
G017159,0,East Asia,57.28153518533708
G017160,0,South Asia,69.84286028540136
G017161,0,Southeast Asia,74.87970360088349
G017162,0,Middle East,78.82955388128306
G017163,0,East Asia,77.69736745042512
G017164,0,Middle East,65.11899624437093
G017165,0,East Asia,0.0
G017166,0,East Asia,74.30228299193492
G017167,0,Europe,57.3116929957808
G017168,0,North America,78.39919892792359
G017169,0,Latin America,0.0
G017170,0,North America,41.692951449632645
G017171,0,Southeast Asia,0.0
G017172,0,South Asia,71.4391444907658
G017173,0,North America,92.79062720732979
G017174,0,Middle East,0.0
G017175,0,South Asia,71.71318626266718
G017176,0,Europe,54.499563068081024
G017177,0,North America,0.0
G017178,0,South Asia,74.43855848623676
G017179,0,South Asia,71.40083361583949
G017180,0,Europe,73.35094793302814
G017181,0,East Asia,72.61268098533154
G017182,0,South Asia,83.58116426005961
G017183,0,South Asia,71.86105790110248
G017184,0,North America,0.0
G017185,0,South Asia,72.74246438401939
G017186,0,Middle East,70.01929040568164
G017187,0,North America,77.97236515504032
G017188,0,Europe,0.0
G017189,0,North America,65.59808394734065
G017190,0,South Asia,68.56167199718952
G017191,0,Oceania,72.74338858547354
G017192,0,East Asia,0.0
G017193,0,South Asia,0.0
G017194,0,Europe,0.0
G017195,0,North America,62.703725083333076
G017196,0,South Asia,70.52724843912414
G017197,0,Middle East,0.0
G017198,0,Europe,0.0
G017199,0,Southeast Asia,0.0
G017200,0,Middle East,73.30034466003738
G017201,0,North America,46.93542657732964
G017202,0,Africa,92.07783403002495
G017203,0,Latin America,76.08643350374699
G017204,0,East Asia,66.1272805429101
G017205,0,South Asia,63.742506125506125
G017206,0,Middle East,69.95073984022034
G017207,0,Southeast Asia,72.28092781805992
G017208,0,Southeast Asia,72.0584493205782
G017209,0,North America,74.52576633901306
G017210,0,Africa,79.94207319951599
G017211,0,North America,86.40184956525492
G017212,0,Southeast Asia,0.0
