pid,label,ahp_score
P00000,1,0.0
P00001,1,64.8993603211373
P00002,1,0.0
P00003,1,0.0
P00004,1,62.13999599135579
P00005,1,60.4720762503463
P00006,1,67.03647990743222
P00007,1,64.3791460080804
P00008,1,62.515090541492526
P00009,1,63.25394729210368
P00010,1,64.89616324985285
P00011,1,63.97072530684766
P00012,1,64.9988036277373
P00013,1,62.125230935893086
P00014,1,68.35146614067683
P00015,1,68.46496170081822
P00016,1,62.704727001519714
P00017,1,67.07357851835812
P00018,1,57.959328447626014
P00019,1,66.4787335196801
P00020,1,75.86843350443269
P00021,1,70.59299190430886
P00022,1,72.46352353528064
P00023,1,65.27795757977401
P00024,1,66.0727128806223
P00025,1,66.7636346902634
P00026,1,72.61698229536805
P00027,1,70.98441106308528
P00028,1,73.78257649037403
P00029,1,74.2759378404038
P00030,1,68.58634891046404
P00031,1,69.94751162144559
P00032,1,72.57371331625596
P00033,1,75.23720619877852
P00034,1,64.93149991208202
P00035,1,65.14031070716224
P00036,1,69.33725805187211
P00037,1,59.78613172342874
P00038,1,54.96614433942179
P00039,1,62.34646884293473
P00040,1,59.04605082123437
P00041,1,52.723992394209795
P00042,1,60.64591548214702
P00043,1,59.80233713213872
P00044,1,62.553266388215825
P00045,1,61.54894009140859
P00046,1,69.1493942778897
P00047,1,67.31414303685054
P00048,1,70.98837052562746
P00049,1,64.96910285829172
P00050,1,67.46528764170982
P00051,1,64.87735706047269
P00052,1,69.6457503071273
P00053,1,61.49192726134301
P00054,1,61.842445961377145
P00055,1,58.36383205813945
P00056,1,57.615718531425145
P00057,1,63.77907655741634
P00058,1,65.92976405735811
P00059,1,60.9662291933176
P00060,1,57.37081615633435
P00061,1,66.90775460087434
P00062,1,75.58382418134457
P00063,1,67.57347081792628
P00064,1,70.71340705692123
P00065,1,69.51832333569804
P00066,1,70.55949859713824
P00067,1,0.0
P00068,1,0.0
P00069,1,74.05211743193266
P00070,1,72.72879532491854
P00071,1,68.93002284458002
P00072,1,60.89648555076661
P00073,1,62.82539736779897
P00074,1,62.05029885555737
P00075,1,65.69044014924542
P00076,1,62.5970335060117
P00077,1,67.56189817984925
P00078,1,70.64702489531423
P00079,1,67.79287135597878
P00080,1,65.90792610384067
P00081,1,63.69796444917536
P00082,1,65.58591875777468
P00083,1,67.92449647531645
P00084,1,65.36162534417602
P00085,1,66.40211683618378
P00086,1,71.81420957513951
P00087,1,71.82507740959878
P00088,1,67.87169532538178
P00089,1,71.92979561119918
P00090,1,82.4880143836404
P00091,1,76.6867888101964
P00092,1,67.6463584593316
P00093,1,77.75142620359095
P00094,1,69.25088275196217
P00095,1,60.71575584302629
P00096,1,74.2006816081503
P00097,1,64.60145596451359
P00098,1,79.68448373383056
P00099,1,62.25203089319875
P00100,1,80.27317563909153
P00101,1,79.10823777734049
P00102,1,72.12943503559627
P00103,1,69.45034734695837
P00104,1,64.44610134951861
P00105,1,75.17125281772078
P00106,1,74.02166746854174
P00107,1,72.5674142740179
P00108,1,70.62419474117816
P00109,1,69.1918761922226
P00110,1,67.14964310333636
P00111,1,82.81220710634949
P00112,1,74.02821536358319
P00113,1,78.31217023258878
P00114,1,82.57393213237405
P00115,1,82.16053893948867
P00116,1,73.04340235835735
P00117,1,73.93525586372174
P00118,1,70.51867782153471
P00119,1,75.11289428509626
P00120,1,77.00629275846232
P00121,1,78.47759093047398
P00122,1,70.08156176018515
P00123,1,81.88233266447708
P00124,1,74.77162000583579
P00125,1,81.12532040282844
P00126,1,79.66504128396421
P00127,1,69.35622681600958
P00128,1,75.03148140482504
P00129,1,81.58814064361324
P00130,1,69.66624416322773
P00131,1,81.68504202384376
P00132,1,80.67588697293188
P00133,1,78.72053593511602
P00134,1,75.6556317752282
P00135,1,69.27998877449531
P00136,1,65.33203267819006
P00137,1,69.72260400938342
P00138,1,65.98806106462905
P00139,1,69.0639186514102
P00140,1,64.94472905424195
P00141,1,68.35792558955401
P00142,1,64.89537377057472
P00143,1,79.17911233545986
P00144,1,73.16585103979341
P00145,1,75.57715116372286
P00146,1,68.47375163729502
P00147,1,70.22914446229181
P00148,1,70.35117233548569
P00149,1,76.13678538419875
P00150,1,76.41583932770733
P00151,1,81.56950969423569
P00152,1,67.17136145836481
P00153,1,65.3114527087284
P00154,1,64.75241805026192
P00155,1,64.0726021074346
P00156,1,71.56873716312153
P00157,1,67.77883916330919
P00158,1,74.66686176535694
P00159,1,72.56940527803809
P00160,1,72.06684243807848
P00161,1,72.35976201668274
P00162,1,67.20076691907838
P00163,1,69.13173693775099
P00164,1,71.486145516869
P00165,1,66.70548606957684
P00166,1,72.55953582823706
P00167,1,66.24073723417968
P00168,1,70.62592590265352
P00169,1,64.4013707927642
P00170,1,75.06342836010784
P00171,1,70.71934542862373
P00172,1,71.86036066314898
P00173,1,72.92614851117834
P00174,1,69.9609387535916
P00175,1,68.99236474980785
P00176,1,74.79743967136672
P00177,1,72.09707707393869
P00178,1,72.34818369576101
P00179,1,75.35917395694045
P00180,1,70.10056330432803
P00181,1,71.47040863794116
P00182,1,78.39251050825406
P00183,1,72.49321438648327
P00184,1,76.89611695231264
P00185,1,71.54416873710119
P00186,1,74.55041958640406
P00187,1,71.3763854774615
P00188,1,72.23153364833331
P00189,1,71.1027305823712
P00190,1,75.68499145657623
P00191,1,73.77916662213124
P00192,1,67.57652279827711
P00193,1,72.37218522741662
P00194,1,76.02809986425197
P00195,1,71.47298904849968
P00196,1,81.16634339309485
P00197,1,0.0
P00198,1,0.0
P00199,1,0.0
P00200,1,0.0
P00201,1,72.00256095576302
P00202,1,67.1013568101641
P00203,1,70.90383992273898
P00204,1,64.7950694359991
P00205,1,73.47002474551037
P00206,1,71.63942372394322
P00207,1,72.46218653785334
P00208,1,60.07234315311094
P00209,1,66.35950815278989
P00210,1,72.40133706460477
P00211,1,72.1357854482385
P00212,1,73.21176738804252
P00213,1,74.02232374861799
P00214,1,70.88012487479348
P00215,1,71.60140749817117
P00216,1,72.0600938250056
P00217,1,74.74087310845772
P00218,1,69.05388133543207
P00219,1,75.24159687557128
P00220,1,74.35055658132423
P00221,1,69.72192555174924
P00222,1,70.80682444768763
P00223,1,73.25867016284288
P00224,1,72.6620759895036
P00225,1,73.93874891741248
P00226,1,70.86631928123747
P00227,1,71.22876446426136
P00228,1,66.29288499426819
P00229,1,72.01690799497199
P00230,1,70.56213039190374
P00231,1,73.21233382284281
P00232,1,72.73392189566667
P00233,1,74.54380503193448
P00234,1,78.76826858576868
P00235,1,75.3898006207151
P00236,1,67.30503531004459
P00237,1,71.02587286582943
P00238,1,65.66090051466847
P00239,1,70.46381245137692
P00240,1,73.22815829304979
P00241,1,72.60406435650533
P00242,1,62.74812403098302
P00243,1,65.20268510866576
P00244,1,60.80547132072449
P00245,1,61.2591237310125
P00246,1,66.05225429232468
P00247,1,77.98619045136155
P00248,1,68.32719222242739
P00249,1,67.51111200495843
P00250,1,66.9841028245943
P00251,1,62.22092764228305
P00252,1,67.60815763146316
P00253,1,76.49413441466572
P00254,1,76.73935116227143
P00255,1,79.44395016431324
P00256,1,76.57352109350643
P00257,1,77.42233238184328
P00258,1,74.8219867865199
P00259,1,68.31580522225379
P00260,1,69.09813193546526
P00261,1,67.96178921261709
P00262,1,66.89221709034237
P00263,1,69.15079990145654
P00264,1,70.97830810308643
P00265,1,73.96806926902052
P00266,1,68.87875381050294
P00267,1,67.17413473359943
P00268,1,67.45686286069076
P00269,1,69.31056125710613
P00270,1,64.46483353899683
P00271,1,73.49336370156709
P00272,1,69.10865647989482
P00273,1,68.73195159633434
P00274,1,67.15233332369205
P00275,1,75.58078434482296
P00276,1,72.27712951460228
P00277,1,75.3757778479094
P00278,1,73.11085284773559
P00279,1,69.4125345711589
P00280,1,73.83428371280225
P00281,1,73.1841199856434
P00282,1,74.30709006585451
P00283,1,72.9261345828817
P00284,1,73.56806085735121
P00285,1,67.65003085624805
P00286,1,72.27272905170743
P00287,1,72.20775793352776
P00288,1,74.47802591722002
P00289,1,72.27887614222789
P00290,1,74.88716697992103
P00291,1,74.18017969278561
P00292,1,74.23326995188533
P00293,1,77.21609966315452
P00294,1,74.83326460185764
P00295,1,73.76661855779383
P00296,1,76.5597532587714
P00297,1,76.08032468912606
P00298,1,75.71068301886896
P00299,1,72.39981053710184
P00300,1,76.8305032382676
P00301,1,73.18116437620877
P00302,1,71.81603331115524
P00303,1,75.48354879187482
P00304,1,70.60924142049039
P00305,1,74.45346237074894
P00306,1,75.74216011054753
P00307,1,74.5793672941763
P00308,1,75.13321420378308
P00309,1,74.04474487058096
P00310,1,66.13235224587739
P00311,1,68.85632192647175
P00312,1,69.52089299606078
P00313,1,70.73319148286687
P00314,1,67.49085589343939
P00315,1,68.07417090003867
P00316,1,68.86283490685233
P00317,1,69.03361053383462
P00318,1,68.9981298702954
P00319,1,69.27095045996424
P00320,1,70.9292502756607
P00321,1,72.68747649611828
P00322,1,68.90609638126156
P00323,1,71.64089026759841
P00324,1,69.16950578872022
P00325,1,68.08175175418711
P00326,1,71.14250872754435
P00327,1,72.22342040175036
P00328,1,68.52164715053061
P00329,1,65.01929793577722
P00330,1,68.76323416938327
P00331,1,68.26389464472464
P00332,1,68.31421429623686
P00333,1,69.83602056559448
P00334,1,66.32642104158629
P00335,1,70.59207302968365
P00336,1,70.37344423641572
P00337,1,67.03146726331855
P00338,1,68.78442103872318
P00339,1,70.51681900474361
P00340,1,70.57677122611634
P00341,1,73.84773139089893
P00342,1,69.74722561873807
P00343,1,72.36101176012309
P00344,1,70.4366307058548
P00345,1,75.9729000236433
P00346,1,73.9982911671455
P00347,1,71.99072283788097
P00348,1,73.89052813454407
P00349,1,73.58178024553739
P00350,1,70.31847849171655
P00351,1,73.08803227470881
P00352,1,73.55624353553677
P00353,1,73.55629867209352
P00354,1,74.50636872883032
P00355,1,74.58640839019336
P00356,1,70.45806309261515
P00357,1,73.7916617364483
P00358,1,75.22279359809116
P00359,1,77.0058252177127
P00360,1,72.86281364309566
P00361,1,74.40253166293556
P00362,1,70.6095744260801
P00363,1,67.69058346122723
P00364,1,74.51895589645434
P00365,1,75.50322671289582
P00366,1,75.11932605832084
P00367,1,73.85723762768266
P00368,1,74.33164729202804
P00369,1,74.6563020991353
P00370,1,69.84416533059223
P00371,1,71.2741197874331
P00372,1,67.64067077564933
P00373,1,74.76899275180565
P00374,1,74.20056560227228
P00375,1,75.32705662604833
P00376,1,75.34196829419709
P00377,1,71.54661515924055
P00378,1,68.2436222808289
P00379,1,67.0674767326775
P00380,1,69.70775682437646
P00381,1,71.2241949689102
P00382,1,67.81734625404951
P00383,1,68.36364194695773
P00384,1,69.46078727331164
P00385,1,70.07681530743561
P00386,1,67.7507536728726
P00387,1,72.3725093829268
P00388,1,84.1940916609571
P00389,1,82.55915524530319
P00390,1,87.03081106523733
P00391,1,81.52065886031669
P00392,1,84.80749348348645
P00393,1,84.57186220433172
P00394,1,77.52322993980786
P00395,1,84.08310196717636
P00396,1,84.73900753853076
P00397,1,82.18336717258873
P00398,1,79.84008644057015
P00399,1,82.53179758498533
P00400,1,77.72394685810394
P00401,1,82.90009750546668
P00402,1,84.76909869855488
P00403,1,81.92820333171915
P00404,1,82.94719704188815
P00405,1,79.08012216567927
P00406,1,83.1557451099647
P00407,1,78.50878769628046
P00408,1,68.60055270433648
P00409,1,69.01664243496619
P00410,1,68.6226288864205
P00411,1,66.4842363262245
P00412,1,72.45239103976886
P00413,1,68.51249698870598
P00414,1,63.70671129602306
P00415,1,70.55326421820854
P00416,1,69.9886768144282
P00417,1,70.24473244363122
P00418,1,72.05583562569474
P00419,1,67.25049093970033
P00420,1,72.5067886703415
P00421,1,68.34597476604478
P00422,1,68.88545498986043
P00423,1,68.26516664639392
P00424,1,68.83786628617997
P00425,1,70.05928657757222
P00426,1,72.68489055936325
P00427,1,68.73110365163471
P00428,1,72.10861024066637
P00429,1,75.0739278533077
P00430,1,72.67234207468482
P00431,1,69.82984349865353
P00432,1,75.19158688944826
P00433,1,73.24403105255354
P00434,1,81.24809842258828
P00435,1,72.67234161588598
P00436,1,72.1460236280124
P00437,1,74.18130650605063
P00438,1,69.73511305393848
P00439,1,71.48351428427677
P00440,1,67.05066893631755
P00441,1,68.3877232141247
P00442,1,71.5516820655733
P00443,1,71.78951626034116
P00444,1,66.56939253034592
P00445,1,69.58527622938563
P00446,1,69.4722732417001
P00447,1,69.01329739376334
P00448,1,70.2943433326299
P00449,1,72.84114827275894
P00450,1,71.44008385309128
P00451,1,68.09604304408688
P00452,1,69.08466142034624
P00453,1,69.14247703760327
P00454,1,69.82872499322114
P00455,1,68.88348725622033
P00456,1,65.85832321893729
P00457,1,71.16542335929319
P00458,1,71.2676543019978
P00459,1,65.33562480449991
P00460,1,63.82760381131517
P00461,1,70.35636861197942
P00462,1,70.42246657006463
P00463,1,75.83406584097997
P00464,1,82.48589413898105
P00465,1,81.41972607961462
P00466,1,69.51255722788368
P00467,1,70.8487630548354
P00468,1,69.01529780580859
P00469,1,69.08272269224949
P00470,1,68.36912982673138
P00471,1,71.6504246874353
P00472,1,67.36563460627896
P00473,1,69.19783854391328
P00474,1,70.70877317512037
P00475,1,70.72808201374528
P00476,1,62.97606426843686
P00477,1,70.50002733126807
P00478,1,81.34615202622017
P00479,1,80.66931018671387
P00480,1,75.99268840394092
P00481,1,78.7838533608322
P00482,1,77.93992529496774
P00483,1,79.12783182941226
P00484,1,75.98808702505822
P00485,1,77.4530953474542
P00486,1,80.91129037610429
P00487,1,80.5813499470379
P00488,1,82.10085783202618
P00489,1,73.11084292863762
P00490,1,81.49530236162036
P00491,1,70.70716998773212
P00492,1,80.13779920299444
P00493,1,82.50151695275002
P00494,1,78.36856148285489
P00495,1,84.03497254470687
P00496,1,76.29842269181768
P00497,1,79.8349450907717
P00498,1,71.97616131085239
P00499,1,71.95901339919955
P00500,1,72.60294715712354
P00501,1,72.56618684586392
P00502,1,69.89555558161662
P00503,1,72.72857993230222
P00504,1,74.41200804447227
P00505,1,74.45938311900507
P00506,1,75.38561869915277
P00507,1,70.35604962455855
P00508,1,68.13101671316039
P00509,1,72.91536862830748
P00510,1,71.53732115927457
P00511,1,74.32236242938862
P00512,1,72.78747560404764
P00513,1,82.35131962654776
P00514,1,71.79484735528828
P00515,1,72.73933926203466
P00516,1,73.8731323488282
P00517,1,71.63767753894625
P00518,1,78.437543834912
P00519,1,73.88785416448636
P00520,1,73.18048456004374
P00521,1,72.44486526512604
P00522,1,81.38089509835709
P00523,1,81.5891073440319
P00524,1,71.15627083530941
P00525,1,67.016360171024
P00526,1,69.1459557994338
P00527,1,69.36776219247147
P00528,1,64.74546349863098
P00529,1,66.52719867760692
P00530,1,73.15536087758126
P00531,1,70.43705517472995
P00532,1,64.5232228060078
P00533,1,63.94077107186244
P00534,1,71.24850396866789
P00535,1,68.40586957511834
P00536,1,67.31877944754504
P00537,1,66.7545799920857
P00538,1,65.16160138306886
P00539,1,65.88553744692341
P00540,1,80.93919648344969
P00541,1,71.67353715220209
P00542,1,67.88378370540397
P00543,1,82.38064674613634
P00544,1,80.51668725804079
P00545,1,81.18270600813867
P00546,1,78.91356393008422
P00547,1,80.51876178049729
P00548,1,76.18465761926593
P00549,1,76.70436799995848
P00550,1,82.8614802236703
P00551,1,69.96621428154943
P00552,1,73.36890679729606
P00553,1,73.56249437653179
P00554,1,74.28425440980621
P00555,1,80.73536203695163
P00556,1,79.54336949293655
P00557,1,74.26819395035136
P00558,1,76.46849826737126
P00559,1,84.40533138174331
P00560,1,77.17678833173512
P00561,1,72.42450495964931
P00562,1,76.7827338872833
P00563,1,72.5940798962783
P00564,1,78.87881208391788
P00565,1,76.2611718732887
P00566,1,70.7434892405879
P00567,1,69.96859857999776
P00568,1,74.13405921968554
P00569,1,71.57578932418339
P00570,1,70.23236714344957
P00571,1,75.23791762262843
P00572,1,74.11365675278967
P00573,1,75.55102619962474
P00574,1,73.76324023282356
P00575,1,71.5726000006829
P00576,1,74.29457608793491
P00577,1,79.16493403024354
P00578,1,76.25838433057392
P00579,1,80.14354152043043
P00580,1,74.88331480978827
P00581,1,72.67286540091031
P00582,1,74.72884677463671
P00583,1,78.78140078570759
P00584,1,72.39945480927341
P00585,1,76.19684650391977
P00586,1,74.05210242332119
P00587,1,76.40466950141168
P00588,1,76.88596339153747
P00589,1,81.61410631279918
P00590,1,76.22293543570841
P00591,1,76.8884997308377
P00592,1,76.2921170386416
P00593,1,76.58905942815986
P00594,1,75.5132211594429
P00595,1,74.76304371280145
P00596,1,76.59386163698291
P00597,1,76.72405738623812
P00598,1,73.58989713931052
P00599,1,83.54543433879365
P00600,1,82.87966107118547
P00601,1,76.55122257469843
P00602,1,72.3687954438877
P00603,1,84.74743292202825
P00604,1,73.23281045574036
P00605,1,71.00458050394349
P00606,1,74.54896943341512
P00607,1,74.25887330014254
P00608,1,68.89695998393186
P00609,1,66.25990228049736
P00610,1,64.90909074605383
P00611,1,64.89685847445209
P00612,1,72.26833426547977
P00613,1,73.29961306945088
P00614,1,69.51844749890691
P00615,1,75.59481670579893
P00616,1,73.56999271740618
P00617,1,73.60093820513445
P00618,1,70.31540649342794
P00619,1,71.89804522565069
P00620,1,73.82413631024532
P00621,1,72.92455262680278
P00622,1,72.58002866507232
P00623,1,73.64286695572471
P00624,1,0.0
P00625,1,0.0
P00626,1,71.99043654181824
P00627,1,70.70724811833622
P00628,1,70.84053970575046
P00629,1,72.16648794147383
P00630,1,71.91951120462093
P00631,1,72.9684132497846
P00632,1,71.58053158581917
P00633,1,70.28432932457498
P00634,1,80.78202602672965
P00635,1,70.03556750816549
P00636,1,77.7738504931329
P00637,1,79.67754791642659
P00638,1,72.85432518357813
P00639,1,73.5367727771891
P00640,1,73.82203357304336
P00641,1,70.33212276111975
P00642,1,60.374215006880206
P00643,1,63.918172694438944
P00644,1,70.88577573403704
P00645,1,74.32520866312278
P00646,1,75.51884473270546
P00647,1,69.3151234558102
P00648,1,64.34556654213267
P00649,1,75.01264556682898
P00650,1,74.5077839382927
P00651,1,72.73534276426102
P00652,1,73.19280543217333
P00653,1,72.72272113244739
P00654,1,74.62134467015315
P00655,1,75.05151953209828
P00656,1,74.67312905302006
P00657,1,79.63163460845811
P00658,1,76.56216802953982
P00659,1,73.84873303031637
P00660,1,73.86130076354279
P00661,1,72.78700879609055
P00662,1,74.24492445947128
P00663,1,74.59639739929312
P00664,1,72.79411962074519
P00665,1,70.40616206480854
P00666,1,72.05519181791415
P00667,1,77.22417971982209
P00668,1,76.62109180075149
P00669,1,72.64999924124
P00670,1,80.7289473353329
P00671,1,73.54789644182286
P00672,1,73.5555930498045
P00673,1,80.8698113914804
P00674,1,77.8977228015815
P00675,1,77.62321410470527
P00676,1,76.15602031812956
P00677,1,66.7585522644048
P00678,1,71.73583443615334
P00679,1,73.14995450786584
P00680,1,69.88614343261534
P00681,1,69.89841062246708
P00682,1,70.24403371681606
P00683,1,78.26133226180158
P00684,1,73.49648357111398
P00685,1,73.92893699780947
P00686,1,75.74096409805729
P00687,1,74.37420622271448
P00688,1,75.57813070197169
P00689,1,73.39914508581731
P00690,1,76.40074679916593
P00691,1,74.13343496563456
P00692,1,75.79529440022881
P00693,1,78.24560321990938
P00694,1,74.44692718991683
P00695,1,73.91731515957512
P00696,1,71.28831408466047
P00697,1,75.46138970011373
P00698,1,76.66692623655945
P00699,1,66.5036877250905
P00700,1,72.59425861068476
P00701,1,76.35330082154823
P00702,1,72.77013788456208
P00703,1,66.56056586523594
P00704,1,70.45951666045613
P00705,1,79.56643850026404
P00706,1,82.19419348487352
P00707,1,80.56856743919697
P00708,1,72.4408077723951
P00709,1,73.20702420124276
P00710,1,69.20589771158686
P00711,1,68.70895045447418
P00712,1,69.98499628242507
P00713,1,70.31642022479035
P00714,1,75.10429270120228
P00715,1,68.54570650522808
P00716,1,68.70593472957674
P00717,1,75.04832309573267
P00718,1,73.74364236250767
P00719,1,72.34079757814811
P00720,1,72.25441328178454
P00721,1,72.77036165984808
P00722,1,72.70231454423144
P00723,1,70.36595360827557
P00724,1,72.87409000429169
P00725,1,73.93212389892237
P00726,1,73.94866774309487
P00727,1,68.77416269966973
P00728,1,72.6021602482078
P00729,1,74.22382383672215
P00730,1,69.69921475724195
P00731,1,76.26041879812185
P00732,1,76.41145224771158
P00733,1,74.13781535475765
P00734,1,73.89913650235316
P00735,1,75.40056267288286
P00736,1,76.28846019043034
P00737,1,77.17483159944133
P00738,1,74.08293214673776
P00739,1,77.51512272080043
P00740,1,73.08435356776631
P00741,1,68.53517650747747
P00742,1,71.25517892036625
P00743,1,72.55309844034595
P00744,1,66.68661729521455
P00745,1,72.77485591632706
P00746,1,71.33487308438801
P00747,1,75.29592973772154
P00748,1,75.77671483568706
P00749,1,76.69151059331884
P00750,1,74.74967268849896
P00751,1,0.0
P00752,1,0.0
P00753,1,71.62498334798781
P00754,1,71.63114498666899
P00755,1,71.07227715038243
P00756,1,72.75399135908732
P00757,1,72.5363951024655
P00758,1,73.5487845315268
P00759,1,72.2503941311937
P00760,1,73.25794524173679
P00761,1,70.51058373131339
P00762,1,77.51017975202328
P00763,1,77.85898996673386
P00764,1,75.51814095039225
P00765,1,76.84375861301662
P00766,1,75.4482796374784
P00767,1,77.48946697789178
P00768,1,75.14834528161788
P00769,1,77.32745438078688
P00770,1,73.14127810714288
P00771,1,76.75285180222873
P00772,1,75.74447316702488
P00773,1,76.96619668898676
P00774,1,71.93190377688083
P00775,1,75.51995155952687
P00776,1,75.73148197509494
P00777,1,69.68535121901881
P00778,1,71.24285345982005
P00779,1,74.25766538047061
P00780,1,60.70462203695995
P00781,1,74.30676894411648
P00782,1,79.13299060726257
P00783,1,72.5094268028601
P00784,1,78.22441542351388
P00785,1,73.8187858855818
P00786,1,78.0171053390055
P00787,1,74.7241167500931
P00788,1,72.75549518244725
P00789,1,74.62899497683301
P00790,1,73.51087254191616
P00791,1,73.55664870826195
P00792,1,73.63367308570179
P00793,1,77.54900192180911
P00794,1,77.85850075310414
P00795,1,74.1606210133432
P00796,1,72.99709872697252
P00797,1,77.59432599367464
P00798,1,77.39150991106804
P00799,1,75.20865635434811
P00800,1,75.91936184506766
P00801,1,82.57231830876619
P00802,1,66.75847415882703
P00803,1,63.18663720432125
P00804,1,70.91330863488328
P00805,1,75.4252078618866
P00806,1,75.64049461371957
P00807,1,65.76227083039674
P00808,1,66.75582729664734
P00809,1,71.07021356803254
P00810,1,72.94012588012761
P00811,1,66.58350680747918
P00812,1,66.742937655495
P00813,1,73.0055803967446
P00814,1,74.13292548236873
P00815,1,72.50405241686514
P00816,1,70.99936346306139
P00817,1,77.07007828704393
P00818,1,76.10599987972964
P00819,1,75.42204448435722
P00820,1,68.8817297721566
P00821,1,76.55657098625419
P00822,1,73.33715834105409
P00823,1,75.5706249837955
P00824,1,73.20608159554216
P00825,1,72.46636880058617
P00826,1,69.63105065838806
P00827,1,75.98210274930427
P00828,1,75.24968533195559
P00829,1,73.65742414175612
P00830,1,70.05434073429267
P00831,1,69.50000994173334
P00832,1,73.66388107617428
P00833,1,74.04554557174168
P00834,1,68.44024024977335
P00835,1,73.112426185813
P00836,1,75.08099047243323
P00837,1,68.51679645082605
P00838,1,78.53748903188117
P00839,1,85.5378750809525
P00840,1,82.8770731279451
P00841,1,79.75804454200583
P00842,1,74.14506284377555
P00843,1,73.46709582178987
P00844,1,76.41734765552182
P00845,1,78.13173317192708
P00846,1,76.10651667204421
P00847,1,72.20274743246688
P00848,1,77.0895119609777
P00849,1,74.48941789970675
P00850,1,79.73523636495786
P00851,1,81.32149785816142
P00852,1,73.17962386504344
P00853,1,84.75927239466505
P00854,1,76.31093875559085
P00855,1,85.11409936438099
P00856,1,75.20582704102895
P00857,1,83.13304636850343
P00858,1,70.65501791716699
P00859,1,76.38033164323357
P00860,1,71.48075762208258
P00861,1,66.13015984908071
P00862,1,69.24297376982358
P00863,1,70.81876248561167
P00864,1,72.02001154837755
P00865,1,68.18093172426205
P00866,1,69.43513615811959
P00867,1,80.32449637190666
P00868,1,76.48018896342506
P00869,1,77.38021203882482
P00870,1,74.93781459757648
P00871,1,76.2656479297661
P00872,1,72.2116179995218
P00873,1,72.00347649000679
P00874,1,76.32114129110671
P00875,1,71.73396868292254
P00876,1,70.28853047926239
P00877,1,73.74219014341762
P00878,1,72.14816469986252
P00879,1,73.37438413471106
P00880,1,71.71582679317254
P00881,1,73.42897073750078
P00882,1,65.6361562778278
P00883,1,68.84870161506672
P00884,1,71.67567420861558
P00885,1,69.64137660523458
P00886,1,67.48427256130715
P00887,1,72.79221409956452
P00888,1,71.78928983723392
P00889,1,75.16124580009253
P00890,1,68.64417751493012
P00891,1,76.9835093495397
P00892,1,72.22864685382264
P00893,1,71.48133802100247
P00894,1,73.71797983682875
P00895,1,71.35607727846534
P00896,1,71.98255302806214
P00897,1,74.5588642467461
P00898,1,70.95804688743586
P00899,1,74.99715859860355
P00900,1,73.23917177386802
P00901,1,72.04978233390689
P00902,1,75.77255331307306
P00903,1,71.81266076341078
P00904,1,75.24318986631738
P00905,1,78.08919455118239
P00906,1,77.0252475793378
P00907,1,73.05550816968545
P00908,1,70.42247900179042
P00909,1,75.55536314797482
P00910,1,68.99227699804766
P00911,1,70.76664341339118
P00912,1,69.6314197294227
P00913,1,77.232864281451
P00914,1,71.03830825379343
P00915,1,76.91952972027462
P00916,1,75.174356721623
P00917,1,77.53032727982846
P00918,1,76.7392859204344
P00919,1,77.13943121421548
P00920,1,71.17474179399926
P00921,1,75.23212095301155
P00922,1,73.81599656514885
P00923,1,74.21858270939396
P00924,1,77.53288496059737
P00925,1,72.67739115925662
P00926,1,75.36443140938812
P00927,1,74.50815301650793
P00928,1,69.6154804038287
P00929,1,76.77835306313598
P00930,1,72.09054841022203
P00931,1,69.9580863931765
P00932,1,73.50080637601266
P00933,1,66.22546989454729
P00934,1,76.19128399028602
P00935,1,70.77016326237133
P00936,1,67.10849760745981
P00937,1,69.21018665111608
P00938,1,80.89261576475616
P00939,1,72.23099190462656
P00940,1,72.58618425715409
P00941,1,76.41650397862439
P00942,1,77.5743779271116
P00943,1,77.00279657658746
P00944,1,73.70202377640173
P00945,1,79.03023458843312
P00946,1,78.94630196508642
P00947,1,83.19212913153854
P00948,1,76.20900626354388
P00949,1,77.68333890839811
P00950,1,72.31926062267353
P00951,1,74.46455896866183
P00952,1,82.58821770269071
P00953,1,80.87684361823564
P00954,1,71.56477831023432
P00955,1,72.26067459560426
P00956,1,73.74568288802894
P00957,1,72.29312117911924
P00958,1,75.9217759267245
P00959,1,79.18570575446799
P00960,1,84.1395140408038
P00961,1,84.98854595656073
P00962,1,75.49753170166905
P00963,1,70.35897625121297
P00964,1,71.44425164371783
P00965,1,74.92324521836774
P00966,1,67.16540029727415
P00967,1,72.28193216434936
P00968,1,74.56459086258565
P00969,1,66.31028916832035
P00970,1,76.03105780377057
P00971,1,68.53611605428202
P00972,1,78.08870669416167
P00973,1,69.72608930067771
P00974,1,73.32650241100265
P00975,1,71.58877514665345
P00976,1,74.23670283664
P00977,1,67.39416463067069
P00978,1,75.43755355144388
P00979,1,70.48402379830108
P00980,1,73.07592957348841
P00981,1,77.24099029848098
P00982,1,74.94403634984194
P00983,1,67.82968949299054
P00984,1,72.05361189385503
P00985,1,71.1741603540155
P00986,1,73.39023236267754
P00987,1,72.90299664900387
P00988,1,74.13865737857677
P00989,1,67.21076556495188
P00990,1,76.01845888654515
P00991,1,75.82252361431708
P00992,1,73.1796751020238
P00993,1,66.80082702948117
P00994,1,71.03824462337612
P00995,1,65.41268720121447
P00996,1,70.26184020807568
P00997,1,70.64005658448428
P00998,1,67.0892492116111
P00999,1,72.48146484865337
P01000,1,68.98954013817213
P01001,1,70.68403043932285
P01002,1,72.60223628394819
P01003,1,71.73541481548648
P01004,1,73.8820731759091
P01005,1,72.26932612910099
P01006,1,73.8498762747915
P01007,1,70.79672621285357
P01008,1,70.67246984968436
P01009,1,75.65717678781589
P01010,1,71.18603279168548
P01011,1,73.27870400464742
P01012,1,70.94046804943852
P01013,1,67.31524108070744
P01014,1,72.77909228075885
P01015,1,77.19156753157968
P01016,1,69.54351638363163
P01017,1,65.8325996531131
P01018,1,73.08464900630928
P01019,1,73.85316039623972
P01020,1,70.28588501469459
P01021,1,73.34899192389933
P01022,1,70.25921256324602
P01023,1,69.0206901923405
P01024,1,70.90211209060043
P01025,1,68.26704000015494
P01026,1,71.63025815963131
P01027,1,74.24562379669814
P01028,1,73.33013700683053
P01029,1,72.5408610533566
P01030,1,71.93728924970304
P01031,1,71.8232867954531
P01032,1,72.03368763732159
P01033,1,74.22043928321969
P01034,1,70.2790768999482
P01035,1,72.07554181248574
P01036,1,70.53082499462064
P01037,1,71.42348249442612
P01038,1,69.95931623858476
P01039,1,66.99540580548552
P01040,1,71.42613624130189
P01041,1,71.11313212699775
P01042,1,71.83620845524965
P01043,1,76.11278956023057
P01044,1,71.18355162952399
P01045,1,71.78112704098315
P01046,1,75.25974780628188
P01047,1,70.93951176959526
P01048,1,73.77866159472073
P01049,1,74.36583660454617
P01050,1,69.87515493289945
P01051,1,69.93901084819475
P01052,1,70.87911784071584
P01053,1,68.97077614653014
P01054,1,67.91793507922618
P01055,1,65.64884929704091
P01056,1,73.57809493279737
P01057,1,67.41651327703848
P01058,1,70.5238945742802
P01059,1,68.36263099549392
P01060,1,71.61710286446386
P01061,1,73.41919625371297
P01062,1,63.93595741178476
P01063,1,65.23754110737445
P01064,1,68.21867821962347
P01065,1,70.09643613894306
P01066,1,70.15895793890739
P01067,1,71.85976624439832
P01068,1,72.46280480817138
P01069,1,63.110154226112456
P01070,1,65.9436473168276
P01071,1,65.95154032413274
P01072,1,62.90939960947131
P01073,1,64.31880432785361
P01074,1,66.42137081495956
P01075,1,74.11797703321497
P01076,1,65.26740168013859
P01077,1,71.52054554267485
P01078,1,75.43860555429649
P01079,1,71.71629239377378
P01080,1,75.31677715920435
P01081,1,67.88837331968038
P01082,1,69.1200638668153
P01083,1,72.30648768914762
P01084,1,66.1326275772006
P01085,1,65.4102370148231
P01086,1,71.06063099447941
P01087,1,72.48325421866538
P01088,1,70.02413592904551
P01089,1,69.54805880346944
P01090,1,74.01054682540868
P01091,1,70.29912266799458
P01092,1,70.53231961203103
P01093,1,72.31437151461687
P01094,1,78.18936677256735
P01095,1,83.89419892152016
P01096,1,81.44612186040666
P01097,1,80.3726768616365
P01098,1,81.57842666398544
P01099,1,81.17200082649885
P01100,1,82.34463082995698
P01101,1,81.25774899504651
P01102,1,79.87362755811651
P01103,1,80.40725245820815
P01104,1,80.32653223556525
P01105,1,78.36158049286806
P01106,1,81.43239110525346
P01107,1,79.69612786468801
P01108,1,75.99816637574304
P01109,1,81.91766812704533
P01110,1,80.95295461927215
P01111,1,80.69309066691305
P01112,1,71.41250517412891
P01113,1,69.47674935720602
P01114,1,76.51421546631495
P01115,1,81.52709964451236
P01116,1,72.85181826162072
P01117,1,78.98440341453015
P01118,1,71.25637847219019
P01119,1,70.93056344749044
P01120,1,70.59783583712249
P01121,1,81.15561137381674
P01122,1,80.2353289884316
P01123,1,75.9508605353016
P01124,1,81.21464452220181
P01125,1,82.5087082453027
P01126,1,68.65409290322468
P01127,1,79.32127992739268
P01128,1,77.56763430953217
P01129,1,76.74244403597619
P01130,1,78.75046492378306
P01131,1,68.90023261732078
P01132,1,81.82723359976434
P01133,1,78.58047746474789
P01134,1,71.8882100304592
P01135,1,74.01334471302337
P01136,1,78.2961324605189
P01137,1,71.03685024887656
P01138,1,72.56101926590266
P01139,1,67.49122569782011
P01140,1,70.14865621914078
P01141,1,74.86930392107496
P01142,1,75.0726064203369
P01143,1,75.31932662447714
P01144,1,80.34995014710688
P01145,1,72.9467132801089
P01146,1,72.65305169627592
P01147,1,69.87097822121832
P01148,1,77.7049057687569
P01149,1,80.63672132822553
P01150,1,71.77749797363074
P01151,1,69.17363845769484
P01152,1,72.84530976439714
P01153,1,72.86093530393558
P01154,1,82.81321048389258
P01155,1,70.63221277317041
P01156,1,69.8896673505037
P01157,1,70.3274590894168
P01158,1,70.97880094062863
P01159,1,76.45836785645275
P01160,1,73.96499382839376
P01161,1,73.44104846549769
P01162,1,68.34305879968504
P01163,1,63.43226139256534
P01164,1,66.37668398569157
P01165,1,70.82990664254525
P01166,1,59.269773201498296
P01167,1,66.79145618626777
P01168,1,70.95615633455962
P01169,1,69.70298598155065
P01170,1,64.56207125950031
P01171,1,63.83445021924904
P01172,1,73.1720453426186
P01173,1,70.92807501761655
P01174,1,62.38856933714536
P01175,1,75.80471307152227
P01176,1,69.59177158845256
P01177,1,64.5001109714132
P01178,1,65.3463946443204
P01179,1,64.39453234647469
P01180,1,74.76714023123408
P01181,1,68.17168793126518
P01182,1,72.40788725417251
P01183,1,74.09044651511762
P01184,1,70.00872538650027
P01185,1,68.29950764150097
P01186,1,74.1370549926781
P01187,1,70.39793634048289
P01188,1,70.84685974661106
P01189,1,74.35295316902535
P01190,1,73.54880345043576
P01191,1,73.56387484622024
P01192,1,67.50050293910037
P01193,1,70.22742330975625
P01194,1,68.85170653826677
P01195,1,73.12634676018817
P01196,1,72.23430970999061
P01197,1,72.0972180316416
P01198,1,69.0214739788138
P01199,1,72.42864960209513
P01200,1,75.97670369392866
P01201,1,68.11597997684234
P01202,1,70.21306499359781
P01203,1,70.10875530500886
P01204,1,71.592592621709
P01205,1,77.75338410599394
P01206,1,75.21939998127343
P01207,1,70.85160928187982
P01208,1,77.56508445174974
P01209,1,73.54127951398722
P01210,1,69.09962959213303
P01211,1,72.49272427497885
P01212,1,70.37553504742448
P01213,1,72.36859195432055
P01214,1,71.86702665759819
P01215,1,72.29854325069427
P01216,1,70.28153865431734
P01217,1,72.00407095331823
P01218,1,73.46083254467028
P01219,1,70.71369052577701
P01220,1,73.51946750670956
P01221,1,76.0843053386025
P01222,1,71.60532362256893
P01223,1,70.13600559328803
P01224,1,74.24382144733721
P01225,1,73.04837078725465
P01226,1,74.19876826321028
P01227,1,72.02531115586591
P01228,1,78.72204459981987
P01229,1,80.85375022500826
P01230,1,80.84953020439283
P01231,1,84.35924905364622
P01232,1,80.80809119786313
P01233,1,81.29947667906585
P01234,1,80.90622387695684
P01235,1,82.04202342008941
P01236,1,80.30281506013051
P01237,1,75.22846123691312
P01238,1,79.45502909831856
P01239,1,69.72976450515185
P01240,1,72.0337983484388
P01241,1,74.40730607005594
P01242,1,71.87264710010051
P01243,1,68.42832257027275
P01244,1,70.78184214408154
P01245,1,74.63859936734264
P01246,1,70.77771279652914
P01247,1,66.43928808963099
P01248,1,70.6015472958504
P01249,1,73.16251359496634
P01250,1,73.93018183422866
P01251,1,70.62821761437236
P01252,1,72.8846698064353
P01253,1,70.8522643722851
P01254,1,73.08648093133871
P01255,1,75.22396109181797
P01256,1,74.47806582503192
P01257,1,66.47531771281929
P01258,1,68.89352794721367
P01259,1,66.53537545247372
P01260,1,66.2968114364761
P01261,1,67.48017461042717
P01262,1,71.43247678372353
P01263,1,69.25517445051138
P01264,1,68.10879060871288
P01265,1,72.54774917741985
P01266,1,70.95701801133083
P01267,1,70.41071479814663
P01268,1,73.88806958576262
P01269,1,72.56795232242895
P01270,1,74.5793355009458
P01271,1,73.71332794903505
P01272,1,75.6995291665025
P01273,1,75.47951058183344
P01274,1,70.41519990782061
P01275,1,64.19710630406907
P01276,1,69.47634718772953
P01277,1,68.35067716037297
P01278,1,67.52322016445108
P01279,1,71.23337292541846
P01280,1,68.37427775024022
P01281,1,68.37484235529794
P01282,1,72.56276418560991
P01283,1,79.82880185089303
P01284,1,77.36779598074175
P01285,1,73.32403668862275
P01286,1,70.28949203298174
P01287,1,72.18017560400126
P01288,1,72.39297568069975
P01289,1,69.89681365696215
P01290,1,78.58429250959132
P01291,1,77.52070103797664
P01292,1,75.56342665272383
P01293,1,75.67015981022149
P01294,1,77.47962322097031
P01295,1,76.83012242629069
P01296,1,73.52760272970768
P01297,1,67.94418027265418
P01298,1,76.30797377314673
P01299,1,72.83538302116186
P01300,1,68.18270675480919
P01301,1,76.29022972024623
P01302,1,80.10820424271266
P01303,1,72.00406158531955
P01304,1,60.92439436168825
P01305,1,66.24444680417724
P01306,1,62.89204529466319
P01307,1,69.94496807263563
P01308,1,71.72971410913075
P01309,1,74.65009849357274
P01310,1,69.12316170837265
P01311,1,73.47226222434783
P01312,1,74.51593774846297
P01313,1,70.70297307708047
P01314,1,61.13305301027205
P01315,1,60.81246732546367
P01316,1,74.96248868307653
P01317,1,75.4465021559613
P01318,1,74.52218156187524
P01319,1,74.91558381856474
P01320,1,70.14202973089797
P01321,1,63.502124385459425
P01322,1,74.363228014783
P01323,1,67.96694121358739
P01324,1,74.24643755788003
P01325,1,68.65970620402
P01326,1,70.97533783892912
P01327,1,73.65819109941324
P01328,1,66.7211314177518
P01329,1,73.51361858035348
P01330,1,73.4666653918392
P01331,1,74.41176125353249
P01332,1,73.02799727491862
P01333,1,74.3845306950102
P01334,1,73.43246026546699
P01335,1,63.91804470209613
P01336,1,74.7590518923405
P01337,1,72.36947358284411
P01338,1,75.8495529746796
P01339,1,72.72002864734048
P01340,1,70.579411657976
P01341,1,68.1351519369002
P01342,1,75.94022580780106
P01343,1,73.22842647767158
P01344,1,78.23034565869217
P01345,1,73.4423203071888
P01346,1,75.35824349251787
P01347,1,69.05316503250103
P01348,1,69.62935293853056
P01349,1,70.04754409772059
P01350,1,72.72511405776348
P01351,1,72.30712729845305
P01352,1,72.45363838398444
P01353,1,68.86617444257831
P01354,1,74.82612113531725
P01355,1,70.05542391584392
P01356,1,69.42507943029513
P01357,1,72.45246331154928
P01358,1,73.85026725591482
P01359,1,67.78880319613064
P01360,1,72.99307762783396
P01361,1,68.1711839613609
P01362,1,71.85359116485418
P01363,1,72.94371869634429
P01364,1,80.35116665195223
P01365,1,73.68970852348143
P01366,1,71.88426821340325
P01367,1,72.52969252021377
P01368,1,73.87779673523642
P01369,1,73.06927635730688
P01370,1,71.42795706530453
P01371,1,73.05602013439277
P01372,1,71.2610194695359
P01373,1,69.7546552238216
P01374,1,66.01161238676072
P01375,1,74.1644573048226
P01376,1,66.53835124740857
P01377,1,80.07342500720368
P01378,1,79.75054955148818
P01379,1,67.47101752965835
P01380,1,69.9045119262967
P01381,1,71.31471638867114
P01382,1,70.88883689661692
P01383,1,68.8099886509704
P01384,1,68.65812711973452
P01385,1,73.54291496161866
P01386,1,70.81658926355622
P01387,1,68.70122238426038
P01388,1,74.11173269065966
P01389,1,74.0404003827926
P01390,1,66.65194854777492
P01391,1,73.78490402323668
P01392,1,79.93015265004479
P01393,1,84.23524694754916
P01394,1,67.78904522832528
P01395,1,78.19132229834419
P01396,1,80.36329662937224
P01397,1,81.99529554115361
P01398,1,78.99794428350914
P01399,1,79.21137815904038
P01400,1,74.7510285556395
P01401,1,74.8803644833258
P01402,1,77.70288195667385
P01403,1,71.6038394094218
P01404,1,73.40649890917388
P01405,1,70.7829174420272
P01406,1,75.08842729066862
P01407,1,78.97526890330269
P01408,1,69.52392142497588
P01409,1,67.89254539429297
P01410,1,71.207252179864
P01411,1,72.26618271898077
P01412,1,64.15283151382818
P01413,1,70.10065854175167
P01414,1,72.70467619252747
P01415,1,66.90301007006164
P01416,1,68.42348037367589
P01417,1,71.75609058234606
P01418,1,69.31422553151673
P01419,1,67.17575593531167
P01420,1,68.99562808764891
P01421,1,69.37415250227012
P01422,1,63.49172166851056
P01423,1,68.59448894824074
P01424,1,71.74397911167516
P01425,1,67.99111650994189
P01426,1,72.36289895306408
P01427,1,68.92336080291676
P01428,1,72.78268373707976
P01429,1,70.1624583637184
P01430,1,66.27646868410551
P01431,1,65.04035247487427
P01432,1,67.46982404091747
P01433,1,69.43734302463668
P01434,1,64.53771053918669
P01435,1,64.27652076671885
P01436,1,68.36583718338201
P01437,1,72.56346855493828
P01438,1,62.405105117670125
P01439,1,79.18331639516207
P01440,1,78.70991190791095
P01441,1,75.18830557164246
P01442,1,73.02278509376576
P01443,1,74.22320410207124
P01444,1,73.11925790655718
P01445,1,71.0348496604617
P01446,1,73.45160531154146
P01447,1,73.31726087789573
P01448,1,74.10406669006454
P01449,1,75.1755527934823
P01450,1,75.86542408576757
P01451,1,70.6639411707099
P01452,1,70.82715770088743
P01453,1,64.03615908707363
P01454,1,69.6548696923546
P01455,1,71.77461260535563
P01456,1,69.55200789830242
P01457,1,71.79658931145511
P01458,1,72.53171406088396
P01459,1,74.6708593486349
P01460,1,67.11590810904252
P01461,1,69.07639126545871
P01462,1,71.55429476065456
P01463,1,70.42348036532243
P01464,1,73.30294057013866
P01465,1,72.38620129108443
P01466,1,65.08433129689789
P01467,1,67.19094179292647
P01468,1,70.43726638850497
P01469,1,58.3488344284341
P01470,1,70.58137894269474
P01471,1,62.137723246906916
P01472,1,64.6359067266248
P01473,1,63.603296423450495
P01474,1,67.62292503195386
P01475,1,73.21176799455847
P01476,1,67.86457496841626
P01477,1,70.98087562627265
P01478,1,72.93489608559884
P01479,1,74.60643559221765
P01480,1,76.84930609694321
P01481,1,71.90868086071177
P01482,1,76.1671688183768
P01483,1,69.92681631799039
P01484,1,70.61385546584646
P01485,1,67.3005103652882
P01486,1,71.18309181791564
P01487,1,66.28231051288434
P01488,1,68.6703676854971
P01489,1,67.56802462282991
P01490,1,72.18473938207298
P01491,1,69.00097364952565
P01492,1,61.216823911875004
P01493,1,68.85586510546669
P01494,1,69.22866421661395
P01495,1,66.49840216570745
P01496,1,71.3540155829545
P01497,1,70.97200353574358
P01498,1,72.62992511964788
P01499,1,67.04693929612743
P01500,1,66.10579792313229
P01501,1,70.51899304320722
P01502,1,70.24243977871882
P01503,1,68.39932973592438
P01504,1,68.75018755900541
P01505,1,69.75126484390874
P01506,1,66.48878839677282
P01507,1,67.69685071261554
P01508,1,65.8237412765899
P01509,1,67.81943710663474
P01510,1,67.95340211695317
P01511,1,74.7889909220079
P01512,1,69.32250568666223
P01513,1,66.95316907113737
P01514,1,73.32432808265499
P01515,1,69.66445539130459
P01516,1,64.98938139404828
P01517,1,67.98259674168592
P01518,1,70.84217880919297
P01519,1,70.14289157985156
P01520,1,70.4873740839274
P01521,1,71.07937522937287
P01522,1,71.11285826056951
P01523,1,70.4106093111616
P01524,1,68.10015068761916
P01525,1,69.14920332824798
P01526,1,67.75196572970492
P01527,1,68.9948119365915
P01528,1,71.90331681159267
P01529,1,65.72543870514512
P01530,1,71.58663445192943
P01531,1,66.77201242685365
P01532,1,71.41307333994315
P01533,1,65.72429984712313
P01534,1,67.13422510345798
P01535,1,72.41179402099698
P01536,1,71.98416095237677
P01537,1,70.74094059751175
P01538,1,67.98591904089736
P01539,1,69.7799155145431
P01540,1,69.49867303115869
P01541,1,71.46108841412719
P01542,1,67.52377906744552
P01543,1,70.6755441896241
P01544,1,68.71460016647319
P01545,1,69.95293809565625
P01546,1,71.46522511226996
P01547,1,72.64683033439674
P01548,1,66.0371149124161
P01549,1,71.96618915436
P01550,1,73.6420069274293
P01551,1,69.39113740346245
P01552,1,71.18116859885286
P01553,1,70.74450238883398
P01554,1,68.57592340485388
P01555,1,68.90770850317456
P01556,1,69.7459538964069
P01557,1,69.68077926435122
P01558,1,68.87440591495323
P01559,1,66.12237883019358
P01560,1,67.70359497084065
P01561,1,72.10117176172704
P01562,1,69.84178684734978
P01563,1,64.69392610198636
P01564,1,65.2116041220047
P01565,1,70.13192634829134
P01566,1,69.4200529317032
P01567,1,66.08145922671083
P01568,1,65.1005029246726
P01569,1,67.16459382879884
P01570,1,66.3366270406292
P01571,1,71.14875179732782
P01572,1,69.66229870896913
P01573,1,67.71352911703569
P01574,1,67.48482254812942
P01575,1,63.43513057600097
P01576,1,60.76612907455239
P01577,1,73.07641011262807
P01578,1,72.0911032917516
P01579,1,71.20260470894209
P01580,1,76.06451617771157
P01581,1,72.32740803695768
P01582,1,66.17634304098206
P01583,1,69.01794764659441
P01584,1,71.49127350412526
P01585,1,68.49658230583535
P01586,1,64.55771233107612
P01587,1,67.30919416185071
P01588,1,67.01730365360852
P01589,1,64.55425726280797
P01590,1,66.7395062064569
P01591,1,67.26693458075418
P01592,1,64.30425392986427
P01593,1,67.62772495342993
P01594,1,67.04343727416054
P01595,1,66.22144248580204
P01596,1,66.72164270251196
P01597,1,64.0344192172401
P01598,1,69.05323647779873
P01599,1,65.97117399347857
P01600,1,71.11338081476205
P01601,1,71.11802209228185
P01602,1,75.27332411462305
P01603,1,70.81820142943907
P01604,1,74.20934780561812
P01605,1,66.96466677459196
P01606,1,70.74451149292003
P01607,1,70.6004618512266
P01608,1,75.27711454411772
P01609,1,0.0
P01610,1,69.21569043903148
P01611,1,67.79964440398545
P01612,1,71.23851451415977
P01613,1,68.55349826283971
P01614,1,72.17512562364962
P01615,1,71.80930374924252
P01616,1,69.90298555133467
P01617,1,59.93142084212638
P01618,1,65.88242682207162
P01619,1,62.40112793235283
P01620,1,69.21305282140048
P01621,1,68.68526013944347
P01622,1,64.14655565630281
P01623,1,67.03073755234867
P01624,1,62.40979641013797
P01625,1,69.1066992635068
P01626,1,66.94347749789607
P01627,1,69.57067682087857
P01628,1,67.62069669501625
P01629,1,68.01095715756331
P01630,1,70.0467099195206
P01631,1,70.77503714356861
P01632,1,68.19426705032633
P01633,1,69.93135644763436
P01634,1,66.19845902844244
P01635,1,71.28891653119341
P01636,1,70.29544578222097
P01637,1,72.26715304946451
P01638,1,69.87935405531572
P01639,1,68.9148527560685
P01640,1,72.65681166610908
P01641,1,70.52288883261124
P01642,1,70.25697590263191
P01643,1,70.5271367984877
P01644,1,70.5957141358307
P01645,1,70.90151005927899
P01646,1,74.07443532800548
P01647,1,72.04258577507169
P01648,1,69.66995040690101
P01649,1,68.01891308978269
P01650,1,67.14869740226575
P01651,1,67.20816219959741
P01652,1,67.79956777212153
P01653,1,65.55866380585738
P01654,1,65.82874367025244
P01655,1,67.81284407435037
P01656,1,70.08731521428894
P01657,1,57.877502317232874
P01658,1,67.0798585687461
P01659,1,68.5543917968042
P01660,1,66.09226857908584
P01661,1,64.4294712810263
P01662,1,67.12239878289546
P01663,1,64.2793321210889
P01664,1,65.05193389260634
P01665,1,65.32995974716707
P01666,1,66.5821775929156
P01667,1,65.01774354734792
P01668,1,69.0541380669181
P01669,1,66.71489336112273
P01670,1,63.98175309906298
P01671,1,67.50956443391478
P01672,1,72.75710695682895
P01673,1,74.23486943635285
P01674,1,67.34512968546228
P01675,1,69.81909121821214
P01676,1,67.66079685219073
P01677,1,67.98657318053775
P01678,1,74.76364239833298
P01679,1,79.40571808744835
P01680,1,81.13373267306628
P01681,1,71.36494476204794
P01682,1,74.62536351405801
P01683,1,78.08072739824965
P01684,1,79.40939045334645
P01685,1,81.07741540981915
P01686,1,77.47468827979601
P01687,1,75.03978528023538
P01688,1,73.13955920671992
P01689,1,71.27043773511849
P01690,1,63.291693242505985
P01691,1,63.937175852005424
P01692,1,68.60328201731166
P01693,1,70.2178056778145
P01694,1,77.37311418637952
P01695,1,74.23101137613361
P01696,1,72.32367260623613
P01697,1,67.03721948161656
P01698,1,69.35260830211203
P01699,1,68.10202843434817
P01700,1,63.37339814197017
P01701,1,70.58102004637973
P01702,1,69.60473164041574
P01703,1,73.11369801387006
P01704,1,72.45347335591136
P01705,1,69.97549747984117
P01706,1,67.80832332457238
P01707,1,68.50516552845023
P01708,1,64.10545719534579
P01709,1,70.0612177503938
P01710,1,71.9135061883371
P01711,1,69.7427566199233
P01712,1,71.78098578065934
P01713,1,71.66667319813223
P01714,1,73.09998246626176
P01715,1,69.56091587582573
P01716,1,67.18282757687383
P01717,1,72.33316314480136
P01718,1,74.71738125979111
P01719,1,70.41564131823638
P01720,1,68.81399878438037
P01721,1,71.95925898649175
P01722,1,70.85015371529815
P01723,1,69.50484065353344
P01724,1,71.26460634036563
P01725,1,75.50289285731942
P01726,1,72.30135612161388
P01727,1,72.57588981084126
P01728,1,66.31535067813627
P01729,1,72.33105583152741
P01730,1,69.50767545132602
P01731,1,71.1272482083633
P01732,1,69.36170258338986
P01733,1,66.09732072226316
P01734,1,72.39129183790767
P01735,1,43.755940753035325
P01736,1,65.571956123182
P01737,1,74.45572388804327
P01738,1,73.14741273960847
P01739,1,67.54567589164749
P01740,1,64.72893513659486
P01741,1,75.21253647300415
P01742,1,70.01718988814855
P01743,1,72.44163154320327
P01744,1,83.345477799041
P01745,1,83.15360435078222
P01746,1,73.44811129016479
P01747,1,72.12063395705664
P01748,1,66.58048457094068
P01749,1,70.88137311910911
P01750,1,70.27663551227252
P01751,1,71.67385463976876
P01752,1,69.29781952439723
P01753,1,69.3612438328928
P01754,1,72.20855476046786
P01755,1,68.83804399870166
P01756,1,69.72243933527015
P01757,1,58.88813290303558
P01758,1,65.27332347586167
P01759,1,69.23926539051008
P01760,1,64.61554223480199
P01761,1,67.62679465892771
P01762,1,72.55249478866787
P01763,1,70.40990601726243
P01764,1,0.0
P01765,1,65.8157548537077
P01766,1,78.70010080497465
P01767,1,68.75290374510567
P01768,0,58.744061914914546
P01769,0,57.1041529651692
P01770,0,57.88394579077959
P01771,0,67.00776573139035
P01772,0,65.13271184708668
P01773,0,72.52914255876732
P01774,0,71.2845418709898
P01775,0,0.0
P01776,0,76.35422852494742
P01777,0,55.08187609601074
P01778,0,67.3775656318713
P01779,0,59.996659236575944
P01780,0,0.0
P01781,0,74.68924995236455
P01782,0,0.0
P01783,0,64.27327434029179
P01784,0,66.0410967474109
P01785,0,0.0
P01786,0,65.25416381956205
P01787,0,63.88309155040771
P01788,0,65.70842175407677
P01789,0,81.03842266299417
P01790,0,68.0668220334696
P01791,0,63.29976147273365
P01792,0,60.21101572219788
P01793,0,70.01580630462989
P01794,0,62.710682601064185
P01795,0,56.643183158000014
P01796,0,76.33272452017408
P01797,0,74.62847309885169
P01798,0,65.50826479895393
P01799,0,52.103971893432856
P01800,0,70.21424861077871
P01801,0,70.38885129907844
P01802,0,72.5859248931404
P01803,0,67.31259062318097
P01804,0,62.04326585766218
P01805,0,0.0
P01806,0,60.52909420835958
P01807,0,0.0
P01808,0,68.44515960499623
P01809,0,65.39888465408916
P01810,0,55.869982393381115
P01811,0,53.23639806091434
P01812,0,63.79622336397299
P01813,0,60.872880528329055
P01814,0,65.46712446097932
P01815,0,66.44096859504349
P01816,0,63.72278482693763
P01817,0,67.91578491222403
P01818,0,68.6833221163161
P01819,0,58.31306551911537
P01820,0,40.90151109042933
P01821,0,72.4745933310573
P01822,0,0.0
P01823,0,60.67212258359249
P01824,0,51.16824800502614
P01825,0,67.26454543618931
P01826,0,68.85778155525088
P01827,0,60.49034836920018
P01828,0,69.89528077763705
P01829,0,66.45132573294154
P01830,0,0.0
P01831,0,60.975331464051926
P01832,0,69.43337853391664
P01833,0,63.470042290462224
P01834,0,73.4994593395411
P01835,0,67.20837030107928
P01836,0,0.0
P01837,0,52.31685667654258
P01838,0,71.43530317185042
P01839,0,62.86724020686355
P01840,0,67.56858925922981
P01841,0,64.23911066233904
P01842,0,0.0
P01843,0,63.952978341360975
P01844,0,67.30147738793283
P01845,0,54.7940747281346
P01846,0,68.49742565405585
P01847,0,71.28373374935218
P01848,0,68.67040530844855
P01849,0,68.16306269041603
P01850,0,57.507122883349204
P01851,0,69.76293225960498
P01852,0,70.46332481177416
P01853,0,54.12046494869178
P01854,0,65.91605470461442
P01855,0,70.83119684203254
P01856,0,64.52631565840107
P01857,0,66.78915628216949
P01858,0,63.53434719741619
P01859,0,66.88645317784358
P01860,0,52.834829492601564
P01861,0,67.71121129766236
P01862,0,62.08181167369364
P01863,0,61.94002111723933
P01864,0,70.13561980308403
P01865,0,24.2225055931775
P01866,0,70.00432693888621
P01867,0,62.74400411296778
P01868,0,69.19748007640851
P01869,0,63.462675606663964
P01870,0,71.05653474206034
P01871,0,71.08353883197086
P01872,0,65.58517184096685
P01873,0,0.0
P01874,0,62.64651945128607
P01875,0,65.29071526272332
P01876,0,63.34669119349765
P01877,0,68.93318387238352
P01878,0,65.52878012233118
P01879,0,76.17869001628382
P01880,0,65.71557530706856
P01881,0,64.92590644708648
P01882,0,69.7865053196359
P01883,0,73.27148375601294
P01884,0,67.96438878258944
P01885,0,67.78152623588241
P01886,0,56.03003022020467
P01887,0,67.91429404022612
P01888,0,72.88921436042821
P01889,0,66.39054205485111
P01890,0,0.0
P01891,0,65.58415989381744
P01892,0,74.2190729408292
P01893,0,35.716976429717526
P01894,0,73.69331714063756
P01895,0,48.06021259790758
P01896,0,75.53094249191237
P01897,0,57.272170408759834
P01898,0,61.57214362242199
P01899,0,52.78820475410973
P01900,0,65.08549760314155
P01901,0,53.16411118104051
P01902,0,65.86036728104803
P01903,0,67.35139369548122
P01904,0,67.72240456525259
P01905,0,69.01989576360272
P01906,0,57.37613326415263
P01907,0,65.109572466232
P01908,0,68.05959209310784
P01909,0,67.29070879738423
P01910,0,0.0
P01911,0,69.28606204106283
P01912,0,70.99324042683732
P01913,0,38.162241576166856
P01914,0,63.001027610785584
P01915,0,66.55787108077713
P01916,0,0.0
P01917,0,71.2730799780139
P01918,0,44.49542697869459
P01919,0,70.84551820409816
P01920,0,61.62399132303818
P01921,0,60.77902775547085
P01922,0,68.50017916625684
P01923,0,56.71189727935011
P01924,0,23.504705398964063
P01925,0,69.14353148389083
P01926,0,64.87025748281323
P01927,0,59.75234434383503
P01928,0,63.535136179001306
P01929,0,29.3029214818722
P01930,0,67.92419112576495
P01931,0,71.63850151238516
P01932,0,63.26572948335123
P01933,0,71.0324811660915
P01934,0,0.0
P01935,0,61.1688804056121
P01936,0,63.95543483219773
P01937,0,69.04073487506774
P01938,0,70.63233227295372
P01939,0,53.518524180782315
P01940,0,67.85647587320497
P01941,0,64.26726721570502
P01942,0,72.4354867135354
P01943,0,55.11028151734162
P01944,0,74.23433237960758
P01945,0,46.33412835241416
P01946,0,0.0
P01947,0,0.0
P01948,0,67.42323271588884
P01949,0,65.32138810390109
P01950,0,0.0
P01951,0,72.57583966549373
P01952,0,0.0
P01953,0,63.92592798458184
P01954,0,63.62234543231828
P01955,0,45.181447152012986
P01956,0,61.569111856892924
P01957,0,70.43844060000343
P01958,0,0.0
P01959,0,56.13757154587684
P01960,0,69.48246683162672
P01961,0,50.14359608603218
P01962,0,65.0355775526518
P01963,0,61.97213374143703
P01964,0,70.13724806542247
P01965,0,54.26961920576231
P01966,0,65.95774450775377
P01967,0,64.01031882537896
P01968,0,62.55213915190758
P01969,0,72.107977285511
P01970,0,61.97042433821907
P01971,0,63.433747642805294
P01972,0,0.0
P01973,0,73.29776588973233
P01974,0,73.40092339904322
P01975,0,70.78004602591828
P01976,0,79.41790870661073
P01977,0,39.75024681860627
P01978,0,62.75136138855177
P01979,0,63.41507552596427
P01980,0,71.23685950767576
P01981,0,0.0
P01982,0,68.1352704242477
P01983,0,46.723726194976514
P01984,0,72.30437133506278
P01985,0,85.46588687552247
P01986,0,66.18786861107793
P01987,0,65.11139742917715
P01988,0,68.12584556160392
P01989,0,32.69662798192613
P01990,0,45.60391619248073
P01991,0,0.0
P01992,0,61.19524977753539
P01993,0,50.836384210741535
P01994,0,53.08476279711193
P01995,0,60.92656001290747
P01996,0,66.98575165935192
P01997,0,71.33002808909332
P01998,0,68.58661247035454
P01999,0,56.5208149082007
P02000,0,68.71582422984699
P02001,0,67.64993391420138
P02002,0,66.6625883072412
P02003,0,65.71837439030634
P02004,0,49.97788686350165
P02005,0,64.600178381933
P02006,0,70.24415612249388
P02007,0,65.33892008814894
P02008,0,0.0
P02009,0,67.88010388227954
P02010,0,35.81364681376716
P02011,0,66.83955434181941
P02012,0,60.12123792312413
P02013,0,68.53129412700557
P02014,0,62.00798429339835
P02015,0,73.64652716386868
P02016,0,62.798036290333926
P02017,0,64.47963891413544
P02018,0,70.09408307523758
P02019,0,70.13453231986063
P02020,0,57.71767182678398
P02021,0,0.0
P02022,0,39.834354527539126
P02023,0,54.033733298963206
P02024,0,63.00435219327844
P02025,0,73.9551512244385
P02026,0,80.42918905955977
P02027,0,67.66621699115764
P02028,0,65.19455511646981
P02029,0,68.1015411750702
P02030,0,68.08697695724472
P02031,0,69.22740333596158
P02032,0,66.30931270559341
P02033,0,65.10665384642265
P02034,0,67.90060772212571
P02035,0,63.56760400224154
P02036,0,69.6303529872868
P02037,0,51.90291024033557
P02038,0,70.99378468458211
P02039,0,0.0
P02040,0,59.79090220566721
P02041,0,63.83595993974556
P02042,0,66.38971699089744
P02043,0,64.51690295007025
P02044,0,0.0
P02045,0,71.15126977417314
P02046,0,55.47957896772859
P02047,0,56.753929478582066
P02048,0,73.39460683988818
P02049,0,66.63580823674326
P02050,0,69.78951054221557
P02051,0,51.348050210047006
P02052,0,71.40490292958141
P02053,0,63.456475405189785
P02054,0,0.0
P02055,0,50.435493974846594
P02056,0,0.0
P02057,0,66.65605949229511
P02058,0,81.58260831576244
P02059,0,58.3637884255368
P02060,0,56.93344816121164
P02061,0,0.0
P02062,0,60.790242723638634
P02063,0,52.99813005383722
P02064,0,63.70271051416633
P02065,0,65.91778323374974
P02066,0,55.93131460334636
P02067,0,69.93338736849296
P02068,0,67.33236246121528
P02069,0,0.0
P02070,0,78.63156318181174
P02071,0,64.01185954868355
P02072,0,72.99603646048473
P02073,0,74.7329357813565
P02074,0,72.41517825446624
P02075,0,0.0
P02076,0,65.89570480248813
P02077,0,65.48962407671657
P02078,0,0.0
P02079,0,69.96592083946392
P02080,0,65.62099341037403
P02081,0,45.47210181595473
P02082,0,61.94380863139875
P02083,0,69.99786047339946
P02084,0,62.10072937698946
P02085,0,69.05132059802155
P02086,0,62.556871387943524
P02087,0,65.56798534919687
P02088,0,75.98841532415264
P02089,0,72.39181069449546
P02090,0,67.5006679778636
P02091,0,72.40665094127412
P02092,0,37.90130916435691
P02093,0,68.47043884739809
P02094,0,76.65018827022377
P02095,0,69.75279648421984
P02096,0,62.4320066572833
P02097,0,0.0
P02098,0,36.676637944155026
P02099,0,64.26784313572617
P02100,0,69.44287498720809
P02101,0,0.0
P02102,0,0.0
P02103,0,66.32588821569053
P02104,0,0.0
P02105,0,65.20821979961883
P02106,0,68.09576844801876
P02107,0,66.58717644161382
P02108,0,62.10296351808403
P02109,0,65.68221229812107
P02110,0,69.17909931454005
P02111,0,66.22319652674446
P02112,0,73.0711820458487
P02113,0,50.54538789836934
P02114,0,67.30099508082017
P02115,0,59.98249168547287
P02116,0,59.914549493151206
P02117,0,72.68187662830128
P02118,0,0.0
P02119,0,55.7574335422484
P02120,0,63.45553486667104
P02121,0,59.323866727490994
P02122,0,60.54196461797952
P02123,0,58.529531932971345
P02124,0,71.33981502637987
P02125,0,63.7876030578015
P02126,0,68.53095482942078
P02127,0,67.5774505352803
P02128,0,67.3266767249605
P02129,0,48.244247587314895
P02130,0,48.12990470493542
P02131,0,68.4299530713416
P02132,0,60.53442847101784
P02133,0,70.04244082820735
P02134,0,66.96836121208827
P02135,0,0.0
P02136,0,60.843854817695345
P02137,0,68.70811234744241
P02138,0,66.51003284536696
P02139,0,67.10202781886548
P02140,0,0.0
P02141,0,76.37067221612074
P02142,0,72.20768312249484
P02143,0,71.77540148713358
P02144,0,0.0
P02145,0,0.0
P02146,0,0.0
P02147,0,67.05548758763132
P02148,0,0.0
P02149,0,70.88872388864755
P02150,0,67.57505427695986
P02151,0,70.0204032651067
P02152,0,0.0
P02153,0,63.062993797783015
P02154,0,60.05203465429227
P02155,0,60.61551791438714
P02156,0,64.63836685710857
P02157,0,55.90782209208671
P02158,0,56.36323919051247
P02159,0,70.03598004592862
P02160,0,0.0
P02161,0,59.45391732182323
P02162,0,66.41141021570185
P02163,0,61.63443902472141
P02164,0,64.57987850422953
P02165,0,65.71829890207282
P02166,0,64.87106329260945
P02167,0,69.13849898926946
P02168,0,64.87765641346134
P02169,0,68.44343302754895
P02170,0,65.56664635272934
P02171,0,78.10132577084761
P02172,0,69.6436578012301
P02173,0,55.981617627425116
P02174,0,70.14108159565437
P02175,0,63.43636428831684
P02176,0,64.5960921749339
P02177,0,72.87582923559104
P02178,0,66.9665750591634
P02179,0,32.79881397195648
P02180,0,65.59654959383607
P02181,0,69.2394261348588
P02182,0,70.19826857742456
P02183,0,64.7102072408806
P02184,0,70.26170117350519
P02185,0,70.59878968822996
P02186,0,71.47270653287217
P02187,0,62.09077808261569
P02188,0,74.17810165752452
P02189,0,0.0
P02190,0,0.0
P02191,0,74.91356117618002
P02192,0,65.66082911264301
P02193,0,59.69855541759526
P02194,0,63.624270973833355
P02195,0,63.53224033143934
P02196,0,69.57109638500323
P02197,0,0.0
P02198,0,62.166456908000136
P02199,0,73.1520812081639
P02200,0,0.0
P02201,0,67.09429004446048
P02202,0,61.35952977070841
P02203,0,67.31771660330719
P02204,0,72.09982183703376
P02205,0,52.17509457788332
P02206,0,0.0
P02207,0,70.51267457919961
P02208,0,0.0
P02209,0,73.02139390384929
P02210,0,61.50568876710487
P02211,0,36.33236053859901
P02212,0,59.14792456179404
P02213,0,71.77010232928484
P02214,0,57.36872370787039
P02215,0,64.24605435835092
P02216,0,64.09017168041015
P02217,0,0.0
P02218,0,60.394194857688134
P02219,0,69.41233588934274
P02220,0,65.9078480192729
P02221,0,43.36494377100165
P02222,0,73.00709419573647
P02223,0,62.12093424627794
P02224,0,55.65074548231047
P02225,0,67.74910141626357
P02226,0,58.87902417390293
P02227,0,63.37578195725607
P02228,0,69.76870636238958
P02229,0,67.4119878051616
P02230,0,79.70625243225928
P02231,0,67.25701230376153
P02232,0,64.17913526125335
P02233,0,0.0
P02234,0,0.0
P02235,0,60.25565617791459
P02236,0,56.13464993489864
P02237,0,51.729427816325824
P02238,0,0.0
P02239,0,0.0
P02240,0,66.02325640559562
P02241,0,0.0
P02242,0,0.0
P02243,0,70.09625834927101
P02244,0,68.03978744590967
P02245,0,0.0
P02246,0,0.0
P02247,0,60.51605984695851
P02248,0,67.09588655237437
P02249,0,65.08974634322762
P02250,0,77.38721705372137
P02251,0,69.37921723232404
P02252,0,0.0
P02253,0,73.40250503163404
P02254,0,67.7234174394914
P02255,0,60.381862077129625
P02256,0,65.6296543418882
P02257,0,63.03665859183564
P02258,0,69.12147553093098
P02259,0,47.255288358998904
P02260,0,64.54473538989676
P02261,0,69.48844060348269
P02262,0,61.476946208335804
P02263,0,61.92099542215743
P02264,0,0.0
P02265,0,63.28533701622688
P02266,0,0.0
P02267,0,80.55943289246764
P02268,0,49.59153326669233
P02269,0,63.882746123472735
P02270,0,71.19506305364534
P02271,0,74.30189258998868
P02272,0,65.63198666425815
P02273,0,70.57027602763857
P02274,0,62.911743287779565
P02275,0,66.49026709210374
P02276,0,43.73611906826363
P02277,0,65.59643194649621
P02278,0,66.24349820149197
P02279,0,69.17705241650222
P02280,0,60.59152005320051
P02281,0,74.78612407976452
P02282,0,72.04061392947419
P02283,0,0.0
P02284,0,0.0
P02285,0,69.27230199687048
P02286,0,48.410551113356895
P02287,0,67.26072718910478
P02288,0,52.02751636226953
P02289,0,67.54154342422413
P02290,0,61.270074650326315
P02291,0,65.05195570482091
P02292,0,61.53024676719034
P02293,0,57.02005819531405
P02294,0,0.0
P02295,0,70.48364567322542
P02296,0,76.54591811670547
P02297,0,60.783103313089896
P02298,0,66.75519302553931
P02299,0,66.33536848344463
P02300,0,63.9165429206396
P02301,0,66.23111287870216
P02302,0,65.83620915806931
P02303,0,0.0
P02304,0,0.0
P02305,0,67.75045354483038
P02306,0,72.23641729928173
P02307,0,63.93935474273407
P02308,0,0.0
P02309,0,68.42845743094168
P02310,0,77.01728177122872
P02311,0,0.0
P02312,0,59.61067241831013
P02313,0,0.0
P02314,0,0.0
P02315,0,66.7132032088889
P02316,0,69.3925898752458
P02317,0,70.30020406668196
P02318,0,59.69565613774195
P02319,0,66.34575703640216
P02320,0,67.1677413198346
P02321,0,64.11663582642798
P02322,0,66.91980314310271
P02323,0,65.3196790227122
P02324,0,77.66574405609683
P02325,0,0.0
P02326,0,71.69726181856012
P02327,0,68.90139272378843
P02328,0,65.0000069104715
P02329,0,64.247255722795
P02330,0,72.38748044435229
P02331,0,50.07460829793001
P02332,0,61.692323980374134
P02333,0,67.90998953417953
P02334,0,68.8192352877888
P02335,0,67.74370576594161
P02336,0,66.6796737425813
P02337,0,62.27334161463517
P02338,0,68.23193123568782
P02339,0,58.055320777856444
P02340,0,66.853359019854
P02341,0,50.79856958391466
P02342,0,75.91574269579478
P02343,0,66.46084055295115
P02344,0,67.7567437018623
P02345,0,74.4495207319583
P02346,0,72.89804842290486
P02347,0,65.9171875948595
P02348,0,69.57584942092899
P02349,0,68.43108847070476
P02350,0,0.0
P02351,0,82.62119704060417
P02352,0,67.04246042875448
P02353,0,0.0
P02354,0,69.85749970330139
P02355,0,59.66261046200222
P02356,0,61.072230156782304
P02357,0,0.0
P02358,0,72.44041570456213
P02359,0,77.85687051909997
P02360,0,69.47791095343307
P02361,0,66.04185754483629
P02362,0,71.84157893941322
P02363,0,34.76708171582224
P02364,0,70.23024500472741
P02365,0,59.11979090297742
P02366,0,0.0
P02367,0,66.93122508761375
P02368,0,72.91866309667726
P02369,0,72.76208301137663
P02370,0,68.70597833586211
P02371,0,67.04608625360115
P02372,0,72.01691299945116
P02373,0,69.22970918429962
P02374,0,63.70606665028673
P02375,0,64.86127905474191
P02376,0,65.06679306242745
P02377,0,66.76348673138006
P02378,0,62.769048155413174
P02379,0,63.936753883276765
P02380,0,68.14906424802862
P02381,0,0.0
P02382,0,70.54107711883346
P02383,0,68.19008614240316
P02384,0,0.0
P02385,0,67.29492738104923
P02386,0,0.0
P02387,0,62.37050018214407
P02388,0,65.98862880666638
P02389,0,67.8291436588517
P02390,0,60.63053793527059
P02391,0,66.89099000624232
P02392,0,55.401394524281656
P02393,0,62.23709719036259
P02394,0,65.31273095606174
P02395,0,62.68973075876828
P02396,0,69.98970677021742
P02397,0,67.39935215240882
P02398,0,57.74975136887023
P02399,0,0.0
P02400,0,37.48710119108808
P02401,0,0.0
P02402,0,64.8435561574163
P02403,0,67.88928893974239
P02404,0,63.161158130497995
P02405,0,64.37141972019586
P02406,0,0.0
P02407,0,60.475902998069095
P02408,0,67.22389941772701
P02409,0,73.70619665992824
P02410,0,63.66385876312093
P02411,0,64.02915623087134
P02412,0,0.0
P02413,0,37.873252352685014
P02414,0,68.3453324855733
P02415,0,67.15098000212338
P02416,0,61.99079711047182
P02417,0,75.68566075039273
P02418,0,68.11144599928063
P02419,0,59.475810526645866
P02420,0,64.00718256518333
P02421,0,67.12624604748491
P02422,0,82.5030775442957
P02423,0,47.57548429431877
P02424,0,66.5096204620477
P02425,0,63.17663239480245
P02426,0,61.14112181220099
P02427,0,72.08485377812019
P02428,0,63.23076182248782
P02429,0,0.0
P02430,0,72.92800385147899
P02431,0,64.25422963735792
P02432,0,69.27530709308614
P02433,0,73.56743573994812
P02434,0,68.41228758737967
P02435,0,73.1480996661421
P02436,0,0.0
P02437,0,47.75043093395048
P02438,0,73.80831987421939
P02439,0,75.45154505546532
P02440,0,47.38355770266204
P02441,0,60.58824033401523
P02442,0,0.0
P02443,0,0.0
P02444,0,66.09604901652028
P02445,0,76.04690467960941
P02446,0,66.65240828511963
P02447,0,67.62573746654336
P02448,0,66.38263171749318
P02449,0,68.0191551021145
P02450,0,68.28503342461788
P02451,0,73.16248481365774
P02452,0,69.67756049675077
P02453,0,60.6048500489089
P02454,0,50.309526106968136
P02455,0,65.58299836383713
P02456,0,64.01560293770349
P02457,0,75.47545920271223
P02458,0,63.946653852233894
P02459,0,59.04100855161456
P02460,0,64.05860756887765
P02461,0,66.44008398474412
P02462,0,69.43414961175917
P02463,0,66.44023414229551
P02464,0,66.7696020929403
P02465,0,70.0579786809818
P02466,0,62.49501319224531
P02467,0,68.88478431960951
P02468,0,68.6896488698008
P02469,0,71.42097432039512
P02470,0,70.21142127923345
P02471,0,70.82075333583072
P02472,0,71.28278195049143
P02473,0,66.28362547636975
P02474,0,72.9088384961277
P02475,0,40.5639244411995
P02476,0,64.85591586536236
P02477,0,65.06190830452803
P02478,0,67.5846744482158
P02479,0,70.26921602731767
P02480,0,74.34297814591498
P02481,0,63.433616065818796
P02482,0,65.90228289202113
P02483,0,69.20605301342884
P02484,0,0.0
P02485,0,76.542983141093
P02486,0,79.47530678043725
P02487,0,71.93872849468788
P02488,0,58.82183270441712
P02489,0,69.1017065293872
P02490,0,63.64550909096399
P02491,0,56.73685208404328
P02492,0,66.56122060339919
P02493,0,71.95432723514243
P02494,0,67.973016234358
P02495,0,64.31379722005273
P02496,0,61.370004586655625
P02497,0,55.13328697781321
P02498,0,59.93305348075608
P02499,0,0.0
P02500,0,64.9906674045117
P02501,0,63.227001088526926
P02502,0,62.40228468534754
P02503,0,74.68217627059684
P02504,0,64.09533360291877
P02505,0,66.0535238093125
P02506,0,60.36657092309732
P02507,0,66.1329983113484
P02508,0,0.0
P02509,0,68.8266757645971
P02510,0,39.118825312599185
P02511,0,0.0
P02512,0,53.16369931458429
P02513,0,71.67718350436681
P02514,0,0.0
P02515,0,63.235849563316336
P02516,0,64.8328121481929
P02517,0,65.37207048882067
P02518,0,72.41559694090233
P02519,0,62.83514050980025
P02520,0,61.87856362145286
P02521,0,67.60166391015396
P02522,0,59.948611068956104
P02523,0,57.7532319008082
P02524,0,65.04701820987654
P02525,0,56.86511490216206
P02526,0,73.1601610185214
P02527,0,64.87002401333757
P02528,0,71.69404881903525
P02529,0,68.40653512801241
P02530,0,0.0
P02531,0,0.0
P02532,0,67.8432867400809
P02533,0,64.28802020221531
P02534,0,61.60809579860551
P02535,0,76.04902258010151
P02536,0,35.029795597241964
P02537,0,70.64370638017617
P02538,0,0.0
P02539,0,0.0
P02540,0,57.99126521027639
P02541,0,0.0
P02542,0,63.08608961441754
P02543,0,75.04775658728869
P02544,0,66.38657816709717
P02545,0,64.3672846442319
P02546,0,59.7028921312696
P02547,0,58.439834314122365
P02548,0,0.0
P02549,0,75.37450400882561
P02550,0,53.29629800176586
P02551,0,65.11517318848522
P02552,0,64.80278397898508
P02553,0,72.17348304123699
P02554,0,50.478075339949825
P02555,0,63.649850778387716
P02556,0,65.87234713883538
P02557,0,64.52372879100355
P02558,0,64.44838146263604
P02559,0,62.92348409075284
P02560,0,67.907989552653
P02561,0,67.94703166330174
P02562,0,63.38964642801942
P02563,0,72.32260034898201
P02564,0,71.24051350248118
P02565,0,59.66145930605137
P02566,0,70.37443918923373
P02567,0,63.29928340640581
P02568,0,70.27394668066972
P02569,0,67.12817114530114
P02570,0,64.98576354951345
P02571,0,0.0
P02572,0,72.19084789684325
P02573,0,68.6518885739367
P02574,0,74.02193566752518
P02575,0,51.14581272894383
P02576,0,67.16507331858165
P02577,0,68.95784181392443
P02578,0,67.31531790850973
P02579,0,58.85790233983085
P02580,0,65.96986322512322
P02581,0,60.88980699398626
P02582,0,82.71671551505011
P02583,0,68.48632838416464
P02584,0,59.08071229250229
P02585,0,64.46232519998495
P02586,0,71.06761526468081
P02587,0,67.2095308378022
P02588,0,0.0
P02589,0,69.78924648483765
P02590,0,0.0
P02591,0,54.85978130439902
P02592,0,78.37412655929546
P02593,0,56.73241074333071
P02594,0,61.94258571558676
P02595,0,66.73079568911746
P02596,0,0.0
P02597,0,55.885701453617486
P02598,0,0.0
P02599,0,62.72688638915093
P02600,0,62.53576915992032
P02601,0,63.26453484427995
P02602,0,66.41867779181055
P02603,0,62.58312080209221
P02604,0,68.88931975875651
P02605,0,60.53495887721414
P02606,0,69.86878266750374
P02607,0,68.12540548836967
P02608,0,66.3454518739476
P02609,0,64.65588053022924
P02610,0,63.642740230383296
P02611,0,64.06779341438904
P02612,0,0.0
P02613,0,65.9691868412389
P02614,0,72.69121361145348
P02615,0,61.93195565074519
P02616,0,54.40397370358377
P02617,0,72.49144843295294
P02618,0,45.540493807056926
P02619,0,0.0
P02620,0,64.37751099154558
P02621,0,67.52101663571642
P02622,0,56.46459487293606
P02623,0,64.63074816776269
P02624,0,0.0
P02625,0,41.932824027759864
P02626,0,59.2382087918571
P02627,0,0.0
P02628,0,66.68716465474463
P02629,0,42.56923537229261
P02630,0,57.02433073060853
P02631,0,58.27676126163405
P02632,0,65.99402695284734
P02633,0,69.80962886963383
P02634,0,69.91889952756945
P02635,0,0.0
P02636,0,61.553302569361456
P02637,0,72.96365071412595
P02638,0,36.805280050076995
P02639,0,77.24171853070135
P02640,0,74.90704696558534
P02641,0,69.13152772138183
P02642,0,72.30698640812689
P02643,0,67.74258893915521
P02644,0,69.52327823945191
P02645,0,70.69241000956339
P02646,0,39.26347019521296
P02647,0,0.0
P02648,0,72.93071675310104
P02649,0,62.02103457253894
P02650,0,59.319933035204954
P02651,0,0.0
P02652,0,66.6385636529328
P02653,0,74.6643352553217
P02654,0,0.0
P02655,0,72.20085784398775
P02656,0,40.74451797882131
P02657,0,65.3268887636344
P02658,0,70.40394581871533
P02659,0,0.0
P02660,0,64.03785758150369
P02661,0,55.65940396729721
P02662,0,52.976592490130194
P02663,0,71.16196113858793
P02664,0,0.0
P02665,0,66.22481511348825
P02666,0,71.01097300022428
P02667,0,64.70054355293195
P02668,0,0.0
P02669,0,55.63697920402322
P02670,0,57.148867959141235
P02671,0,67.92095203219436
P02672,0,67.94244495842725
P02673,0,79.77041993675083
P02674,0,0.0
P02675,0,59.06160499433402
P02676,0,0.0
P02677,0,73.67629847480598
P02678,0,66.87497906507927
P02679,0,70.23586692002326
P02680,0,65.42823300965152
P02681,0,61.4354872347775
P02682,0,0.0
P02683,0,62.553997089667426
P02684,0,69.65189775166468
P02685,0,62.99673782557561
P02686,0,43.94816474296702
P02687,0,58.49266532702357
P02688,0,63.88121884892462
P02689,0,64.47675163301587
P02690,0,60.68950609059765
P02691,0,67.93285876814788
P02692,0,65.84575320799502
P02693,0,56.938540942813965
P02694,0,67.67724241243471
P02695,0,50.8632669934841
P02696,0,66.5552257989499
P02697,0,64.18199442343672
P02698,0,64.35923641363732
P02699,0,65.96663493020468
P02700,0,76.56025219031373
P02701,0,41.63917168895709
P02702,0,63.36076313189716
P02703,0,64.99811211607891
P02704,0,69.73308624530831
P02705,0,53.351841648934496
P02706,0,65.38818736583659
P02707,0,63.768137140325244
P02708,0,69.85623838673519
P02709,0,64.0628909108461
P02710,0,0.0
P02711,0,71.13724771158235
P02712,0,69.6777373679978
P02713,0,62.66179913936111
P02714,0,0.0
P02715,0,63.322955264207096
P02716,0,68.73889676189555
P02717,0,65.45279304162554
P02718,0,61.892650526944884
P02719,0,65.77719307727124
P02720,0,0.0
P02721,0,64.23902070802137
P02722,0,68.65323519404099
P02723,0,70.33017917607614
P02724,0,67.65211501622484
P02725,0,62.29106418556303
P02726,0,64.21719186762238
P02727,0,70.72682535667516
P02728,0,71.53117863025912
P02729,0,0.0
P02730,0,62.17467214778423
P02731,0,56.81028090332252
P02732,0,0.0
P02733,0,71.90797051600627
P02734,0,0.0
P02735,0,66.19065775307604
P02736,0,69.49517704336449
P02737,0,0.0
P02738,0,36.0480134821735
P02739,0,63.00983155295562
P02740,0,66.92389178291684
P02741,0,0.0
P02742,0,68.60847681329531
P02743,0,67.56667119512781
P02744,0,67.82846354490822
P02745,0,0.0
P02746,0,66.83115454974262
P02747,0,56.77987737258315
P02748,0,58.862332029682804
P02749,0,73.01410036511776
P02750,0,70.69212786247687
P02751,0,66.60386110990702
P02752,0,65.35921059421398
P02753,0,58.70540488797948
P02754,0,66.37344671845604
P02755,0,69.31588784201888
P02756,0,65.81639529888055
P02757,0,68.18905944632368
P02758,0,68.65527609892817
P02759,0,67.96432384331132
P02760,0,78.59682680255189
P02761,0,47.62059615595249
P02762,0,68.47345569172717
P02763,0,67.12984909777244
P02764,0,67.65582580967549
P02765,0,53.54696340738868
P02766,0,0.0
P02767,0,67.2001812853185
P02768,0,58.97686358700853
P02769,0,67.04388142448701
P02770,0,65.94403275939113
P02771,0,72.50657277703334
P02772,0,0.0
P02773,0,65.45747913883017
P02774,0,66.00576204576927
P02775,0,57.970682673999804
P02776,0,48.90030759851429
P02777,0,0.0
P02778,0,64.81795827915947
P02779,0,64.2121169416095
P02780,0,62.76989651772138
P02781,0,41.27021978262078
P02782,0,66.57390803533949
P02783,0,0.0
P02784,0,0.0
P02785,0,72.4351820924129
P02786,0,77.76131473997918
P02787,0,68.91076699644067
P02788,0,60.43715176897013
P02789,0,64.34080196906025
P02790,0,71.74726222413706
P02791,0,0.0
P02792,0,82.93024341067056
P02793,0,71.38557675021542
P02794,0,0.0
P02795,0,67.84785141680332
P02796,0,66.59313150855544
P02797,0,58.535017317763916
P02798,0,68.24091398488436
P02799,0,69.72797277027874
P02800,0,0.0
P02801,0,60.103118883383125
P02802,0,69.59248638709138
P02803,0,67.86857899909931
P02804,0,62.94173343206448
P02805,0,61.615872892863734
P02806,0,59.99226399973071
P02807,0,70.80730755418558
P02808,0,71.35463974354165
P02809,0,69.4721267701018
P02810,0,66.84698500867225
P02811,0,43.35247587042185
P02812,0,79.44150178334448
P02813,0,66.3571439974555
P02814,0,67.21081288384512
P02815,0,69.4563447439905
P02816,0,69.36678350857134
P02817,0,30.057338224114893
P02818,0,69.94277100160406
P02819,0,55.18108895760372
P02820,0,70.46805631920007
P02821,0,67.28361450842958
P02822,0,64.35552605162145
P02823,0,66.38904500203019
P02824,0,66.33027435922797
P02825,0,65.31288135554432
P02826,0,70.25324498230071
P02827,0,59.86648929341022
P02828,0,68.69985870717463
P02829,0,54.66774579843159
P02830,0,63.63291223059711
P02831,0,62.71540785058609
P02832,0,65.3291387759143
P02833,0,67.43762345781754
P02834,0,71.38895115782088
P02835,0,75.14556886485741
P02836,0,69.32417859572966
P02837,0,66.49996886310068
P02838,0,0.0
P02839,0,71.66249865883061
P02840,0,67.08268454690747
P02841,0,65.7530706951906
P02842,0,69.16586916555164
P02843,0,70.15762517909882
P02844,0,78.2616043157175
P02845,0,59.358626364123836
P02846,0,62.401887917433164
P02847,0,50.937911623309695
P02848,0,0.0
P02849,0,0.0
P02850,0,70.69099556610836
P02851,0,74.00848043150478
P02852,0,46.90065599233775
P02853,0,67.19672386590815
P02854,0,70.71825277482405
P02855,0,65.95486476276773
P02856,0,71.45294741040819
P02857,0,0.0
P02858,0,0.0
P02859,0,66.13932300563981
P02860,0,61.031603890668286
P02861,0,0.0
P02862,0,62.6705510944042
P02863,0,67.3449416832051
P02864,0,66.62386377787846
P02865,0,64.57392231154172
P02866,0,74.11522758648947
P02867,0,0.0
P02868,0,0.0
P02869,0,69.2796128164318
P02870,0,0.0
P02871,0,0.0
P02872,0,55.24749765813315
P02873,0,0.0
P02874,0,65.644566319922
P02875,0,32.62868368378644
P02876,0,65.24827756532807
P02877,0,0.0
P02878,0,71.50041286181936
P02879,0,65.52277826862367
P02880,0,72.15598216336906
P02881,0,66.73201991064967
P02882,0,70.97557824872582
P02883,0,63.72565062368126
P02884,0,66.84152727227216
P02885,0,73.56517453073276
P02886,0,66.61556186214295
P02887,0,66.19703949557328
P02888,0,72.23697116859192
P02889,0,69.95447205210445
P02890,0,65.05345143047863
P02891,0,68.05190592868591
P02892,0,76.73301284140265
P02893,0,73.28865094068266
P02894,0,70.4677636513076
P02895,0,72.36325230452337
P02896,0,60.40568865927183
P02897,0,59.0379513883063
P02898,0,57.506352352675414
P02899,0,68.4973372933461
P02900,0,0.0
P02901,0,64.30536428554112
P02902,0,65.76478340697746
P02903,0,65.23689196146549
P02904,0,70.68081789192678
P02905,0,73.28434002825847
P02906,0,0.0
P02907,0,61.80269849398439
P02908,0,61.70109202428024
P02909,0,65.72271371667793
P02910,0,60.82493049766169
P02911,0,60.23290990153618
P02912,0,50.35893693631159
P02913,0,56.849298134666746
P02914,0,0.0
P02915,0,53.998428261389975
P02916,0,71.19957469414605
P02917,0,69.62584803670718
P02918,0,64.39598222430699
P02919,0,33.26307826232474
P02920,0,62.74154880532578
P02921,0,69.26167799619336
P02922,0,63.00073949369913
P02923,0,67.28589856524104
P02924,0,60.974958197986616
P02925,0,71.68429349413208
P02926,0,32.203859950998726
P02927,0,67.02333282086434
P02928,0,68.24553348753989
P02929,0,60.323703708865494
P02930,0,63.49724251199941
P02931,0,54.54499180086055
P02932,0,65.51880189725352
P02933,0,68.86227934790968
P02934,0,0.0
P02935,0,65.61204948855064
P02936,0,71.47860987421689
P02937,0,55.11966759935581
P02938,0,68.33228085466114
P02939,0,70.99887905081891
P02940,0,70.61627676139665
P02941,0,64.17765275711074
P02942,0,70.13621603549637
P02943,0,65.41082525605108
P02944,0,69.6577306180792
P02945,0,67.99147585918365
P02946,0,71.29242102338631
P02947,0,58.86238459781903
P02948,0,70.63427427333325
P02949,0,68.2116328598574
P02950,0,63.81981165710413
P02951,0,63.56738513585748
P02952,0,65.53652994162266
P02953,0,66.54632235125331
P02954,0,73.94783343309147
P02955,0,71.11318415832659
P02956,0,0.0
P02957,0,73.59980163730178
P02958,0,62.29598563850682
P02959,0,61.05608856897137
P02960,0,53.574943012545305
P02961,0,58.6472899253985
P02962,0,47.7080474409932
P02963,0,0.0
P02964,0,64.18091509086605
P02965,0,59.20941213526461
P02966,0,61.35019081146452
P02967,0,50.851187832208545
P02968,0,63.38586407796396
P02969,0,68.27095515527638
P02970,0,0.0
P02971,0,69.31525915821017
P02972,0,71.62499014907947
P02973,0,76.47925337514317
P02974,0,71.43525756339082
P02975,0,63.06212834883369
P02976,0,66.97755512514443
P02977,0,60.085063664809866
P02978,0,66.8590110979823
P02979,0,66.02335163429835
P02980,0,79.92349531565128
P02981,0,64.69857145466965
P02982,0,59.51531914462943
P02983,0,57.333197048055375
P02984,0,40.610046989139256
P02985,0,59.637648199582436
P02986,0,0.0
P02987,0,58.616671809608164
P02988,0,66.38911851713337
P02989,0,64.80886522116367
P02990,0,71.21828594929582
P02991,0,60.42763930046505
P02992,0,63.09031708279539
P02993,0,70.23309993735279
P02994,0,68.17652796952407
P02995,0,43.092502546760024
P02996,0,56.06457005557625
P02997,0,69.1754619978386
P02998,0,54.351596041764964
P02999,0,61.9954212484743
P03000,0,64.79580152172771
P03001,0,0.0
P03002,0,74.12107116095825
P03003,0,74.62948345496791
P03004,0,72.6654842213069
P03005,0,0.0
P03006,0,71.48929159830051
P03007,0,75.55566872354407
P03008,0,58.92138272822135
P03009,0,0.0
P03010,0,65.31979027477358
P03011,0,67.08874767144091
P03012,0,61.02272641331451
P03013,0,77.15257691942654
P03014,0,67.01626707682904
P03015,0,71.15834847135267
P03016,0,66.82900967033554
P03017,0,69.56028078750104
P03018,0,72.39059258150952
P03019,0,0.0
P03020,0,0.0
P03021,0,0.0
P03022,0,66.63411934386116
P03023,0,67.30636124956342
P03024,0,75.69938809346033
P03025,0,67.495813022712
P03026,0,49.24590082142776
P03027,0,68.4035117824746
P03028,0,62.324816659693724
P03029,0,67.8360193441766
P03030,0,61.62831611703356
P03031,0,35.58028776167805
P03032,0,59.40496986848499
P03033,0,67.48859283074266
P03034,0,35.98642012207517
P03035,0,65.49584442311543
P03036,0,64.36352854799962
P03037,0,66.18325219519711
P03038,0,76.20788212890638
P03039,0,69.50658168577198
P03040,0,68.80489169155769
P03041,0,30.91810913535724
P03042,0,63.69968941140949
P03043,0,71.45744040689888
P03044,0,62.504277041548775
P03045,0,76.00648934289882
P03046,0,68.52840670245737
P03047,0,73.05858092485424
P03048,0,68.96963889252322
P03049,0,64.4764115817406
P03050,0,59.88185625819903
P03051,0,0.0
P03052,0,0.0
P03053,0,61.11851328627412
P03054,0,59.4982748843332
P03055,0,73.30670025603703
P03056,0,71.75897822586226
P03057,0,72.0192402571271
P03058,0,74.00688163733507
P03059,0,67.10395244928227
P03060,0,72.59944391120713
P03061,0,63.07071010416225
P03062,0,74.5639980592648
P03063,0,52.56180992444802
P03064,0,69.89460534530372
P03065,0,72.1753189995394
P03066,0,67.65339396923163
P03067,0,78.72934553741379
P03068,0,58.429772242699265
P03069,0,66.40781517586208
P03070,0,62.03636869269388
P03071,0,60.059483907648584
P03072,0,55.588770958701595
P03073,0,50.20143525925961
P03074,0,71.05521354727144
P03075,0,71.07766562461106
P03076,0,68.20135332796666
P03077,0,60.48260063716223
P03078,0,0.0
P03079,0,68.7125198611132
P03080,0,0.0
P03081,0,68.7534193433738
P03082,0,69.24676607164687
P03083,0,66.76936629429763
P03084,0,0.0
P03085,0,76.94798253736835
P03086,0,65.06607972885458
P03087,0,40.047544665916334
P03088,0,64.20494762404
P03089,0,0.0
P03090,0,66.10023335798004
P03091,0,59.362062609058896
P03092,0,67.28992698393503
P03093,0,71.58312416277666
P03094,0,0.0
P03095,0,66.40148401350471
P03096,0,75.34928633092242
P03097,0,66.6145789356533
P03098,0,67.36659567835112
P03099,0,65.02575966847164
P03100,0,76.76070205433452
P03101,0,74.22893259287675
P03102,0,64.41816720234554
P03103,0,63.06551868768706
P03104,0,69.64607352736374
P03105,0,64.97889045756783
P03106,0,66.37385319239544
P03107,0,69.063374299663
P03108,0,75.2188928804051
P03109,0,0.0
P03110,0,62.235868929916904
P03111,0,66.28787141876231
P03112,0,67.87494490875066
P03113,0,71.62172967070369
P03114,0,66.15697851588232
P03115,0,66.97482017529441
P03116,0,67.24586760226663
P03117,0,50.83586168780626
P03118,0,80.89472366711648
P03119,0,69.93032507923238
P03120,0,69.63309161208265
P03121,0,66.02736673595359
P03122,0,60.70099611596479
P03123,0,49.6643352052489
P03124,0,74.3134094870629
P03125,0,0.0
P03126,0,73.3437800423308
P03127,0,67.57198467655444
P03128,0,81.78315465734597
P03129,0,67.37285211930609
P03130,0,73.2336588733348
P03131,0,60.457503456526204
P03132,0,68.67716449388259
P03133,0,75.59584936917595
P03134,0,61.37913479329733
P03135,0,63.69757744904426
P03136,0,68.57077416090695
P03137,0,73.83956974800203
P03138,0,0.0
P03139,0,65.08105372445652
P03140,0,61.16221007567203
P03141,0,67.77640872528764
P03142,0,66.94675474043312
P03143,0,67.46140228981842
P03144,0,70.97486068901104
P03145,0,0.0
P03146,0,67.52963840249204
P03147,0,61.17397164681353
P03148,0,63.392851798792805
P03149,0,50.305743279875635
P03150,0,60.731673459468624
P03151,0,30.09843128964778
P03152,0,68.24023448486768
P03153,0,63.302976603850645
P03154,0,66.26499077102831
P03155,0,65.55509876949182
P03156,0,0.0
P03157,0,0.0
P03158,0,65.76586814316559
P03159,0,0.0
P03160,0,69.08388642096408
P03161,0,70.10678783131712
P03162,0,75.29467450797979
P03163,0,61.04319815782241
P03164,0,66.46150443238305
P03165,0,0.0
P03166,0,66.90436348191028
P03167,0,55.07608431164193
P03168,0,65.31274624267813
P03169,0,69.69738629349443
P03170,0,67.5517027221728
P03171,0,0.0
P03172,0,67.37803504336895
P03173,0,62.18618486249953
P03174,0,68.03982371569597
P03175,0,61.445923550290956
P03176,0,73.97752685341177
P03177,0,0.0
P03178,0,70.07699338012762
P03179,0,59.39882192390963
P03180,0,63.08457501775069
P03181,0,70.57552447800373
P03182,0,54.26357824374512
P03183,0,71.49334956783075
P03184,0,65.24497847827884
P03185,0,72.91205040493801
P03186,0,0.0
P03187,0,72.00755519364954
P03188,0,73.03117365352068
P03189,0,0.0
P03190,0,69.85121469316024
P03191,0,73.72917527143689
P03192,0,70.3755929977287
P03193,0,69.18575628278553
P03194,0,63.270501769195654
P03195,0,66.094717698198
P03196,0,76.36529286546659
P03197,0,63.172496580560235
P03198,0,61.30633739511357
P03199,0,69.6023146763572
P03200,0,53.57980020219225
P03201,0,0.0
P03202,0,66.64541466472626
P03203,0,63.897874055800806
P03204,0,63.9422421722651
P03205,0,74.6306132943734
P03206,0,66.61604960677593
P03207,0,66.14854761752271
P03208,0,70.30425618943525
P03209,0,72.7808481260746
P03210,0,65.2839415994308
P03211,0,81.1875085919142
P03212,0,61.27981327466713
P03213,0,69.30469845443635
P03214,0,65.0886126563871
P03215,0,63.859593492377044
P03216,0,63.433580552931915
P03217,0,61.59709968154837
P03218,0,69.6691489503526
P03219,0,68.38670957443712
P03220,0,64.13330589862053
P03221,0,69.20351266288117
P03222,0,0.0
P03223,0,75.61757422441967
P03224,0,0.0
P03225,0,66.32212235250185
P03226,0,0.0
P03227,0,60.56818889825454
P03228,0,64.989256080515
P03229,0,74.46558262117917
P03230,0,68.43295820185884
P03231,0,66.97963778712833
P03232,0,75.48962133379561
P03233,0,75.48597404128773
P03234,0,68.11467658962482
P03235,0,70.8011799809618
P03236,0,66.500554046867
P03237,0,71.61110076297827
P03238,0,68.16903482080646
P03239,0,54.1950106498848
P03240,0,49.88784860850913
P03241,0,73.65764911211447
P03242,0,62.12256531779585
P03243,0,0.0
P03244,0,70.4039439343032
P03245,0,67.31676503971369
P03246,0,63.58959835559439
P03247,0,68.39484364679106
P03248,0,69.98552528253632
P03249,0,0.0
P03250,0,65.77206262389865
P03251,0,34.07067010168211
P03252,0,0.0
P03253,0,65.255558680319
P03254,0,66.09583431711697
P03255,0,70.16423058119413
P03256,0,67.55199285318308
P03257,0,67.7881296884878
P03258,0,66.6449990886336
P03259,0,75.52867289496209
P03260,0,0.0
P03261,0,68.37762424825144
P03262,0,48.69830457417814
P03263,0,59.29601286962664
P03264,0,69.87735949588028
P03265,0,0.0
P03266,0,70.3094495513017
P03267,0,46.5883655884905
P03268,0,73.8244896012594
P03269,0,70.07384027673537
P03270,0,63.06344238428988
P03271,0,70.77187981366524
P03272,0,64.24707643491223
P03273,0,65.28181119512034
P03274,0,65.18928623782881
P03275,0,70.09957209628168
P03276,0,68.14491482596536
P03277,0,64.56689101302162
P03278,0,60.2627275931492
P03279,0,0.0
P03280,0,0.0
P03281,0,61.48299028531314
P03282,0,67.1186555303062
P03283,0,73.26431975766145
P03284,0,64.57575445250411
P03285,0,64.95270629634238
P03286,0,61.21617566292994
P03287,0,58.40474281353947
P03288,0,67.08390310783527
P03289,0,65.33796802652091
P03290,0,0.0
P03291,0,47.16418105961998
P03292,0,72.7798734367018
P03293,0,64.84921448861753
P03294,0,71.12683319802755
P03295,0,61.714168156417806
P03296,0,0.0
P03297,0,61.09791678911791
P03298,0,69.87934649168159
P03299,0,65.94527105548498
P03300,0,62.187080774959824
P03301,0,67.27733544519606
P03302,0,63.26613657135509
P03303,0,75.78737908468169
P03304,0,67.12835656712099
P03305,0,67.16708067781329
P03306,0,75.8037580203024
P03307,0,64.4313340822143
P03308,0,71.1891898908407
P03309,0,0.0
P03310,0,66.62342096405382
P03311,0,0.0
P03312,0,69.10122461975881
P03313,0,69.491447052353
P03314,0,62.59131303824801
P03315,0,63.98009673450989
P03316,0,75.10182870433518
P03317,0,69.50212122666967
P03318,0,0.0
P03319,0,73.23295807156721
P03320,0,66.31942770707161
P03321,0,65.19784105598568
P03322,0,63.15557841545952
P03323,0,62.41365280664923
P03324,0,64.01181622338274
P03325,0,63.97888528860912
P03326,0,49.734930146970335
P03327,0,0.0
P03328,0,63.92551349134495
P03329,0,65.30237311431343
P03330,0,63.29427218468623
P03331,0,65.11427030781809
P03332,0,66.11130403186937
P03333,0,72.93210182151611
P03334,0,0.0
P03335,0,67.24817339044084
P03336,0,62.02797591329304
P03337,0,66.26753346666158
P03338,0,71.21705742920746
P03339,0,43.87311217602859
P03340,0,72.28193791870336
P03341,0,50.81421685526434
P03342,0,59.352559738103764
P03343,0,64.20769650311887
P03344,0,59.523483833274405
P03345,0,74.44110542820493
P03346,0,65.83789944954485
P03347,0,63.18855694977016
P03348,0,78.80906910308325
P03349,0,65.83531921259343
P03350,0,69.30510579422247
P03351,0,63.2505390414965
P03352,0,66.7445065714934
P03353,0,57.50049902400155
P03354,0,67.00045888526711
P03355,0,0.0
P03356,0,0.0
P03357,0,68.06032963332372
P03358,0,70.11834525136244
P03359,0,66.48070917180752
P03360,0,66.7137531819821
P03361,0,67.20578656640754
P03362,0,50.92727167269657
P03363,0,54.61054670980604
P03364,0,67.78087527577749
P03365,0,65.59929138673039
P03366,0,71.13159182432368
P03367,0,63.88106505664687
P03368,0,68.04296465313767
P03369,0,0.0
P03370,0,72.11989399809897
P03371,0,67.30713358442095
P03372,0,60.24054149480583
P03373,0,73.16840392296962
P03374,0,73.31393296764912
P03375,0,62.5601914468335
P03376,0,31.511846231280284
P03377,0,66.54075317321647
P03378,0,62.31939447130054
P03379,0,70.82553317949326
P03380,0,69.74248504173333
P03381,0,0.0
P03382,0,53.53321866293468
P03383,0,67.09695440686639
P03384,0,65.49911447575471
P03385,0,66.14269285194773
P03386,0,0.0
P03387,0,63.684300831879185
P03388,0,70.25506028595834
P03389,0,73.82343529266328
P03390,0,0.0
P03391,0,61.530178776857156
P03392,0,64.59775601922884
P03393,0,74.20425880214655
P03394,0,69.23860989733697
P03395,0,70.78411915984285
P03396,0,65.16570332940815
P03397,0,66.15927390992047
P03398,0,69.94704563248922
P03399,0,55.99261695436284
P03400,0,61.036800530060596
P03401,0,69.32071060757887
P03402,0,70.19177193035195
P03403,0,71.41221742276528
P03404,0,65.60738782534571
P03405,0,56.32572017818499
P03406,0,65.25082049810361
P03407,0,69.19626795972408
P03408,0,62.862259358581184
P03409,0,0.0
P03410,0,58.078924950616894
P03411,0,0.0
P03412,0,0.0
P03413,0,58.83449818979177
P03414,0,69.3132852757902
P03415,0,0.0
P03416,0,52.54605005974452
P03417,0,57.552583721921025
P03418,0,66.93423812321497
P03419,0,72.91807772074567
P03420,0,71.115715440611
P03421,0,72.49293639957928
P03422,0,62.58793103388709
P03423,0,74.7233217586397
P03424,0,0.0
P03425,0,57.5741930912696
P03426,0,30.92684462238104
P03427,0,0.0
P03428,0,70.0513757110342
P03429,0,64.39314630943474
P03430,0,68.60921382886639
P03431,0,70.8167729488701
P03432,0,64.5003309756801
P03433,0,62.86871508311888
P03434,0,74.20778998771847
P03435,0,73.2584732256971
P03436,0,66.89606637659054
P03437,0,55.7133472461974
P03438,0,66.95655883333728
P03439,0,0.0
P03440,0,68.62185622000985
P03441,0,75.90037078716946
P03442,0,83.94398661033468
P03443,0,66.95135880213815
P03444,0,54.01064819632263
P03445,0,65.4865022188951
P03446,0,70.67976759027587
P03447,0,62.180463531470785
P03448,0,69.05898717922557
P03449,0,73.54131838650221
P03450,0,52.85090264166755
P03451,0,69.0734867128354
P03452,0,45.584910316644226
P03453,0,64.69012103165889
P03454,0,70.9186367727297
P03455,0,57.15930670120331
P03456,0,53.79914974640015
P03457,0,65.9133142831533
P03458,0,64.56083512694552
P03459,0,66.82086391490853
P03460,0,67.3655267391264
P03461,0,68.70894582879538
P03462,0,65.82317499450835
P03463,0,68.0605864898454
P03464,0,63.36127539840633
P03465,0,66.1067270029324
P03466,0,70.7696022847534
P03467,0,0.0
P03468,0,0.0
P03469,0,65.44157860173493
P03470,0,0.0
P03471,0,62.754272152082535
P03472,0,0.0
P03473,0,65.6965407962788
P03474,0,62.512142049447014
P03475,0,67.6996129261645
P03476,0,0.0
P03477,0,0.0
P03478,0,63.27669199222786
P03479,0,68.39297156842441
P03480,0,59.865321437034815
P03481,0,65.57246032928646
P03482,0,73.33952653566318
P03483,0,70.9833221525732
P03484,0,71.49187294560258
P03485,0,61.96550047785158
P03486,0,73.29728553164576
P03487,0,63.65336945269375
P03488,0,61.441714278572846
P03489,0,58.67961091589444
P03490,0,59.454747309850596
P03491,0,65.73573849411623
P03492,0,0.0
P03493,0,72.85925386409771
P03494,0,74.59994920546492
P03495,0,67.25403408056792
P03496,0,65.47814382641177
P03497,0,40.68483316204568
P03498,0,71.73826372108972
P03499,0,65.08091056488226
P03500,0,43.9453071488354
P03501,0,72.3687060883537
P03502,0,67.92890313766164
P03503,0,69.67881909697601
P03504,0,67.01991391809241
P03505,0,74.53589913672182
P03506,0,60.515471752445315
P03507,0,64.7717215949446
P03508,0,64.29770351939717
P03509,0,65.56306424831654
P03510,0,64.6762473728026
P03511,0,49.97915744274265
P03512,0,61.01149026364614
P03513,0,68.16401328358866
P03514,0,0.0
P03515,0,70.76178790243299
P03516,0,69.462587289696
P03517,0,72.70323046327776
P03518,0,47.78446371115036
P03519,0,52.905572352801144
P03520,0,70.53914027499162
P03521,0,48.53810959083821
P03522,0,65.23633755855866
P03523,0,68.43988638795996
P03524,0,66.0619994769651
P03525,0,65.14058991849514
P03526,0,58.49863764412866
P03527,0,70.6574301553718
P03528,0,0.0
P03529,0,69.24232202126511
P03530,0,63.43590101687542
P03531,0,0.0
P03532,0,67.7734882034701
P03533,0,68.45358806439316
P03534,0,78.51906903031261
P03535,0,66.99704032000461
P03536,0,68.8717578512011
P03537,0,48.034214444845134
P03538,0,39.53980892997776
P03539,0,65.34048853513286
P03540,0,58.12617523651098
P03541,0,70.13440480906111
P03542,0,68.38263552716528
P03543,0,66.29624170915979
P03544,0,66.26559403339007
P03545,0,68.38758808048296
P03546,0,72.38487996268411
P03547,0,0.0
P03548,0,77.24385112358799
P03549,0,67.45484139961586
P03550,0,59.75983139144789
P03551,0,74.93431456805732
P03552,0,70.27663744949136
P03553,0,63.78863897517291
P03554,0,70.61583536528235
P03555,0,64.90959195018226
P03556,0,68.92666684899794
P03557,0,64.6913387033317
P03558,0,63.30918142247538
P03559,0,64.24559146303437
P03560,0,65.38930496676399
P03561,0,67.77591762697412
P03562,0,72.73307539586273
P03563,0,47.714858532859154
P03564,0,0.0
P03565,0,56.76294354838911
P03566,0,69.34258938461662
P03567,0,66.58425286238459
P03568,0,0.0
P03569,0,0.0
P03570,0,0.0
P03571,0,63.54827636674083
P03572,0,0.0
P03573,0,57.49117130104341
P03574,0,67.27648298305563
P03575,0,69.26348904390542
P03576,0,68.18677017668577
P03577,0,59.993580401304826
P03578,0,64.58334703188926
P03579,0,62.95163062158932
P03580,0,64.72890574457172
P03581,0,66.82651198804683
P03582,0,74.25046741766306
P03583,0,72.40536645534003
P03584,0,65.49620423272171
P03585,0,71.37191584945539
P03586,0,0.0
P03587,0,78.63026522751053
P03588,0,36.50551801186036
P03589,0,68.85941703081158
P03590,0,67.42090183743201
P03591,0,72.90753154294326
P03592,0,66.13347348336099
P03593,0,67.28024601708017
P03594,0,67.79690139245656
P03595,0,69.98404435884387
P03596,0,69.82617815757021
P03597,0,50.30840338751765
P03598,0,71.91165364666216
P03599,0,66.85350107442142
P03600,0,67.34882792091804
P03601,0,33.43864485465232
P03602,0,71.56235523328672
P03603,0,61.16717931156459
P03604,0,64.61028128814094
P03605,0,70.1091776204698
P03606,0,71.1741318844461
P03607,0,66.52292089633984
P03608,0,71.40559354085866
P03609,0,64.1525766662301
P03610,0,65.96255138349228
P03611,0,55.005408333344654
P03612,0,68.1089283198267
P03613,0,72.49439350853092
P03614,0,64.30435994218897
P03615,0,74.32365460811991
P03616,0,62.225670424378556
P03617,0,67.03260412129174
P03618,0,0.0
P03619,0,0.0
P03620,0,67.2487102940836
P03621,0,69.44967644055374
P03622,0,57.94657528372116
P03623,0,70.06010333170919
P03624,0,70.46844644814752
P03625,0,67.69623346807029
P03626,0,76.69910266741002
P03627,0,71.07763598825466
P03628,0,61.6883948048121
P03629,0,68.62376163965409
P03630,0,69.54796657541557
P03631,0,67.42936771493291
P03632,0,67.35511483830624
P03633,0,71.38868772111849
P03634,0,70.9533809745934
P03635,0,65.83495761750106
P03636,0,68.76598237229523
P03637,0,64.40782335918828
P03638,0,0.0
P03639,0,65.24468878089837
P03640,0,46.26921741204018
P03641,0,65.87371309731284
P03642,0,0.0
P03643,0,72.16715650020518
P03644,0,72.89785774544816
P03645,0,71.21501128676613
P03646,0,75.0082280402464
P03647,0,69.79118478856759
P03648,0,0.0
P03649,0,67.80834751526098
P03650,0,66.07517279542179
P03651,0,71.15031490468174
P03652,0,61.84047569569331
P03653,0,63.252629880905474
P03654,0,65.08671747249758
P03655,0,0.0
P03656,0,60.63442304388712
P03657,0,65.85730921520116
P03658,0,70.50835771194829
P03659,0,71.58236769732521
P03660,0,70.10063395126585
P03661,0,54.86628117582279
P03662,0,55.7978077231204
P03663,0,65.47360021660664
P03664,0,0.0
P03665,0,67.26619067353728
P03666,0,69.1489539071028
P03667,0,0.0
P03668,0,51.46934209358146
P03669,0,69.60095419958712
P03670,0,65.67962820359347
P03671,0,67.3340441374662
P03672,0,0.0
P03673,0,71.9902993025868
P03674,0,0.0
P03675,0,72.73361721762494
P03676,0,63.997952800931714
P03677,0,68.92416914120784
P03678,0,67.33402180867522
P03679,0,43.09019993194681
P03680,0,62.91360938728234
P03681,0,76.32324651867157
P03682,0,62.74407136923422
P03683,0,70.19664002194308
P03684,0,0.0
P03685,0,69.94159318576096
P03686,0,0.0
P03687,0,65.27794472882549
P03688,0,68.6709131931041
P03689,0,74.17878796825576
P03690,0,60.804170721738636
P03691,0,58.956400349606064
P03692,0,50.78620142311793
P03693,0,62.05814639581049
P03694,0,0.0
P03695,0,0.0
P03696,0,67.74106710399951
P03697,0,74.33635632665093
P03698,0,66.58412309548542
P03699,0,57.69816642584436
P03700,0,0.0
P03701,0,66.69911922433245
P03702,0,65.8250683446444
P03703,0,70.50307671690695
P03704,0,72.67454492153901
P03705,0,84.47435772788452
P03706,0,70.56631828204107
P03707,0,46.991190493318776
P03708,0,72.35772206822553
P03709,0,66.72226404752095
P03710,0,69.55317120016076
P03711,0,61.15464773250886
P03712,0,61.263709275921705
P03713,0,66.59982551493951
P03714,0,68.21319007674778
P03715,0,61.90292407358555
P03716,0,66.14124622670208
P03717,0,60.032679871089655
P03718,0,69.72424038386154
P03719,0,44.404753367759675
P03720,0,69.64872422725814
P03721,0,67.83534004543775
P03722,0,63.448271057664854
P03723,0,69.21431539683117
P03724,0,70.25467811169409
P03725,0,69.71809271814465
P03726,0,63.525649040292876
P03727,0,63.2703670093325
P03728,0,56.130128150838296
P03729,0,67.11738990283483
P03730,0,59.880419450223485
P03731,0,43.26798696872146
P03732,0,68.48531384143051
P03733,0,0.0
P03734,0,0.0
P03735,0,64.58150542457113
P03736,0,64.61285775390732
P03737,0,66.65761608239865
P03738,0,69.30666759005929
P03739,0,0.0
P03740,0,70.3048055294476
P03741,0,62.87044499664923
P03742,0,60.9821608067826
P03743,0,58.043741266759255
P03744,0,68.13927087614296
P03745,0,64.7748604474168
P03746,0,64.96744173149675
P03747,0,61.46863588366802
P03748,0,62.43963691401444
P03749,0,64.79837789446292
P03750,0,67.40486254969171
P03751,0,74.80694658313294
P03752,0,65.98374345927367
P03753,0,0.0
P03754,0,65.59466203349321
P03755,0,33.295389868380774
P03756,0,72.04153061509481
P03757,0,72.2328455098915
P03758,0,66.60709618864027
P03759,0,64.11260007852762
P03760,0,63.29896534247453
P03761,0,77.23136584680039
P03762,0,65.98299603471935
P03763,0,67.82784180070182
P03764,0,62.86868265347299
P03765,0,69.31155962293833
P03766,0,65.91428450209344
P03767,0,0.0
P03768,0,66.36919735054761
P03769,0,0.0
P03770,0,69.27091805821172
P03771,0,67.834375854635
P03772,0,63.92165926023252
P03773,0,48.98651214740683
P03774,0,63.37701217654872
P03775,0,64.7564441909579
P03776,0,73.29554461467399
P03777,0,64.98485540005576
P03778,0,70.56367695561208
P03779,0,70.2509230678547
P03780,0,70.48402225365446
P03781,0,63.287232088927645
P03782,0,66.29047940312697
P03783,0,0.0
P03784,0,69.97812644090456
P03785,0,57.036013023574284
P03786,0,67.47256610855872
P03787,0,59.49870187804248
P03788,0,68.3701709297703
P03789,0,0.0
P03790,0,70.54317982308343
P03791,0,59.899642980755715
P03792,0,0.0
P03793,0,70.67904540416896
P03794,0,69.47233431475283
P03795,0,69.2900953868327
P03796,0,0.0
P03797,0,68.96840130498379
P03798,0,30.08279945193325
P03799,0,71.0455337624889
P03800,0,64.48510423300216
P03801,0,69.83248595102214
P03802,0,69.48295450096637
P03803,0,74.78883028942262
P03804,0,67.75984558831006
P03805,0,66.51644641367416
P03806,0,68.44616133767649
P03807,0,71.82123177144953
P03808,0,62.25771302835689
P03809,0,53.1587940082843
P03810,0,0.0
P03811,0,66.32191302168732
P03812,0,71.1851421048385
P03813,0,49.25578667574842
P03814,0,72.7424732665469
P03815,0,69.19422220252952
P03816,0,74.14579469617955
P03817,0,73.45349640019532
P03818,0,58.16101034788899
P03819,0,65.0965457718965
P03820,0,50.74182701265049
P03821,0,65.86830087842465
P03822,0,0.0
P03823,0,63.394731495674165
P03824,0,67.9875293790789
P03825,0,47.73769052978893
P03826,0,70.15962724515833
P03827,0,64.18965781498457
P03828,0,50.838148073853695
P03829,0,69.47350409130881
P03830,0,65.10723618769266
P03831,0,70.81892951513599
P03832,0,69.84746021014995
P03833,0,0.0
P03834,0,65.4798268091933
P03835,0,65.16124588955675
P03836,0,0.0
P03837,0,0.0
P03838,0,68.91694814115905
P03839,0,55.47766939884797
P03840,0,42.887140353895944
P03841,0,31.260718772478945
P03842,0,64.15343768517468
P03843,0,50.33553076292009
P03844,0,43.48353247181458
P03845,0,0.0
P03846,0,62.09336887855837
P03847,0,70.58525828719931
P03848,0,46.06353640755996
P03849,0,63.825828032336965
P03850,0,69.71102961188667
P03851,0,0.0
P03852,0,0.0
P03853,0,60.07997303797787
P03854,0,65.6437540727729
P03855,0,63.46180907607568
P03856,0,64.59342688631881
P03857,0,0.0
P03858,0,68.78257406461915
P03859,0,0.0
P03860,0,0.0
P03861,0,71.9538879849064
P03862,0,68.03660090864003
P03863,0,60.947701508428864
P03864,0,0.0
P03865,0,0.0
P03866,0,42.214723456979684
P03867,0,0.0
P03868,0,44.92622371194896
P03869,0,53.10443532973256
P03870,0,49.471013711156566
P03871,0,69.79348862663312
P03872,0,64.21534831978981
P03873,0,65.97208919911607
P03874,0,65.76918911926755
P03875,0,73.8718015734094
P03876,0,0.0
P03877,0,77.88290262492715
P03878,0,0.0
P03879,0,39.78700342426326
P03880,0,63.465967346672016
P03881,0,0.0
P03882,0,66.13460295024775
P03883,0,47.810303099199025
P03884,0,66.52937812229817
P03885,0,68.27748192238035
P03886,0,61.91010121970275
P03887,0,0.0
P03888,0,0.0
P03889,0,53.1081806948946
P03890,0,69.42695125362508
P03891,0,39.087886593441866
P03892,0,67.21464453442742
P03893,0,63.46083484442826
P03894,0,68.3090956142048
P03895,0,60.32655734074916
P03896,0,63.102217254391405
P03897,0,63.99476606760198
P03898,0,61.81217588240274
P03899,0,63.279192773277934
P03900,0,70.51561052284427
P03901,0,70.0886652713686
P03902,0,76.3039010610721
P03903,0,53.641613259820865
P03904,0,64.17622300836956
P03905,0,63.8278973814581
P03906,0,62.55870341848735
P03907,0,37.60224304495556
P03908,0,71.52000671998799
P03909,0,68.82370492237102
P03910,0,67.14525905961465
P03911,0,49.81336445806598
P03912,0,70.90464950978672
P03913,0,71.07890461555061
P03914,0,66.55573153471687
P03915,0,60.80149911124373
P03916,0,66.61920639350359
P03917,0,66.94613269969926
P03918,0,0.0
P03919,0,0.0
P03920,0,44.28936259016554
P03921,0,65.30130792015683
P03922,0,71.62730956889428
P03923,0,67.08719770600274
P03924,0,51.500975717576566
P03925,0,58.03060119187569
P03926,0,68.42612816447901
P03927,0,63.42713937267669
P03928,0,37.08851534289303
P03929,0,58.98298390113451
P03930,0,69.65985714703938
P03931,0,70.31504914927966
P03932,0,78.30716842908721
P03933,0,69.94833871071513
P03934,0,68.94810641939806
P03935,0,66.33104454252879
P03936,0,66.91107663731319
P03937,0,0.0
P03938,0,71.33907448487535
P03939,0,68.27281003673386
P03940,0,69.65240290928266
P03941,0,66.68172388641183
P03942,0,67.37312907899627
P03943,0,70.41256670338234
P03944,0,58.13178771605912
P03945,0,66.01064507848878
P03946,0,67.16663508820615
P03947,0,71.59880206759013
P03948,0,70.3554750694803
P03949,0,73.85505651110165
P03950,0,71.33249068152959
P03951,0,0.0
P03952,0,61.67348687900947
P03953,0,67.6112423149139
P03954,0,67.7629086815638
P03955,0,55.829337641900544
P03956,0,0.0
P03957,0,67.50028460668607
P03958,0,57.28912979141059
P03959,0,61.6013734977092
P03960,0,65.58378529770806
P03961,0,0.0
P03962,0,77.71108365680995
P03963,0,0.0
P03964,0,69.89868396212925
P03965,0,0.0
P03966,0,77.91220796592404
P03967,0,0.0
P03968,0,66.763014610634
P03969,0,62.143237369603185
P03970,0,66.73641824653498
P03971,0,62.01034975943801
P03972,0,63.73996371879097
P03973,0,59.986721892047825
P03974,0,0.0
P03975,0,53.3049526180857
P03976,0,66.59077694163452
P03977,0,50.48477336476387
P03978,0,72.88612160420949
P03979,0,65.03969260361212
P03980,0,57.21452974873943
P03981,0,68.00478666754871
P03982,0,50.63371352756373
P03983,0,65.42631666271764
P03984,0,0.0
P03985,0,78.10647497456188
P03986,0,72.30239004113372
P03987,0,77.26436198669107
P03988,0,64.56097509880273
P03989,0,69.9232184620959
P03990,0,44.173847362868635
P03991,0,61.70673140611005
P03992,0,67.40427475441938
P03993,0,0.0
P03994,0,64.88644747818665
P03995,0,71.53293313544262
P03996,0,0.0
P03997,0,77.43076594833465
P03998,0,69.45463239967404
P03999,0,72.81165891391453
P04000,0,68.76886486666642
P04001,0,72.4840325878941
P04002,0,71.17445327370343
P04003,0,65.24946732940751
P04004,0,71.58519136805349
P04005,0,0.0
P04006,0,65.75699841356018
P04007,0,69.19740446702798
P04008,0,67.20580471484415
P04009,0,0.0
P04010,0,58.31331798813751
P04011,0,43.13749827135332
P04012,0,68.04509949210733
P04013,0,0.0
P04014,0,69.36092338318329
P04015,0,38.312265389215284
P04016,0,59.59190127258994
P04017,0,62.356238990723455
P04018,0,66.02122689471634
P04019,0,65.72156922020926
P04020,0,64.91637462867476
P04021,0,59.84696558867512
P04022,0,64.11940081990535
P04023,0,74.9205563813543
P04024,0,63.64933811263417
P04025,0,66.63041152355662
P04026,0,0.0
P04027,0,63.29992802215775
P04028,0,70.04027015201237
P04029,0,67.09343712034448
P04030,0,50.15304702917868
P04031,0,0.0
P04032,0,0.0
P04033,0,63.104324806655875
P04034,0,70.30587051465372
P04035,0,0.0
P04036,0,74.54955559073265
P04037,0,61.239807028476825
P04038,0,60.663711452367664
P04039,0,65.22759139260644
P04040,0,67.05253466590673
P04041,0,70.1457758232619
P04042,0,65.50093954560181
P04043,0,77.82527251439748
P04044,0,61.036465799266246
P04045,0,61.13430692030216
P04046,0,65.82745388548004
P04047,0,60.64414137169031
P04048,0,64.49412670695668
P04049,0,64.53188198818623
P04050,0,76.15394197535475
P04051,0,0.0
P04052,0,0.0
P04053,0,0.0
P04054,0,66.88470678782066
P04055,0,67.34386603793335
P04056,0,69.60895965046396
P04057,0,0.0
P04058,0,66.38506131785596
P04059,0,70.81501210436659
P04060,0,70.83158260417251
P04061,0,69.36909239964021
P04062,0,0.0
P04063,0,62.181196853268915
P04064,0,66.01637899960159
P04065,0,73.9056989021984
P04066,0,70.02109808397952
P04067,0,70.7897742613452
P04068,0,65.53118759926139
P04069,0,61.94708049641551
P04070,0,62.68527834600637
P04071,0,63.527579675890664
P04072,0,69.72066892887531
P04073,0,58.303741773334295
P04074,0,59.06561755311899
P04075,0,70.79203263616063
P04076,0,69.76747542144794
P04077,0,0.0
P04078,0,0.0
P04079,0,60.949108021699
P04080,0,61.879714225460724
P04081,0,69.73250117487821
P04082,0,70.85495556761194
P04083,0,69.89260830430412
P04084,0,0.0
P04085,0,74.24973681502107
P04086,0,71.8864355228972
P04087,0,65.23905019983054
P04088,0,0.0
P04089,0,70.22765557013753
P04090,0,73.09507049754924
P04091,0,67.88712851993697
P04092,0,76.26488236245078
P04093,0,67.64941679609971
P04094,0,71.13550526677142
P04095,0,67.54202682361297
P04096,0,47.66624842628562
P04097,0,30.634317905900964
P04098,0,63.35377366835675
P04099,0,66.83638247269711
P04100,0,53.119198773798296
P04101,0,62.04401358365364
P04102,0,67.94188802046361
P04103,0,75.20258292909115
P04104,0,63.550009954130935
P04105,0,72.14089960160237
P04106,0,61.68979392139696
P04107,0,62.61116688112194
P04108,0,66.45734364867558
P04109,0,72.28698019457875
P04110,0,67.80509683240807
P04111,0,68.95888674391264
P04112,0,48.05019346543591
P04113,0,62.3107824786301
P04114,0,72.53294664921425
P04115,0,63.8983595371715
P04116,0,54.45227831581603
P04117,0,68.45254273823109
P04118,0,71.29250746454225
P04119,0,44.16884068428608
P04120,0,0.0
P04121,0,40.455991475853146
P04122,0,68.87126116683505
P04123,0,36.03723076850398
P04124,0,60.11785563844827
P04125,0,56.63035242785147
P04126,0,0.0
P04127,0,72.42584920537738
P04128,0,69.00376171582569
P04129,0,63.9198768070775
P04130,0,67.44970497754886
P04131,0,62.29749808440887
P04132,0,0.0
P04133,0,57.46483930148947
P04134,0,64.47800700053172
P04135,0,64.68721428220258
P04136,0,42.48325408193926
P04137,0,68.13942639678035
P04138,0,70.76302094974228
P04139,0,74.47249546910348
P04140,0,67.9041568741532
P04141,0,67.65676194098772
P04142,0,56.69511785327212
P04143,0,65.58974770476489
P04144,0,65.26172721210877
P04145,0,64.47803740038609
P04146,0,67.11070121910191
P04147,0,68.09042533217796
P04148,0,0.0
P04149,0,59.52302693558201
P04150,0,63.94252698899867
P04151,0,71.407444918652
P04152,0,65.08773914333051
P04153,0,55.6981265555765
P04154,0,63.48776147880626
P04155,0,63.90119909066312
P04156,0,70.17910604212626
P04157,0,81.69145824413091
P04158,0,64.00776442530609
P04159,0,0.0
P04160,0,67.57238826225806
P04161,0,62.893410211398034
P04162,0,66.37611476925855
P04163,0,70.60775095412889
P04164,0,0.0
P04165,0,57.15075786051269
P04166,0,62.266861036204716
P04167,0,70.30667933726902
P04168,0,73.77223030945534
P04169,0,66.6962257821307
P04170,0,74.39972934099156
P04171,0,65.18653494172898
P04172,0,65.25876332871718
P04173,0,62.49909362131159
P04174,0,0.0
P04175,0,71.804151648611
P04176,0,68.28495801491175
P04177,0,51.06989470681466
P04178,0,69.17343550634418
P04179,0,70.84953049777137
P04180,0,61.44849198847967
P04181,0,68.4619660322876
P04182,0,59.86513019470359
P04183,0,71.16845191577556
P04184,0,73.54921742086817
P04185,0,69.42216566172749
P04186,0,61.08109774130032
P04187,0,64.11044682960055
P04188,0,64.16348517339546
P04189,0,66.88893938366132
P04190,0,60.05100451610418
P04191,0,0.0
P04192,0,67.89034233139111
P04193,0,0.0
P04194,0,66.8410117209343
P04195,0,73.43603815943678
P04196,0,71.1998081974522
P04197,0,64.45391089631808
P04198,0,64.43267737291772
P04199,0,75.14836433638469
P04200,0,0.0
P04201,0,64.09591109300887
P04202,0,71.19367532022352
P04203,0,0.0
P04204,0,32.06327727591615
P04205,0,68.66705309289704
P04206,0,64.75824249041554
P04207,0,81.46385424754806
P04208,0,58.3369038918437
P04209,0,68.10647481093548
P04210,0,73.64926674899127
P04211,0,79.63631108389978
P04212,0,68.05596568716086
P04213,0,70.9655193064654
P04214,0,64.0062429155937
P04215,0,44.97839458862618
P04216,0,0.0
P04217,0,73.10288830302412
P04218,0,73.33869920324354
P04219,0,57.34298575723713
P04220,0,70.32828030143195
P04221,0,0.0
P04222,0,0.0
P04223,0,77.38574966035523
P04224,0,0.0
P04225,0,0.0
P04226,0,41.348738797624605
P04227,0,58.75062083795177
P04228,0,0.0
P04229,0,75.33889921762716
P04230,0,73.75865007321066
P04231,0,61.121301140326466
P04232,0,68.2107669869427
P04233,0,65.28444295355398
P04234,0,70.98276349715162
P04235,0,58.5297540060159
P04236,0,72.7065073232067
P04237,0,60.91500020503283
P04238,0,59.448728348637346
P04239,0,65.57177359313714
P04240,0,75.83211196998343
P04241,0,59.43465897932588
P04242,0,71.69398941163848
P04243,0,67.64794446670267
P04244,0,65.78375761361865
P04245,0,68.9876846022311
P04246,0,65.558268388792
P04247,0,0.0
P04248,0,66.82706622402476
P04249,0,66.1899930945586
P04250,0,65.20644487949541
P04251,0,68.88731982531688
P04252,0,59.879430371713916
P04253,0,66.18451559751529
P04254,0,78.75724644501882
P04255,0,49.21204382563745
P04256,0,62.283734937676215
P04257,0,68.22805411246425
P04258,0,70.45271939799977
P04259,0,65.36994417686695
P04260,0,45.09383176137215
P04261,0,79.02089381762742
P04262,0,71.8888049125659
P04263,0,66.57435056936676
P04264,0,67.93792003091498
P04265,0,69.219257996806
P04266,0,49.127816078509525
P04267,0,66.6630358672902
P04268,0,71.61507647757315
P04269,0,71.10070398814406
P04270,0,74.55156438943669
P04271,0,0.0
P04272,0,25.511690223104132
P04273,0,62.26599383550499
P04274,0,62.73494585356071
P04275,0,67.3394619314799
P04276,0,62.223525479790034
P04277,0,57.30352938659101
P04278,0,61.97307791962654
P04279,0,62.78888024271717
P04280,0,64.18811583627092
P04281,0,41.53397966062625
P04282,0,74.30515675377018
P04283,0,65.689207912547
P04284,0,63.16129790952058
P04285,0,42.52409129898303
P04286,0,64.40801948373775
P04287,0,72.90038329662887
P04288,0,73.05502608834948
P04289,0,64.01889909658848
P04290,0,71.00350243469865
P04291,0,58.81463320019387
P04292,0,77.3775953804274
P04293,0,55.897933145147135
P04294,0,65.3868189441562
P04295,0,74.05301104303612
P04296,0,63.45328067320626
P04297,0,64.52550751375324
P04298,0,61.43911409704608
P04299,0,0.0
P04300,0,63.64557700767172
P04301,0,65.99751366834457
P04302,0,67.76432262767953
P04303,0,63.38243732369335
P04304,0,70.09730465486554
P04305,0,62.4201727381044
P04306,0,67.07513870796238
P04307,0,67.08954053117412
P04308,0,67.79201030489959
P04309,0,61.03731798399098
P04310,0,67.9170635884543
P04311,0,62.6470811554337
P04312,0,71.88096012112776
P04313,0,60.54080866851527
P04314,0,67.40873417666047
P04315,0,37.594917463314005
P04316,0,66.18384767463087
P04317,0,0.0
P04318,0,70.09162782199807
P04319,0,51.13091095207925
P04320,0,67.21573218018636
P04321,0,66.00734940158803
P04322,0,68.15034136475818
P04323,0,66.11970759712335
P04324,0,67.65060259309853
P04325,0,68.46083320482006
P04326,0,0.0
P04327,0,0.0
P04328,0,72.43051048107971
P04329,0,65.68962103905666
P04330,0,66.11578021989621
P04331,0,71.11553327584448
P04332,0,65.12986090502629
P04333,0,64.40082255866794
P04334,0,69.15168830441502
P04335,0,0.0
P04336,0,66.64988866311015
P04337,0,60.615754004976
P04338,0,71.13062604988848
P04339,0,52.252666217694035
P04340,0,67.92400645132335
P04341,0,61.70362113847603
P04342,0,0.0
P04343,0,72.45495067675168
P04344,0,0.0
P04345,0,56.91911224962756
P04346,0,75.17399320414533
P04347,0,62.70152990088833
P04348,0,0.0
P04349,0,66.60529252413367
P04350,0,61.7674243107431
P04351,0,76.46604154312384
P04352,0,72.61803380444748
P04353,0,70.2498448117676
P04354,0,67.73473270533809
P04355,0,37.085612393876644
P04356,0,68.8549144488162
P04357,0,64.51361494277327
P04358,0,41.58750351145484
P04359,0,61.89649753496279
P04360,0,62.70121979180667
P04361,0,61.2748582639689
P04362,0,62.33087317405121
P04363,0,79.25468685263453
P04364,0,48.08831918124109
P04365,0,56.03206923631663
P04366,0,57.43503877317363
P04367,0,63.404666122245466
P04368,0,65.16643086368677
P04369,0,68.96518635283624
P04370,0,0.0
P04371,0,69.20443154868924
P04372,0,63.326600799251274
P04373,0,42.862094964910085
P04374,0,67.42999790261976
P04375,0,64.42276976357213
P04376,0,72.2214179237184
P04377,0,64.70233078243464
P04378,0,60.107317671408765
P04379,0,71.26159125323363
P04380,0,73.51228339307569
P04381,0,71.32861108374833
P04382,0,71.64450448270813
P04383,0,66.7193075055688
P04384,0,0.0
P04385,0,74.47605059983327
P04386,0,69.3938838724255
P04387,0,64.9652281977265
P04388,0,53.35055545688287
P04389,0,69.22768563719805
P04390,0,62.397206418349846
P04391,0,0.0
P04392,0,67.09760432871003
P04393,0,66.40968088752744
P04394,0,52.132573461299145
P04395,0,66.86601245582123
P04396,0,66.16755038835443
P04397,0,63.02630807864457
P04398,0,66.55458422626808
P04399,0,65.4285025151114
P04400,0,60.95694993660597
P04401,0,0.0
P04402,0,75.99259155171335
P04403,0,68.82539156315886
P04404,0,76.95786684585785
P04405,0,0.0
P04406,0,67.21366543639839
P04407,0,58.51648253517128
P04408,0,70.15994665807295
P04409,0,69.87493541148874
P04410,0,69.92588909157772
P04411,0,58.57124702251091
P04412,0,0.0
P04413,0,72.18535609756323
P04414,0,65.24185507140272
P04415,0,62.00431636502468
P04416,0,0.0
P04417,0,68.39611723316841
P04418,0,62.285272350894985
P04419,0,71.39874999965703
