{"type": "FeatureCollection", "features": [{"type": "Feature", "properties": {"name": "Tamil Nadu", "country": "India"}, "geometry": {"type": "GeometryCollection", "geometries": [{"type": "Point", "coordinates": [78.91048176181353, 9.18600237735429]}, {"type": "LineString", "coordinates": [[78.69806808267312, 9.158525387596935], [78.69895091703215, 9.15848522267126]]}, {"type": "LineString", "coordinates": [[78.70211246062927, 9.186060333464981], [78.70415024846491, 9.184058170799368]]}, {"type": "LineString", "coordinates": [[79.47991788458522, 9.130085212311199], [79.48069379364074, 9.129951445386297]]}, {"type": "LineString", "coordinates": [[79.48145184555199, 9.1296526591738], [79.48163017950688, 9.128685018408918]]}, {"type": "LineString", "coordinates": [[79.48151423672967, 9.132885553598937], [79.48202709574967, 9.13367480058124]]}, {"type": "LineString", "coordinates": [[79.4888985804287, 9.118941930437973], [79.48910367351921, 9.119726748272212], [79.48972349808817, 9.120507052332849]]}, {"type": "LineString", "coordinates": [[79.79294680211886, 11.883486443972153], [79.79332139724701, 11.88455223200987]]}, {"type": "LineString", "coordinates": [[78.27068549026802, 8.942811915353717], [78.27086387717507, 8.94356103914521]]}, {"type": "LineString", "coordinates": [[78.22176471465278, 8.872170839068477], [78.22220615208116, 8.872786137852923]]}, {"type": "LineString", "coordinates": [[79.13233102243797, 9.215017697832977], [79.132250738255, 9.215949669795869]]}, {"type": "LineString", "coordinates": [[78.82875536408099, 9.173062022706228], [78.82849232253713, 9.173686310843554]]}, {"type": "LineString", "coordinates": [[78.81691200663928, 9.160540865859806], [78.8176032187749, 9.160670157585859], [78.81933779586265, 9.16197220651086]]}, {"type": "LineString", "coordinates": [[78.82269995874852, 9.165994371621768], [78.82343122798274, 9.166025573815682]]}, {"type": "LineString", "coordinates": [[78.93275504292303, 9.182386005793056], [78.93344172393222, 9.18250198560848]]}, {"type": "LineString", "coordinates": [[79.22153974043806, 9.24884891545633], [79.22093774472685, 9.249384024901994], [79.21516768525301, 9.250570137764498]]}, {"type": "LineString", "coordinates": [[77.30189231442073, 8.139946313000921], [77.30139284325716, 8.140650795358303]]}, {"type": "LineString", "coordinates": [[77.32216783201699, 8.123447619795693], [77.32201621146785, 8.12257363078219]]}, {"type": "LineString", "coordinates": [[78.19767217966488, 8.761790188842856], [78.19825188350464, 8.761081201186583]]}, {"type": "LineString", "coordinates": [[78.19851943135752, 8.77404383571921], [78.19871559210708, 8.775109585014553]]}, {"type": "LineString", "coordinates": [[78.1971861198372, 8.77197480146011], [78.19624973099057, 8.77470826677789], [78.19712368837644, 8.774030416704845]]}, {"type": "LineString", "coordinates": [[78.16160253914646, 8.793605925823027], [78.16154008661898, 8.794288134222244]]}, {"type": "LineString", "coordinates": [[79.15382389556092, 9.276236694009803], [79.15465324957201, 9.276352632152413]]}, {"type": "LineString", "coordinates": [[79.18847996608831, 9.28246161394974], [79.1922390442533, 9.283179523926327]]}, {"type": "LineString", "coordinates": [[79.20564309530465, 9.272968222062712], [79.20632979999246, 9.272968208899124]]}, {"type": "LineString", "coordinates": [[79.22075047551195, 9.25813720008365], [79.21987204366712, 9.257557544618532]]}, {"type": "LineString", "coordinates": [[79.10415839924573, 9.838168168135068], [79.10481835226622, 9.837945183026822]]}, {"type": "LineString", "coordinates": [[79.123733855245, 9.884181606277178], [79.1240371012855, 9.883561824593176]]}, {"type": "LineString", "coordinates": [[79.24495898746699, 10.056512466268451], [79.24449523529168, 10.05723042059316]]}, {"type": "LineString", "coordinates": [[79.24449076123356, 10.05833628914423], [79.24525771492827, 10.057881490680815]]}, {"type": "LineString", "coordinates": [[79.23075224719204, 10.084190131896959], [79.2311045440714, 10.083351816226015]]}, {"type": "LineString", "coordinates": [[79.22812142379482, 10.10506322171825], [79.22887947541065, 10.105188056691555]]}, {"type": "LineString", "coordinates": [[79.71974178455547, 10.954446142063698], [79.71974178455547, 10.955944416098266]]}, {"type": "LineString", "coordinates": [[79.71729366351569, 11.990371091911369], [79.71798485513632, 11.990415746397359]]}, {"type": "LineString", "coordinates": [[80.30171237648094, 13.124374043611196], [80.30230098798759, 13.126269114377546]]}, {"type": "Polygon", "coordinates": [[[80.31013117947691, 13.107277825946028], [80.31063063771846, 13.107777287454198], [80.30997959862896, 13.108374758104855], [80.31013117947691, 13.107277825946028]]]}, {"type": "Polygon", "coordinates": [[[80.30779018990935, 13.103514358853179], [80.31013117947691, 13.107277825946028], [80.3076831537156, 13.104646930952795], [80.30779018990935, 13.103514358853179]]]}, {"type": "Polygon", "coordinates": [[[79.48719517445767, 9.127548000445499], [79.4882609010274, 9.126656185161336], [79.48886288217018, 9.128190106690809], [79.48719517445767, 9.127548000445499]]]}, {"type": "Polygon", "coordinates": [[[79.48069379364074, 9.129951445386297], [79.48145184555199, 9.1296526591738], [79.4815009346252, 9.130548922604321], [79.48069379364074, 9.129951445386297]]]}, {"type": "Polygon", "coordinates": [[[79.4734655958335, 9.1366088689839], [79.47344328066585, 9.135569890215793], [79.47424593666683, 9.135940016562067], [79.4734655958335, 9.1366088689839]]]}, {"type": "Polygon", "coordinates": [[[79.45505399542942, 9.147074369690404], [79.45643625756726, 9.14670427740544], [79.4559948493247, 9.147551547579274], [79.45505399542942, 9.147074369690404]]]}, {"type": "Polygon", "coordinates": [[[79.45378314062178, 9.143895071474294], [79.45450106758285, 9.144639712506216], [79.45412643797553, 9.14562961361523], [79.45378314062178, 9.143895071474294]]]}, {"type": "Polygon", "coordinates": [[[79.44446357417813, 9.151653924081767], [79.44562741261599, 9.151604796526204], [79.44572107881959, 9.153660494474568], [79.44446357417813, 9.151653924081767]]]}, {"type": "Polygon", "coordinates": [[[79.1922390442533, 9.283179523926327], [79.19356779287622, 9.282519571059659], [79.20649032875772, 9.282532941338657], [79.1922390442533, 9.283179523926327]]]}, {"type": "Polygon", "coordinates": [[[79.15234792029297, 9.277061638333661], [79.15382389556092, 9.276236694009803], [79.15322637724051, 9.277293488978449], [79.15234792029297, 9.277061638333661]]]}, {"type": "Polygon", "coordinates": [[[79.132250738255, 9.215949669795869], [79.13318709569926, 9.215838212642105], [79.13278137065335, 9.21640446728636], [79.132250738255, 9.215949669795869]]]}, {"type": "Polygon", "coordinates": [[[79.12226232287568, 9.216110197121083], [79.12252542740123, 9.215432407241337], [79.12379622752094, 9.215258538117443], [79.12226232287568, 9.216110197121083]]]}, {"type": "Polygon", "coordinates": [[[78.93344172393222, 9.18250198560848], [78.93445839997968, 9.182261154290117], [78.93493997511023, 9.182898822421269], [78.93344172393222, 9.18250198560848]]]}, {"type": "Polygon", "coordinates": [[[78.81933779586265, 9.16197220651086], [78.82269995874852, 9.165994371621768], [78.81979263007665, 9.165370060997976], [78.81933779586265, 9.16197220651086]]]}, {"type": "Polygon", "coordinates": [[[78.75087716084685, 9.156384975851884], [78.75182698047018, 9.15539062828523], [78.75248691078122, 9.156527686325235], [78.75087716084685, 9.156384975851884]]]}, {"type": "Polygon", "coordinates": [[[80.30469110133306, 13.101191166172569], [80.30570776320367, 13.101356116404034], [80.30779018990935, 13.103514358853179], [80.30549819140853, 13.102029499715027], [80.30469110133306, 13.101191166172569]]]}, {"type": "Polygon", "coordinates": [[[80.30230098798759, 13.126269114377546], [80.304481527013, 13.128302487127613], [80.30556952239439, 13.1300236809629], [80.3049630795631, 13.130536525914623], [80.30230098798759, 13.126269114377546]]]}, {"type": "Polygon", "coordinates": [[[79.46998307657597, 9.138700218005177], [79.4734655958335, 9.1366088689839], [79.47288145161663, 9.139186230100231], [79.47029962007952, 9.139752551284529], [79.46998307657597, 9.138700218005177]]]}, {"type": "Polygon", "coordinates": [[[79.46509582559428, 9.142936323029394], [79.46609022316835, 9.141959827684026], [79.46778912885671, 9.140394611016788], [79.46753497738159, 9.143235106191874], [79.46509582559428, 9.142936323029394]]]}, {"type": "Polygon", "coordinates": [[[79.13896612061039, 9.212806002495487], [79.14113327196647, 9.213586311272957], [79.14153456853268, 9.214255223469802], [79.1390597501511, 9.213818173950616], [79.13896612061039, 9.212806002495487]]]}, {"type": "Polygon", "coordinates": [[[78.82410899960445, 9.166244075153157], [78.82697619056938, 9.167153691132215], [78.82900509735174, 9.17125165365511], [78.82875536408099, 9.173062022706228], [78.82410899960445, 9.166244075153157]]]}, {"type": "Polygon", "coordinates": [[[78.22220615208116, 8.872786137852923], [78.22609451144464, 8.866400747893696], [78.22755263078763, 8.86756899005564], [78.22708887558156, 8.871189836370824], [78.22220615208116, 8.872786137852923]]]}, {"type": "Polygon", "coordinates": [[[78.16154008661898, 8.794288134222244], [78.16174518823516, 8.797868833089879], [78.16113431825396, 8.796950237242477], [78.16088459379768, 8.795902307863154], [78.16154008661898, 8.794288134222244]]]}, {"type": "Polygon", "coordinates": [[[79.84291099548706, 13.324650091626244], [79.84295561391734, 13.321952352279181], [79.84788290558616, 13.323223217101932], [79.849140433358, 13.324815113112727], [79.8450781259256, 13.32652734202029], [79.84291099548706, 13.324650091626244]]]}, {"type": "Polygon", "coordinates": [[[79.48972349808817, 9.120507052332849], [79.4957566784908, 9.122928319181181], [79.49698293347414, 9.123931630506938], [79.49491834343041, 9.125385350610207], [79.49107014110412, 9.122914955764003], [79.48972349808817, 9.120507052332849]]]}, {"type": "Polygon", "coordinates": [[[79.48202709574967, 9.13367480058124], [79.48277174889247, 9.133402754167426], [79.48218757815326, 9.132337039982433], [79.48347185635407, 9.133104018215043], [79.48286983977964, 9.134294578733178], [79.48202709574967, 9.13367480058124]]]}, {"type": "Polygon", "coordinates": [[[79.13154618134084, 9.214790314199185], [79.13283038508742, 9.214531640333526], [79.13402541635726, 9.215887215174412], [79.13318709569926, 9.215838212642105], [79.13233102243797, 9.215017697832977], [79.13154618134084, 9.214790314199185]]]}, {"type": "Polygon", "coordinates": [[[78.72812685213513, 9.153544571097084], [78.72944226654637, 9.15213994253497], [78.73148900873268, 9.15277760597641], [78.73205980889743, 9.154422945566152], [78.73086474905647, 9.155769650876213], [78.72812685213513, 9.153544571097084]]]}, {"type": "Polygon", "coordinates": [[[78.69407718951877, 9.153540089627395], [78.694665770217, 9.150548057982302], [78.69545059675693, 9.15056587817033], [78.69700231993525, 9.152590318618312], [78.6965207890657, 9.155809742854036], [78.69407718951877, 9.153540089627395]]]}, {"type": "Polygon", "coordinates": [[[78.53502551699101, 9.102461119846899], [78.5356408570933, 9.101917071355325], [78.53839658157224, 9.102599277600921], [78.53939989730962, 9.105845525463575], [78.53840992798136, 9.105270343917063], [78.53502551699101, 9.102461119846899]]]}, {"type": "Polygon", "coordinates": [[[78.48993954109163, 9.093431437118861], [78.48750037558595, 9.088241010757761], [78.49207544289744, 9.086368173478519], [78.49555353574186, 9.089355767931814], [78.49482220538165, 9.091348966889193], [78.48993954109163, 9.093431437118861]]]}, {"type": "Polygon", "coordinates": [[[78.26905349224545, 8.939886690523515], [78.27044471525008, 8.93911083796012], [78.2735839573434, 8.943293456377976], [78.27362409982607, 8.944479554104625], [78.27068549026802, 8.942811915353717], [78.26905349224545, 8.939886690523515]]]}, {"type": "Polygon", "coordinates": [[[78.25067302897627, 8.95267092102006], [78.25352686055489, 8.952251818789142], [78.25521689214031, 8.954574986154801], [78.25369632553918, 8.956099982021431], [78.25156487057147, 8.955721022626605], [78.25067302897627, 8.95267092102006]]]}, {"type": "Polygon", "coordinates": [[[79.77824517589177, 11.50151984566448], [79.77923057205948, 11.501493113223367], [79.77799540360036, 11.507205239091247], [79.77102142666756, 11.513639742033346], [79.7716234067905, 11.511668759526925], [79.77753614579913, 11.505546456299381], [79.77824517589177, 11.50151984566448]]]}, {"type": "Polygon", "coordinates": [[[79.45025154166092, 9.14765405724403], [79.45242753706604, 9.147190288742328], [79.45266387417665, 9.146423382165624], [79.45432268089797, 9.1471368458628], [79.45269065843853, 9.149714214050114], [79.45045663531111, 9.148585990357235], [79.45025154166092, 9.14765405724403]]]}, {"type": "Polygon", "coordinates": [[[79.443576261965, 9.156643601148147], [79.44532864168664, 9.157143053921176], [79.44699633769591, 9.152822195364442], [79.44766967480416, 9.15393250251638], [79.44581920930456, 9.157932318179277], [79.44375458364556, 9.157370424188978], [79.443576261965, 9.156643601148147]]]}, {"type": "Polygon", "coordinates": [[[78.93493997511023, 9.182898822421269], [78.93698666433221, 9.18230576502641], [78.94326060130365, 9.185507354481638], [78.94331411450447, 9.187772595092834], [78.9401972665712, 9.186778199443978], [78.93577830202561, 9.183139581182683], [78.93493997511023, 9.182898822421269]]]}, {"type": "Polygon", "coordinates": [[[79.76277653253949, 10.909016848489628], [79.76361486447482, 10.902595735165326], [79.76615650451252, 10.900611392529054], [79.76663814948334, 10.898627150692887], [79.77027230346712, 10.900740756235608], [79.7678866500856, 10.90177081715771], [79.76372633918508, 10.909489497102447], [79.76277653253949, 10.909016848489628]]]}, {"type": "Polygon", "coordinates": [[[79.23306211693084, 9.242619583729002], [79.23621915404402, 9.240233946197462], [79.23846203245003, 9.241036555775125], [79.23749892468192, 9.241955108238857], [79.23674971931011, 9.242329674032137], [79.23484574535543, 9.243431063566867], [79.23338755763959, 9.243471249410188], [79.23306211693084, 9.242619583729002]]]}, {"type": "Polygon", "coordinates": [[[79.12379622752094, 9.215258538117443], [79.13127862235226, 9.213992085303795], [79.13154618134084, 9.214790314199185], [79.132250738255, 9.215949669795869], [79.12449188238456, 9.21694847379161], [79.12598121280371, 9.215294173888344], [79.12439823849061, 9.215891672532324], [79.12379622752094, 9.215258538117443]], [[79.12830889097798, 9.215882795567028], [79.12868793014097, 9.214834853396512], [79.12994090225526, 9.215227314809463], [79.12830889097798, 9.215882795567028]]]}, {"type": "Polygon", "coordinates": [[[78.96731301392397, 9.187799364048551], [78.9669474016478, 9.183540955108729], [78.96814243178694, 9.18290327547716], [78.96830293005256, 9.185904274364647], [78.97060829429182, 9.184611133712844], [78.97088035764318, 9.185779388281883], [78.96913233942486, 9.187322268055128], [78.96731301392397, 9.187799364048551]]]}, {"type": "Polygon", "coordinates": [[[78.57058681540624, 9.102282677581526], [78.57264694560003, 9.100503542168003], [78.58054399607485, 9.101359690729167], [78.58474003802364, 9.106376180879009], [78.58797284109919, 9.107000411699678], [78.58535091754749, 9.111339180296424], [78.58219833405597, 9.11080405571391], [78.58079366017229, 9.111624566686851], [78.57941582197643, 9.112868648167172], [78.57311070518028, 9.104672778567764], [78.57058681540624, 9.102282677581526]]]}, {"type": "Polygon", "coordinates": [[[78.20546222109945, 8.842094173687599], [78.20679994881652, 8.839984974567379], [78.20936398079867, 8.838357414340022], [78.2116158363151, 8.833947422513408], [78.21327011647537, 8.832270757288436], [78.21614626586299, 8.831918512201105], [78.21719862318477, 8.833719967885987], [78.21921854591922, 8.833898342279323], [78.21578504536755, 8.84200501368833], [78.2106303674723, 8.841153291922385], [78.20982320639901, 8.83952130221702], [78.20546222109945, 8.842094173687599]]]}, {"type": "Polygon", "coordinates": [[[78.89735863415632, 9.179937992081637], [78.90123362145387, 9.178573470749049], [78.90890775681963, 9.179853207127621], [78.91852156852141, 9.182354778954187], [78.92777419430315, 9.182889916057427], [78.93132365779134, 9.181547734586795], [78.93275504292303, 9.182386005793056], [78.92537967046219, 9.184883104779628], [78.90833254359602, 9.18168147000374], [78.90639283599695, 9.185057042733652], [78.90293252270591, 9.183019208880575], [78.89995832510277, 9.181467433462817], [78.89735863415632, 9.179937992081637]]]}, {"type": "Polygon", "coordinates": [[[78.19871559210708, 8.775109585014553], [78.19913478014288, 8.787474660557285], [78.19619625510158, 8.78864294146954], [78.19589305064508, 8.787719860208815], [78.19518403400492, 8.787479082671469], [78.19277608950807, 8.786315297568489], [78.19404693664244, 8.78586492691959], [78.19545602427397, 8.774917809310093], [78.19624973099057, 8.77470826677789], [78.19631659755173, 8.775751699797565], [78.1960669563765, 8.776384834079272], [78.1969141340383, 8.77677727715696], [78.19871559210708, 8.775109585014553]]]}, {"type": "Polygon", "coordinates": [[[79.79158678615524, 11.884998119516956], [79.79332139724701, 11.88455223200987], [79.79675040863384, 11.89429088454909], [79.79649179421223, 11.89988702918088], [79.78873292566607, 11.896756780336254], [79.77882041933916, 11.904649368806572], [79.77538686646027, 11.904988270104736], [79.77198457580033, 11.90190258024602], [79.77090996109345, 11.88832459621226], [79.77389749815217, 11.876543624772166], [79.77907010377525, 11.868561845490271], [79.77854840877511, 11.86315747088952], [79.78517017533959, 11.863072691094636], [79.79180975083395, 11.87795717169404], [79.79294680211886, 11.883486443972153], [79.7912479335078, 11.883932423167058], [79.79158678615524, 11.884998119516956]], [[79.78902278040178, 11.895035579785946], [79.79071279684716, 11.89454951695444], [79.7909937504106, 11.8953254063068], [79.78925464640365, 11.895838212384868], [79.78902278040178, 11.895035579785946]]]}, {"type": "Polygon", "coordinates": [[[79.05676703538856, 9.19801960479595], [79.05892976227094, 9.196021930157315], [79.06647448363503, 9.200539028253475], [79.08137683787496, 9.194777876153463], [79.08635319570148, 9.19169217376327], [79.08973316173946, 9.194046568538807], [79.09101741231932, 9.197555886976994], [79.08806547168331, 9.20032940491289], [79.086183759032, 9.198759840862014], [79.08316935631913, 9.20094928579049], [79.08328975843447, 9.20276858695694], [79.07474617523569, 9.202915679309173], [79.07061705606141, 9.206527551415558], [79.0711877684584, 9.20925212740264], [79.06961371110452, 9.21067450614994], [79.06714788582613, 9.208779445921822], [79.06403090417048, 9.20636259000061], [79.05676703538856, 9.19801960479595]]]}, {"type": "Polygon", "coordinates": [[[79.1800567291668, 9.249370655177657], [79.17845588748214, 9.24144680365319], [79.17982934293619, 9.237464786812325], [79.18751686386535, 9.234236442987546], [79.19016104536892, 9.230901040325616], [79.19493233411583, 9.231779454535474], [79.19932901678978, 9.230200936948703], [79.2028070501016, 9.234347901561081], [79.20323072355691, 9.239114717116713], [79.21134178363451, 9.240554972451122], [79.21396817009683, 9.241045473775223], [79.21610855852013, 9.244296151586981], [79.22364450061632, 9.247149969695258], [79.22334570447462, 9.248318250170442], [79.22153974043806, 9.24884891545633], [79.22211049250241, 9.247899128825589], [79.2112882481402, 9.245888092970915], [79.20192862315078, 9.241638524816796], [79.20245034346584, 9.244091088504309], [79.20881344635009, 9.24800166154396], [79.20864405608698, 9.248857805933397], [79.21468614247291, 9.249901236142405], [79.21516768525301, 9.250570137764498], [79.20612907409556, 9.24989237318149], [79.20273130170102, 9.248576924428193], [79.19700136145025, 9.252795235035157], [79.1890239720241, 9.251252360337192], [79.1800567291668, 9.249370655177657]]]}, {"type": "Polygon", "coordinates": [[[79.20649032875772, 9.282532941338657], [79.2091969833413, 9.282403624193542], [79.2047869023479, 9.276642523878579], [79.20490284649578, 9.273891222992436], [79.20564309530465, 9.272968222062712], [79.20642783877221, 9.275126359156944], [79.2152479851769, 9.272330523162815], [79.21866363784667, 9.270310544012725], [79.2214461064759, 9.2652049028618], [79.22132570752184, 9.258650034032156], [79.22075047551195, 9.25813720008365], [79.22189646088378, 9.258208588001933], [79.23167532417236, 9.259796035105365], [79.25296304068398, 9.259782642181694], [79.28150129991155, 9.252790735474324], [79.29939563606878, 9.246762084614312], [79.34125324022052, 9.224734121376557], [79.39942222483066, 9.187665608516175], [79.42504420621691, 9.170832481130429], [79.43481412033195, 9.160812893948588], [79.43498352918577, 9.15811961778076], [79.43648630000966, 9.159952268281037], [79.43549639048074, 9.16444258098348], [79.43015435311219, 9.169490275142492], [79.42486138290694, 9.176928080163922], [79.41544373176973, 9.18552522137469], [79.41643815074225, 9.187099253842113], [79.41470798021805, 9.185939921123548], [79.38577293272782, 9.210210760570913], [79.37170447523282, 9.220074338640417], [79.34973892086379, 9.24016705587365], [79.32996725057546, 9.256786086519192], [79.32321176341803, 9.265401061250312], [79.31479295935661, 9.280013564767888], [79.31599247433289, 9.285516073914534], [79.32124524302816, 9.288628560200383], [79.32722488361942, 9.295615988713958], [79.32768418542825, 9.300017086423466], [79.33317783707741, 9.305582059297684], [79.33511307525704, 9.31021948733666], [79.33428368011495, 9.313942904146122], [79.32859831221299, 9.320488864224906], [79.31230919554967, 9.327788334170224], [79.30265972723686, 9.324493133232728], [79.29962754852463, 9.322236802950709], [79.29000480465595, 9.319128775811585], [79.28390916816376, 9.31421934541146], [79.27692629131813, 9.307775939829916], [79.27283282240829, 9.300877669198945], [79.27017075022192, 9.295277099625594], [79.26407958530943, 9.292409854693362], [79.24877147698197, 9.291682994807466], [79.23525146274758, 9.292441089480425], [79.22002368498036, 9.290858075905307], [79.21321017054713, 9.283817175492748], [79.20649032875772, 9.282532941338657]]]}, {"type": "Polygon", "coordinates": [[[79.65702446189988, 11.99138775559625], [79.65799209363253, 12.006325773756613], [79.66163074807326, 12.01229649582361], [79.67261348348103, 12.01448594846172], [79.69512750719086, 12.033780449677046], [79.70359087543376, 12.03141713316473], [79.70441135714361, 12.02704276468264], [79.7015976831185, 12.01383044043516], [79.7029309061343, 12.009696829990386], [79.717561238763, 11.997817813517406], [79.71798485513632, 11.990415746397359], [79.7338771077957, 11.994518063042147], [79.74649632309779, 12.0076769131981], [79.7623752015381, 12.002691590962689], [79.76154584114364, 11.991102451030992], [79.76042216269738, 11.989202843964481], [79.75433990231437, 11.986121592080993], [79.74288892467864, 11.977997114774004], [79.73654813446787, 11.978987057577342], [79.7304971103257, 11.983205316054422], [79.73040793157061, 11.985938744242954], [79.72647944206248, 11.985760421388479], [79.72357214080517, 11.97620007422727], [79.72451295000603, 11.97143331265058], [79.74452992953933, 11.964954222101621], [79.74868129659744, 11.944027675770686], [79.74931893767226, 11.923239398519224], [79.75027325160472, 11.919903970520316], [79.75627964166473, 11.920385568124653], [79.76099290140486, 11.930694964059084], [79.76042216269738, 11.935925532292943], [79.76571061700517, 11.944143635591653], [79.77381725923425, 11.949779919325723], [79.78471976441678, 11.959861963172346], [79.79172499524338, 11.95937587820012], [79.7976600857156, 11.956642441227801], [79.80503097389621, 11.956441809508053], [79.806480142979, 11.96802210181624], [79.8113584191113, 11.976784215486774], [79.81582199888311, 11.978942412179753], [79.81901467610666, 11.976819917294288], [79.82217620317789, 11.96626519769153], [79.8288514781047, 11.958328007078743], [79.83404190858067, 11.956361541852516], [79.8406368787886, 11.955786335856377], [79.85089280556993, 11.98889074358953], [79.85679666691222, 12.006053763772178], [79.8459655109198, 12.010610975480535], [79.84139942600255, 12.017107914998881], [79.84580054790366, 12.040214935154998], [79.84960863629436, 12.050925674840075], [79.87240800088667, 12.043144544509962], [79.87364766247724, 12.042029798931901], [79.8813039034677, 12.058639993826983], [79.95175770405632, 12.167219108506957], [79.98265476163076, 12.215069651421784], [80.01249956899854, 12.261640562950769], [80.01275823034722, 12.262906908510601], [80.01577696971533, 12.266656985743145], [80.02575198539739, 12.288453078738856], [80.05115994283193, 12.325668797376286], [80.05172180189552, 12.326631947234132], [80.0522122850763, 12.325851614764177], [80.07681319923084, 12.358527927194938], [80.1133689278182, 12.40194173292247], [80.13272142225156, 12.429730789975805], [80.15084765809081, 12.455843318556756], [80.15735350272796, 12.469033292168103], [80.16175458565198, 12.510007975253936], [80.16131761304214, 12.51218850018275], [80.16275788539775, 12.514146030090048], [80.16930386980513, 12.53830549805718], [80.18472788815572, 12.573242534176568], [80.18547252059783, 12.575182233751608], [80.18495086989861, 12.578749471074776], [80.18977110069102, 12.594655152281137], [80.19823004671076, 12.615403288870521], [80.20054878058706, 12.616834704894245], [80.19872948342977, 12.622270306537397], [80.20461098833168, 12.641970647930004], [80.20814264149489, 12.650282443115023], [80.20833440936529, 12.654554269751687], [80.20982819224511, 12.654086018587016], [80.24625901079256, 12.7549820612927], [80.25527533451337, 12.783877097162677], [80.25456636164611, 12.789571383313028], [80.25187299336798, 12.790583542973906], [80.24982185864546, 12.79599249160636], [80.24824778542086, 12.817391670042504], [80.24999132798098, 12.862771912454768], [80.26149573448389, 12.945207354759106], [80.27449853949695, 13.004941472393078], [80.27635797338102, 13.012093886434226], [80.27872126568178, 13.021961842841078], [80.2840454053113, 13.054205574075587], [80.2883038804165, 13.067382283012062], [80.29701694110547, 13.084473990200438], [80.30167224566108, 13.089985440188764], [80.30408907325557, 13.095554857608018], [80.30469110133306, 13.101191166172569], [80.30429864855026, 13.102680498308775], [80.30266216198915, 13.098497883343343], [80.301641042235, 13.098564750244797], [80.29847506737173, 13.100397442060682], [80.29934904678282, 13.108218722871968], [80.30178821687653, 13.112214086441364], [80.30321956402996, 13.10945834951035], [80.303134882688, 13.106225522134617], [80.30433435706784, 13.107224364095684], [80.30482041650579, 13.110657863519725], [80.30190410290994, 13.115665391603821], [80.30049509479916, 13.121988403705714], [80.30171237648094, 13.124374043611196], [80.29839480263529, 13.122701907783169], [80.29674051582263, 13.124124349363543], [80.29897008824436, 13.12857005195117], [80.29748518697471, 13.131958991933434], [80.29891210072093, 13.132654581919857], [80.30194423361958, 13.131004701957206], [80.30317943392669, 13.12943063366871], [80.3042451707659, 13.130964617684109], [80.30201565263188, 13.134054772188943], [80.29813623743053, 13.134665597703547], [80.30111933964794, 13.143093312687297], [80.31267290231945, 13.167208140314605], [80.31233846500577, 13.170534684894417], [80.3240213064431, 13.203554322449758], [80.33209672331905, 13.232123787703442], [80.33322490300867, 13.235285239047984], [80.33236427852637, 13.235276332017007], [80.33246235922478, 13.236422311508258], [80.3348479627757, 13.23990934794327], [80.33824585858723, 13.262008676325802], [80.34526889731504, 13.279894102512335], [80.34637030226962, 13.314331701291605], [80.34076523224826, 13.351623216103816], [80.33736735322076, 13.36986986668657], [80.3311469294611, 13.395103880758434], [80.32852943760908, 13.415597897608736], [80.3272585698999, 13.433893586123975], [80.32503348526201, 13.444408210755695], [80.3134576431315, 13.461107513789054], [80.3058281498494, 13.468621069757688], [80.29240627696846, 13.497698854253203], [80.27935893846917, 13.538325729375677], [80.26854115299292, 13.564536393179127], [80.2640418972093, 13.562596639333929], [80.24863573397097, 13.493284344979921], [80.24286566709617, 13.47499756976503], [80.24097495326605, 13.473307582507083], [80.23571328572268, 13.473860519684804], [80.23188290943743, 13.478052055579534], [80.22066827037575, 13.485552281254176], [80.1774907545312, 13.49107264361511], [80.16615569772551, 13.488423955676748], [80.16198197063336, 13.488267849795049], [80.14957234014676, 13.490876498206946], [80.14606305234403, 13.497605259765471], [80.13728750053374, 13.504008480139964], [80.1162761954228, 13.504418723281384], [80.11220059079564, 13.500450147919416], [80.11275353121336, 13.49856841560522], [80.11102789201688, 13.491893123951582], [80.10821418483023, 13.488918887386081], [80.10306390535612, 13.48694799994135], [80.07819103946727, 13.488811901887008], [80.07662147796171, 13.513631272130581], [80.07714319068899, 13.526803471939392], [80.08439364804364, 13.53375072797075], [80.08857182913326, 13.53537384246534], [80.0812588990713, 13.549749967541597], [80.06585720997786, 13.545130307555175], [80.0569344930165, 13.536635789997806], [80.03806356000696, 13.538985677908094], [80.02843642907222, 13.53882518237742], [80.02324599179879, 13.545986520013056], [80.01337800778597, 13.547150359483124], [79.99860050783644, 13.542722449876502], [79.99860050783644, 13.53428133252225], [80.00051797840253, 13.525675277059223], [80.00799138407015, 13.525804607892196], [80.01826961552842, 13.523262932764306], [80.01991948247928, 13.518928697927459], [80.02718787285681, 13.513702614186535], [80.03552193075977, 13.518304373300317], [80.04842205347894, 13.512248953017725], [80.04661616052695, 13.493685735899433], [80.02759806112462, 13.498184900845475], [80.01590629560475, 13.49795305370274], [80.01443481835666, 13.496115877082463], [80.01483167350878, 13.492298896002408], [80.01220081076967, 13.485472056977041], [80.00749203379011, 13.47864067360793], [79.98761781671158, 13.479033121902953], [79.98219102351148, 13.470427014641931], [79.97242114156047, 13.469093757061678], [79.97278234157721, 13.43387127563354], [79.97333975766483, 13.429670868176215], [79.96196899369956, 13.423379031817106], [79.9396110846286, 13.4250289129422], [79.93857659061209, 13.416177569732321], [79.94249165396776, 13.411063026008632], [79.94249165396776, 13.399924196153355], [79.94435554642071, 13.396869717163119], [79.95623465373973, 13.397137210645854], [79.96145179518041, 13.395598825494726], [79.96275387650415, 13.391358245894697], [79.96257103657274, 13.388437568765431], [79.95799598707677, 13.379149225345742], [79.95389807710194, 13.377120312321438], [79.95157040184604, 13.378440199350402], [79.9484891631039, 13.374743670894514], [79.94644248507826, 13.368175389033874], [79.9380058035582, 13.355524904473015], [79.93325245858614, 13.353059065725065], [79.92528845410791, 13.35835642964955], [79.91597339733961, 13.359868093528327], [79.91490318060157, 13.351565252474952], [79.91242841985293, 13.347725909405263], [79.89636230059091, 13.336966154476237], [79.87581916436991, 13.32569350657767], [79.86569705131348, 13.324404852251506], [79.85890141217014, 13.318014944382968], [79.83649887052616, 13.314634965135847], [79.82653724604305, 13.317506657658395], [79.81556335458372, 13.318148731658757], [79.81076534452238, 13.317279191365975], [79.80359956802478, 13.310974050867529], [79.80369320571234, 13.305159325987885], [79.80111142025096, 13.300303439340961], [79.79173397540565, 13.293525575003212], [79.78470197373719, 13.297668109538892], [79.77841017918844, 13.305984283852606], [79.76902819923916, 13.313007411920571], [79.76185794301134, 13.312641724360766], [79.75976663427893, 13.300374716962285], [79.75451384828798, 13.293302628977548], [79.75241800344685, 13.29165720458968], [79.74199708573585, 13.289717493228078], [79.73854576817209, 13.291077509089106], [79.73357834424561, 13.28861606667212], [79.73062642792087, 13.282935205654193], [79.73663285702085, 13.27527447627717], [79.76873836485474, 13.255467164804726], [79.783756582163, 13.248617946080774], [79.79407939164017, 13.242112122509175], [79.7944940921405, 13.226322433586592], [79.79373156854697, 13.226358102032458], [79.79308954186439, 13.229305577509963], [79.78574092634898, 13.228453887876247], [79.77194000717897, 13.21863942150902], [79.76423024077715, 13.219063007809101], [79.75972650845947, 13.21193290925075], [79.75972650845947, 13.210470351756062], [79.74999678997149, 13.209649839444342], [79.74637592766226, 13.22324120503239], [79.73731508458799, 13.236533801509243], [79.73263745932309, 13.23687717158157], [79.73097869118169, 13.226465182924022], [79.71833263163734, 13.21653919270209], [79.70432215238026, 13.222246879689004], [79.70233787989135, 13.225564420904474], [79.7060968995482, 13.234197270776782], [79.7112203632959, 13.23541455451202], [79.71166635186496, 13.243298257477763], [79.70823723329163, 13.250044902072222], [79.7009823032144, 13.253023574385068], [79.69397259849278, 13.243311612244415], [79.6954574783723, 13.239815722703975], [79.68913447473084, 13.239833504921165], [79.68427408355704, 13.244430898049767], [79.67911491204848, 13.257188350548592], [79.67831226769044, 13.26134870395716], [79.68155842456278, 13.264572596397466], [79.68773879714719, 13.266695201597283], [79.68931728119884, 13.262579368045268], [79.69126596643424, 13.26126394363063], [79.69512305505454, 13.266833396090519], [79.69501603247994, 13.269285897703202], [79.68240120045438, 13.29591564854392], [79.67828546422899, 13.297427287773187], [79.67493668130543, 13.282935241348827], [79.67133821691232, 13.280121498955564], [79.66549236415288, 13.278783824190821], [79.66510883935723, 13.282297576522028], [79.66005665965564, 13.287309586538127], [79.65035816708273, 13.292227997409604], [79.64239865441323, 13.289646142441779], [79.64134629965413, 13.279069162774997], [79.63935309716416, 13.281771350358971], [79.63834088707642, 13.287443322565291], [79.63414037225589, 13.281200625841452], [79.63261086987553, 13.275220966765376], [79.62382652456095, 13.274052656488458], [79.61238887882277, 13.282293086195079], [79.6080858585255, 13.28748793984536], [79.6057893908514, 13.288201377993452], [79.59605523814604, 13.284852606427194], [79.59317912002496, 13.264693050169258], [79.59044117302446, 13.260563883316983], [79.58172362703182, 13.257397968065021], [79.57337621325422, 13.259556163062639], [79.56782461961136, 13.264403215127231], [79.55457665551512, 13.272469720363677], [79.54002211239461, 13.272362714284416], [79.53481387895697, 13.27519416871571], [79.53385522280276, 13.279943157603146], [79.53889395152757, 13.306666536900364], [79.54394166380365, 13.31728366542876], [79.54038781396766, 13.33263631849292], [79.53736447105015, 13.338589210916359], [79.5259358244716, 13.344386056689027], [79.51033347030985, 13.338063030133402], [79.50707387883449, 13.33404540116214], [79.49969400468893, 13.33300647349649], [79.4934111229546, 13.34474278776609], [79.4804842190296, 13.339998289040608], [79.46543925233594, 13.338727442046508], [79.45254351659581, 13.341625874721988], [79.44766521051724, 13.346316895318733], [79.4361563313493, 13.350156141528343], [79.43259348747101, 13.3453938200309], [79.43158129662707, 13.33855353467667], [79.41782494323975, 13.333046543571202], [79.41254088427745, 13.33295292539831], [79.40829586368447, 13.335111158155195], [79.4053617847278, 13.335035382216542], [79.3983609660807, 13.330201672131569], [79.39876227879475, 13.3216759061336], [79.39346484504213, 13.317595822528233], [79.38756996584092, 13.317885678149336], [79.38255342603316, 13.310867004653108], [79.38188906399033, 13.307486990405769], [79.38958542263941, 13.301079291346529], [79.40217345239702, 13.299714767335956], [79.41374042407381, 13.300111687337498], [79.41841355941526, 13.293525562155853], [79.4239294850411, 13.294069548001328], [79.43053783884038, 13.300245431592153], [79.44518148806185, 13.301721435792635], [79.44624280898918, 13.291617038512234], [79.43884962410964, 13.290841196472906], [79.43372167045075, 13.27827991683037], [79.41760199980324, 13.270405152527523], [79.41142163182467, 13.264648455044217], [79.41139938748935, 13.263261651319734], [79.41653622654697, 13.259734489586629], [79.42066982937021, 13.248497589851745], [79.41704455297437, 13.245853345073803], [79.41849823601734, 13.242959356863448], [79.42634182051927, 13.241982809458069], [79.43034163104856, 13.242562484906724], [79.43666017060785, 13.23957933366711], [79.43806924016577, 13.236275175861472], [79.44010703376306, 13.235472535094177], [79.44149381347982, 13.237991912906601], [79.45314993863775, 13.23835312271024], [79.45380099657977, 13.21694051809333], [79.44852586951706, 13.215691973421805], [79.43970572919592, 13.217636134703698], [79.43317316522256, 13.189668683614292], [79.41433791223228, 13.190319695988851], [79.40262834619665, 13.192486774253434], [79.37454932032625, 13.189423379292892], [79.37281475709153, 13.18771998905028], [79.38048884501991, 13.1839297833189], [79.38420327075097, 13.178253357132824], [79.3726943812537, 13.178837497681332], [79.36952391237656, 13.172915812393866], [79.37923586391636, 13.171515688352637], [79.38072072714314, 13.16592395889996], [79.3800384817121, 13.16292745796761], [79.37011257832374, 13.162806994492358], [79.36305822227666, 13.165865994863498], [79.35729263191335, 13.164751219911915], [79.35764935029462, 13.155516398422161], [79.3604095531393, 13.143351943716086], [79.36551966463296, 13.133934307227545], [79.36507378278237, 13.13093778803275], [79.360449683752, 13.12354459816187], [79.358046198957, 13.121716383509957], [79.35060848488229, 13.120432161871204], [79.3458461513292, 13.123165657070333], [79.34408475145231, 13.131958960958066], [79.34006711530236, 13.132181957766212], [79.32884356211689, 13.130095089015882], [79.3242284059428, 13.125225715832745], [79.3190513739883, 13.116949664450035], [79.30930381221951, 13.107812954272452], [79.30395733514952, 13.105810806537013], [79.2965418704691, 13.107710381799635], [79.29430339162867, 13.10960102790003], [79.29926192284117, 13.118648514856046], [79.31271500730483, 13.125903503295602], [79.30316360469347, 13.125957015901053], [79.28966588672756, 13.122848988812338], [79.28401624233865, 13.12276871612784], [79.28054706273181, 13.152559970032138], [79.27735874770036, 13.15621649052895], [79.27048281584798, 13.153706030779263], [79.26706715454006, 13.149563484780975], [79.26208635718143, 13.14904177324641], [79.26025369572719, 13.152698205032902], [79.26027597623316, 13.156961183365906], [79.25210246047747, 13.155538692449682], [79.25470207170684, 13.14918895332043], [79.25409116911187, 13.14612998045988], [79.24527113699237, 13.138277475284983], [79.24018326291849, 13.144364212406284], [79.24243508106521, 13.147953754792937], [79.2426848591037, 13.171002851730345], [79.23718227492608, 13.171595884305317], [79.23389593817423, 13.169999585609425], [79.2277022510711, 13.15967227365489], [79.21609074295006, 13.156992392041657], [79.21468614247291, 13.156956688832311], [79.21003084383894, 13.148457640807164], [79.21599262815593, 13.147811026870276], [79.23134531680236, 13.13916935266262], [79.22950370812961, 13.13200800895764], [79.23184923371811, 13.12493584967558], [79.23622801690065, 13.117239434348864], [79.23428384753896, 13.10721990158382], [79.21688891160954, 13.095617266404831], [79.1993245405846, 13.086204090664928], [79.184159144313, 13.083974598184197], [79.18221045689663, 13.081878795740606], [79.18551469556594, 13.076545708191242], [79.19079870611559, 13.073353005073537], [79.19212308454573, 13.067431268191276], [79.18479228258005, 13.062236469120753], [79.17965990066403, 13.054499911912455], [79.18044021080239, 13.048850222291225], [79.18219263492564, 13.04737427949188], [79.18868064343292, 13.047887110322943], [79.19011206058646, 13.044515967424996], [79.18330740565666, 13.030724019460065], [79.1716468632083, 13.026568082796322], [79.16308537847087, 13.020267399580845], [79.16001313013828, 13.02025846662379], [79.14713075185489, 13.025332924650618], [79.13734305034241, 13.034812961263446], [79.11639414476694, 13.038719132932192], [79.10686504785247, 13.037439390662037], [79.0986113044765, 13.026211343812605], [79.08429313222231, 13.0270408146449], [79.07920522369791, 13.027870156955826], [79.07011314374991, 13.035258872487715], [79.06283146113545, 13.043026644203694], [79.06440106129034, 13.051512335315248], [79.06356721441261, 13.052948160250914], [79.05001155085539, 13.05764357577193], [79.03844909991295, 13.061340152799602], [79.03629091228274, 13.06576808212602], [79.03688390350632, 13.07057495465659], [79.01812896644691, 13.074891388445518], [79.00817175367216, 13.080706054336257], [79.00121108948302, 13.084759365546475], [78.99536076508033, 13.08655640290467], [78.98041831280632, 13.085838438007169], [78.97195048332033, 13.083216484724097], [78.96878899656201, 13.07785666439959], [78.9562633540572, 13.075827790851665], [78.95088127412423, 13.078864444757281], [78.92913424167207, 13.081374908226845], [78.92231180017104, 13.07253695561957], [78.91004030044769, 13.062049150028978], [78.90402058107128, 13.049545854950749], [78.90393138509266, 13.047343049440409], [78.90663805378162, 13.044975306912121], [78.91580150298903, 13.044025470164573], [78.92100526911665, 13.04646909918288], [78.92719451742039, 13.046027585206748], [78.93741030832987, 13.037689142757895], [78.93617070420741, 13.033452918090191], [78.92059502130324, 13.034741681749475], [78.89341682601243, 13.03291343380931], [78.89154841181258, 13.033466358525114], [78.89128985694396, 13.067921834849429], [78.88899340365484, 13.07374982398675], [78.89324290507075, 13.091514876876321], [78.89565972204753, 13.095068848177302], [78.89121403477832, 13.097151213986107], [78.87923684695348, 13.097882488973049], [78.87397064747864, 13.095639602526573], [78.8697211706349, 13.088852833229554], [78.86989504711956, 13.085080406622511], [78.84088864176788, 13.07897149102295], [78.82018498014868, 13.08788518464507], [78.81305485343209, 13.08909808145178], [78.79780028816997, 13.075029586839598], [78.79430441089907, 13.06658407709817], [78.75901056635938, 13.057037139207612], [78.74875912453139, 13.058530976325736], [78.74028678572651, 13.063993381455345], [78.71451764353945, 13.068679855766074], [78.70582685833146, 13.02045471074454], [78.70128303995935, 13.016651106895425], [78.66837933830395, 13.026795521650365], [78.6562149462848, 13.031169940679089], [78.65551931859454, 13.01524642490578], [78.63318810555964, 12.997655288921715], [78.62189767052953, 12.990413715229135], [78.64380528147224, 12.968697901614966], [78.64362243626383, 12.965647891953909], [78.63805744502305, 12.96476053646224], [78.64611505867263, 12.9458940118375], [78.65701314626348, 12.932106532888223], [78.65261643176513, 12.929123401081675], [78.64185664689417, 12.930532421017947], [78.63366968199668, 12.929382028009009], [78.63255942057776, 12.923496003474108], [78.62686514396646, 12.908317177125518], [78.62303922317258, 12.904428830111451], [78.61488796010576, 12.882681807891446], [78.60985364241898, 12.863173292120022], [78.60155970118336, 12.850803718345944], [78.6077578986843, 12.821904278056559], [78.60473904677639, 12.820463971973991], [78.60069913260119, 12.81250001456493], [78.59268612024403, 12.786057538307418], [78.57620085074497, 12.769652539287186], [78.56305089806135, 12.76148349399703], [78.55827523422558, 12.751316753652876], [78.55774901967968, 12.743134270986866], [78.56307767101822, 12.737832436283284], [78.5585428028306, 12.72506149159073], [78.55858292073073, 12.712999700730638], [78.55662093747624, 12.702574256694563], [78.5501105854611, 12.696871125682591], [78.53982351074885, 12.690944988416167], [78.53598865259991, 12.690548123502074], [78.53134223837665, 12.697901135017212], [78.5296076761749, 12.709949595865863], [78.53176137862175, 12.711751073948765], [78.53575231125305, 12.708727868101008], [78.54371628624624, 12.710266192574265], [78.53557394987166, 12.714988434974298], [78.52537155523451, 12.72027246992127], [78.52282090457409, 12.719153232405086], [78.52177746567912, 12.728646687061953], [78.51907971296427, 12.729449283875606], [78.51789364296936, 12.724660172018549], [78.51169548030445, 12.72673368500301], [78.51350143138761, 12.734599520880055], [78.49972275539272, 12.743977060978912], [78.49316340553646, 12.747147467482627], [78.4890878210645, 12.741979348141998], [78.49468842381191, 12.73356946426758], [78.50716498772216, 12.72316637445151], [78.50926975307259, 12.72423663941893], [78.52050223321868, 12.718091993555744], [78.51746109627302, 12.710498121676011], [78.51406775120171, 12.707867237688474], [78.51119156281918, 12.708090218678718], [78.50786059933006, 12.711443447787493], [78.50367801544277, 12.711608438487254], [78.50191662506266, 12.70459868956663], [78.50418188347889, 12.690012971726684], [78.50364680536534, 12.682218522283458], [78.4987952557783, 12.675654681677536], [78.48153414105121, 12.672662604230728], [78.46789813865034, 12.675891060247624], [78.47176418325884, 12.632218594140358], [78.46503096690994, 12.624129738116691], [78.45700904973155, 12.629685812175751], [78.43144056382131, 12.631924268308289], [78.42478755105145, 12.633565203212308], [78.41328760770284, 12.627674785682121], [78.41249833251563, 12.626872086563777], [78.40642497994658, 12.627714931126679], [78.38355431916303, 12.62614525683197], [78.37942073031958, 12.625012690247617], [78.37031519239665, 12.627647982124575], [78.35076202191723, 12.6424700299348], [78.33886072075349, 12.64901601360363], [78.33222552453238, 12.650897765076403], [78.3151695330845, 12.66302656113127], [78.30145328271554, 12.667195782296211], [78.29606671484552, 12.673781893072597], [78.28727781663444, 12.687747745531011], [78.27488597350207, 12.702948882908908], [78.2684693138214, 12.705486055389866], [78.24582156261329, 12.705512845217399], [78.23960554805623, 12.70175830626371], [78.23526240188009, 12.686543804491336], [78.21341278257425, 12.686097874290862], [78.20261290693549, 12.69315664636801], [78.20824468606745, 12.708232904115153], [78.23013441024474, 12.713133394800401], [78.23262259752671, 12.715099912692471], [78.24101020023242, 12.73037233910688], [78.24095666021881, 12.73235214592628], [78.2323729556896, 12.752645558339504], [78.23095045525668, 12.76065849557568], [78.22348151158172, 12.766027251677487], [78.21607045747693, 12.766076352798045], [78.19385520187865, 12.774053663481679], [78.17740114644681, 12.775944364876315], [78.17013278998891, 12.772417211408179], [78.16727008280894, 12.770196547088684], [78.15232758679218, 12.777344448713901], [78.13088823451531, 12.784537019474783], [78.12750824114212, 12.789379629480623], [78.12568442517876, 12.794257871193983], [78.11673952064201, 12.802382362502538], [78.10717023716754, 12.806667518802627], [78.09588429610395, 12.814190057406941], [78.09013207714645, 12.820892086582745], [78.08619911057556, 12.83193726466628], [78.08209225445832, 12.832262775880624], [78.06910736536032, 12.842826375291088], [78.05992167664122, 12.848288780831952], [78.03172675444038, 12.852226134939706], [78.03039343837976, 12.85804973913161], [78.02386535000258, 12.856502451875052], [78.02454311149641, 12.85197204482578], [78.02791417541124, 12.849425873506377], [78.01858132872952, 12.835843413882392], [78.01243220504993, 12.830505891060556], [78.01062184046881, 12.830911659469368], [78.00371022514351, 12.824780374207029], [78.00836999148869, 12.820575467260484], [78.01305647064073, 12.817735038647191], [78.01531283780086, 12.813793172633021], [78.00975227278, 12.805740037947203], [78.0076966575361, 12.807220475303476], [77.99340521785003, 12.806877084270447], [77.98922258089601, 12.808161315026423], [77.98821039495054, 12.821578764777952], [77.97377625897552, 12.834456684114569], [77.971270247875, 12.832820188858092], [77.9643185511181, 12.832842464350634], [77.96257500167594, 12.837372918557367], [77.96373879442056, 12.84174286394021], [77.96158504905496, 12.849515063368166], [77.9517884740163, 12.85700184543983], [77.94390032010243, 12.857804492892575], [77.94115793495978, 12.856056525239337], [77.93989157179621, 12.84902903715368], [77.94142107236897, 12.844288967737977], [77.94353015794164, 12.84235816790463], [77.94528264277587, 12.836824434432991], [77.94067637179981, 12.823344597992609], [77.93479929853704, 12.822925404990588], [77.92055688813468, 12.828155983636387], [77.91807318397494, 12.831348664768244], [77.91789481539118, 12.840712736183365], [77.92385666586947, 12.851891711408433], [77.92963120999786, 12.859913635181396], [77.93973991054516, 12.867208722656066], [77.93887046910633, 12.872546308667877], [77.92772269712546, 12.874918552046626], [77.92714300606607, 12.881518016097885], [77.93223973558727, 12.880586064023221], [77.93462984834083, 12.880657422927042], [77.93600322409937, 12.883114336976682], [77.93600766949913, 12.887243524598288], [77.92932350008822, 12.890913353829625], [77.92509183375255, 12.890088439510418], [77.89245564096711, 12.873941971641445], [77.88856280602481, 12.869848546366658], [77.87507406390314, 12.866856495300272], [77.86076034279834, 12.868907662672125], [77.84260732974397, 12.86868919192068], [77.83601235704724, 12.870330167476249], [77.8290962569304, 12.861443169705394], [77.82415560708814, 12.85786247393431], [77.81053300886231, 12.85122730591322], [77.80347872741049, 12.849992198839441], [77.7987119991823, 12.850527221491278], [77.79246473256102, 12.842701499759396], [77.79589824199381, 12.834532471796315], [77.80988201103713, 12.831531499624772], [77.80885637622278, 12.819340300223661], [77.80500376809306, 12.816535555708736], [77.80216329195362, 12.817003760399944], [77.7997331029783, 12.805213914389956], [77.80728679524556, 12.798734805589564], [77.80764354396008, 12.79525222267802], [77.8045400183282, 12.794008116468838], [77.80134730041196, 12.79610395362371], [77.79856485472716, 12.795118481113477], [77.77884668212272, 12.768007172910405], [77.78450083102874, 12.76238418412478], [77.79439105448802, 12.757621896817477], [77.79241568165172, 12.747437302924386], [77.78355543796548, 12.74121236263485], [77.76835436880039, 12.740030741421084], [77.76281175238172, 12.73607104386352], [77.76108602828815, 12.727567577414368], [77.77401298283202, 12.723607876055803], [77.76600444997885, 12.71021717310301], [77.76392206137267, 12.699635712598695], [77.7599534281103, 12.69698257384829], [77.74923824604245, 12.69872163267381], [77.7391338898771, 12.699635741785539], [77.73487995313232, 12.693143286399948], [77.73719420575583, 12.690106601901245], [77.74100674048132, 12.685767944132259], [77.74046719020332, 12.673648058931867], [77.73809493664994, 12.672198916899955], [77.72519479534901, 12.671240190066758], [77.72276457510222, 12.679650081602876], [77.71159004876596, 12.683137087662272], [77.71171040721707, 12.670776454858988], [77.71092562934352, 12.667030750816942], [77.70236416022591, 12.660814805570837], [77.68690892915731, 12.659731223845299], [77.67865516448617, 12.660391202028011], [77.6750922999536, 12.673090698124598], [77.67638102175452, 12.679471722835892], [77.66186216618698, 12.682985463293855], [77.65540979547983, 12.682129325040835], [77.63788553116855, 12.675708171380085], [77.61887641638309, 12.672644839434845], [77.59887289296034, 12.667155682282262], [77.5961215878024, 12.650282414339706], [77.59949268802097, 12.642969452038749], [77.6007234375658, 12.64302741464246], [77.60474555268817, 12.637596249596768], [77.60601637310988, 12.628004752233565], [77.59644710004265, 12.622390712645952], [77.59128793098553, 12.610355614513958], [77.59131468659695, 12.591935092607857], [77.58004214398343, 12.573527861585273], [77.58056384173362, 12.559454955062579], [77.58690464673487, 12.52951657156988], [77.58779198479098, 12.52019258405309], [77.5935799720442, 12.516005464058969], [77.61249544614473, 12.514623183066831], [77.61572382832989, 12.508367054382864], [77.61484090602852, 12.504019472263353], [77.58875075324833, 12.485630108110254], [77.58404191096497, 12.479463151900346], [77.58636959985506, 12.477113232854636], [77.60676551748591, 12.474919312455253], [77.61766798135086, 12.484542097298167], [77.62608680791267, 12.496309675085557], [77.63004202540581, 12.493750145149345], [77.63459476736169, 12.486405988405314], [77.62777231572694, 12.453038495497783], [77.62685373764117, 12.43733803740531], [77.62873100640678, 12.417410319616563], [77.62333109726801, 12.405009542824958], [77.62079831187116, 12.3846849402568], [77.61434594200382, 12.362237843577287], [77.61097484870815, 12.361024977951983], [77.59897544921265, 12.352985183756362], [77.59154210903817, 12.340138513836088], [77.58649000529795, 12.33841737736458], [77.57663976916736, 12.329824664355133], [77.56564816135757, 12.305999662906453], [77.55848682448527, 12.305758870002773], [77.55207462945582, 12.29645719988857], [77.55168671291793, 12.293679169145625], [77.53907638577049, 12.290936843003273], [77.53020272755995, 12.284689629464141], [77.5266131241038, 12.278705544224811], [77.51376202669314, 12.275526179583702], [77.50767535174843, 12.276426921367225], [77.50205685684482, 12.281006387102906], [77.48954018852005, 12.279686530433821], [77.47906127853992, 12.271272204395727], [77.4718152837915, 12.248058142494147], [77.47111960496952, 12.243509822842773], [77.47849053972034, 12.240058500646839], [77.48231201115702, 12.233097840169036], [77.48217819223252, 12.228001065579308], [77.47191340322509, 12.20841668336329], [77.47670242222358, 12.205295322740078], [77.48043021739139, 12.20467108656864], [77.49399487628715, 12.19733140409956], [77.51771723311377, 12.1946336009322], [77.54181420638679, 12.203204017724131], [77.54694221583395, 12.20455956678489], [77.55691722065968, 12.200118361283455], [77.56845740322885, 12.198767196170268], [77.59332579857812, 12.199141796424316], [77.60174452021766, 12.202740237084692], [77.60658717104427, 12.205955294169755], [77.61293245893928, 12.205652063417357], [77.61466703071203, 12.203948687496759], [77.62437898504184, 12.200323418104919], [77.64318746894506, 12.197362619522547], [77.65887899911483, 12.19927556168375], [77.66439935545868, 12.198307920640309], [77.70336300452638, 12.183878314050027], [77.71567456455331, 12.18266092928963], [77.72202878263174, 12.182937442780853], [77.73160697862072, 12.179838307515809], [77.74712017961674, 12.15492085325913], [77.74723168078346, 12.14312658518799], [77.75540518792982, 12.131876196191374], [77.77379893831012, 12.120518924903468], [77.77655913807347, 12.11594385802554], [77.77541316597197, 12.110566227792177], [77.76725746105235, 12.105750378173427], [77.75568605884942, 12.07973154340006], [77.73778284710268, 12.067272806902992], [77.73016222834666, 12.063602960125655], [77.72035665976537, 12.051790749227571], [77.6989529106243, 12.01936866907319], [77.6747400176195, 11.965935220687294], [77.67450367679074, 11.953922392587055], [77.67567200817447, 11.952009459210167], [77.6679176487314, 11.949017408814253], [77.64721400906565, 11.950488917654333], [77.63671278535759, 11.94794723988406], [77.6226488461038, 11.946734364859134], [77.61028815157961, 11.942101322464884], [77.60477676384559, 11.93851626985818], [77.58813089922181, 11.939136059708279], [77.58379217560578, 11.936821768345531], [77.57269352284804, 11.936937728191062], [77.56106867318265, 11.941914059391179], [77.54252318777685, 11.938164002436036], [77.53798388088602, 11.932385008881464], [77.51050685142737, 11.938721367232148], [77.49672826718174, 11.943608564224728], [77.49310750561972, 11.936335713456717], [77.49026253480785, 11.911039219610402], [77.48594169132937, 11.902767606177253], [77.48495623750526, 11.895566146021608], [77.48620030591333, 11.887410443259787], [77.48549132423182, 11.886969029704245], [77.47431682170321, 11.895610788245298], [77.47431235784585, 11.898723259874144], [77.46373541600317, 11.900716402051227], [77.46153258428954, 11.882884489527921], [77.46435515995873, 11.87633856875604], [77.46229511111349, 11.864383681993534], [77.4655591868411, 11.84519615775495], [77.4540457041113, 11.820229690201716], [77.45234684985111, 11.812078389268393], [77.44980517478952, 11.796012292078945], [77.44614423396261, 11.790041568776527], [77.44419110667819, 11.789314685839173], [77.43274911898504, 11.776245094777469], [77.42724209552108, 11.760870107135002], [77.42259567353823, 11.76171734119603], [77.42222561894926, 11.772374595807284], [77.41324946117722, 11.774996517598968], [77.39364718312379, 11.787838770980198], [77.3880243364958, 11.788463043596364], [77.36312470855228, 11.786492078646472], [77.35998994302709, 11.779937217190035], [77.34533734111491, 11.773953124569644], [77.33514827418578, 11.771228567043542], [77.32621225934622, 11.776945159582175], [77.31163096217107, 11.794411485376687], [77.29385256825707, 11.808997217362265], [77.28946477201018, 11.801496962326938], [77.28797548581821, 11.800435687836806], [77.27443314184605, 11.80299967229417], [77.27255586102262, 11.805643929545116], [77.25052794594349, 11.812894437561205], [77.24898063697525, 11.803820169810212], [77.24628726762845, 11.800301911691466], [77.23859979394035, 11.794652267599798], [77.22960580889888, 11.795726903468095], [77.18923754565705, 11.792520843960936], [77.18201826286047, 11.78632265246518], [77.14709458178372, 11.781912607474643], [77.13807829511049, 11.772642164881841], [77.1194348406661, 11.773779175246936], [77.11135933675637, 11.77032343326118], [77.11000381099691, 11.750819290567224], [77.11828879336515, 11.725643208909915], [77.11770470359872, 11.721072627968306], [77.11481959371221, 11.721750382574045], [77.10641425834889, 11.731007511190457], [77.08086802497891, 11.736541268453024], [77.07599871212905, 11.746262122499484], [77.05987012714779, 11.764232254707675], [77.05642769974929, 11.769774974141752], [77.06397700214384, 11.777631914149486], [77.06710276044628, 11.778314098405836], [77.06975591998373, 11.782077613222418], [77.06601031766634, 11.78853885436167], [77.06294241344108, 11.790398287526813], [77.0504257251067, 11.7896179404528], [77.04451296822535, 11.786032800029153], [77.03781988663657, 11.776383286997062], [77.03509978291908, 11.769779385026514], [77.02887042532777, 11.774697765965305], [77.03548774538469, 11.78313439513438], [77.03748991413558, 11.790393827776857], [77.03417230510534, 11.79998530358059], [77.02650709689085, 11.805960507084135], [77.01952420620094, 11.809715070274466], [77.00483593446023, 11.812381652652588], [76.98847989669832, 11.811208864799521], [76.98247798303107, 11.80022164637955], [76.97226221069089, 11.779638483594145], [76.96992116235467, 11.77686043193299], [76.96200180449954, 11.780985124668854], [76.95795292424455, 11.787120815416175], [76.94861998048582, 11.790460689278351], [76.92608368398427, 11.792150720879361], [76.90714144086196, 11.793488418537345], [76.89660907798772, 11.776468058350613], [76.89784420634615, 11.76911054333485], [76.89581089508901, 11.757748780919592], [76.88820366654666, 11.736799891819578], [76.87723873125151, 11.725669965848509], [76.8706525987144, 11.720662431912888], [76.86187714062677, 11.709639476162705], [76.83373577063142, 11.648955606074914], [76.83462754439576, 11.639515692951903], [76.83840884384144, 11.635377638707684], [76.84223921578372, 11.63370100026931], [76.8504618403884, 11.619797505034567], [76.85802001403945, 11.61346117501135], [76.85566561291834, 11.598487463194619], [76.84693466965558, 11.594469824751567], [76.84039320774762, 11.596797464666539], [76.82851858089543, 11.603753697881016], [76.82046101261835, 11.606362264281517], [76.79473196391105, 11.609608474800813], [76.7608115989804, 11.616323889656123], [76.74925811221719, 11.614754271282722], [76.65642401977804, 11.61456700563759], [76.6304854712699, 11.613782175805424], [76.61916379715623, 11.609501502293387], [76.61276051205141, 11.609220522989434], [76.60388688282742, 11.611035376589864], [76.59665426685494, 11.615133336427505], [76.58328583771998, 11.613791137296504], [76.56585522656889, 11.620136385312952], [76.56232361527402, 11.62302149686712], [76.55377104714374, 11.650257654247106], [76.55088161142112, 11.66849093576044], [76.55113579123305, 11.672602236821776], [76.53722783768735, 11.690799825221415], [76.51460681351983, 11.703361090988055], [76.50818570045591, 11.702710094315654], [76.49833104621042, 11.696106097613708], [76.48301410611265, 11.690117569790056], [76.45815457119443, 11.664821087713422], [76.44077744680565, 11.664473257294365], [76.43136428048284, 11.66636396322186], [76.43752233835562, 11.653062383340686], [76.44351530836897, 11.648973388106752], [76.44342615686692, 11.64362248582155], [76.43380785303601, 11.634378752691727], [76.42837227422028, 11.632242876135045], [76.41258703589922, 11.633794661150928], [76.40312036653842, 11.633339791229735], [76.3884944648966, 11.629821590653536], [76.38329076348782, 11.624042628405507], [76.38307670148191, 11.616658299787233], [76.37767673098229, 11.603784871731845], [76.3719155882201, 11.599513046966456], [76.36017473882991, 11.593979307806993], [76.3545785363606, 11.58931063820572], [76.3448176050744, 11.588432245087978], [76.34020687523049, 11.590510139341054], [76.33995714302365, 11.59312761917098], [76.33587708634292, 11.595736248737394], [76.32041738559428, 11.585333131733256], [76.31692145365471, 11.579696853440238], [76.30238480166335, 11.571224538710212], [76.29939278575367, 11.580089276612119], [76.29209316898178, 11.590389790296237], [76.28248380547792, 11.595941328829756], [76.27561677303586, 11.597444058409263], [76.25932326052546, 11.588686405965579], [76.233768158933, 11.571171063707796], [76.23298335278518, 11.569244727179193], [76.24811311553285, 11.539484624611715], [76.25114084344928, 11.536452496145758], [76.2493392956768, 11.527574409147961], [76.24429607076497, 11.52621436489366], [76.23853940226601, 11.526544351989722], [76.2393553829189, 11.52354787477427], [76.24277997222065, 11.519204674508604], [76.24714549404547, 11.516515863363205], [76.25143953737636, 11.499522223661815], [76.24926795812979, 11.490456840198481], [76.24757352553353, 11.468540353043535], [76.26568643758509, 11.481025884005307], [76.26823250753334, 11.480111723900837], [76.2704398400607, 11.47715981138691], [76.27527791959061, 11.476901211040111], [76.28117282169761, 11.47927788707053], [76.28443691234348, 11.482920938231574], [76.30030683342368, 11.466783510376898], [76.30593422085043, 11.46730964547619], [76.32113082076893, 11.456487435354354], [76.33004017661516, 11.457258841028516], [76.34329708459462, 11.46665417414736], [76.37201362001082, 11.453419510050033], [76.39800130510963, 11.434936540063752], [76.41870042176333, 11.441781280901106], [76.41507969384652, 11.422629463037131], [76.46208300296404, 11.387469440429493], [76.51769696480287, 11.371323017964169], [76.51511955013663, 11.359689211763099], [76.50818570045591, 11.354124311552802], [76.54785831486537, 11.358886635685495], [76.54842904150057, 11.340559698696278], [76.54658296850585, 11.326740943808304], [76.53729919556561, 11.314045917610887], [76.53935479709602, 11.304619384647669], [76.54575363380354, 11.300311887997594], [76.53020916970185, 11.290336856907823], [76.52519266551066, 11.283790888873975], [76.52215156473741, 11.271702273345852], [76.48711200081082, 11.258284809787837], [76.46199386415277, 11.243271073513874], [76.4530890309079, 11.23936928150015], [76.44895987823071, 11.205466805966102], [76.43935945964472, 11.202956316880377], [76.43862371385305, 11.198960945898484], [76.45235777563047, 11.19864882576556], [76.4584444130324, 11.187679441368491], [76.47347161684215, 11.194929914754505], [76.47236577022478, 11.20874871177304], [76.48466395665785, 11.21082219591102], [76.51048208581294, 11.211638144830895], [76.5160916444848, 11.204298531585337], [76.53380772913523, 11.196771510161241], [76.59507126758152, 11.205680780393985], [76.61116863232402, 11.201850470094797], [76.62972296196014, 11.194171873231586], [76.65467159497787, 11.210037371423558], [76.67363167588618, 11.218853028847748], [76.68452533680686, 11.228092249893892], [76.68463229428514, 11.233898000177618], [76.69852692229887, 11.239525411438091], [76.70708836429051, 11.238379429518814], [76.71167227466881, 11.231744239899644], [76.72399724168095, 11.225648647550807], [76.73118983736877, 11.213395091222692], [76.72624016095618, 11.209328359237068], [76.72241873663057, 11.20326842234976], [76.72490248187776, 11.199380136122345], [76.72662363573023, 11.19138941544979], [76.71521286775459, 11.187389612615215], [76.69980665206097, 11.179532634450446], [76.69269886525234, 11.170141765533039], [76.69008577233403, 11.16231159559472], [76.69219943839988, 11.156702030309047], [76.70311977663789, 11.143743865919996], [76.70660678813803, 11.141634787876102], [76.7112575723644, 11.141634784589483], [76.71265775971776, 11.143775086086743], [76.70889432454895, 11.146241041833898], [76.71003133864403, 11.147993442952288], [76.71647921604306, 11.148898615276835], [76.72859462830114, 11.132208190437726], [76.73926523000051, 11.132841368808318], [76.7439160400996, 11.135146725426834], [76.74827705275672, 11.134593821524218], [76.74695272919531, 11.110684118750413], [76.74491043089797, 11.10845015528996], [76.74251144527115, 11.108262796794186], [76.73898430188635, 11.104303119935247], [76.74084378773296, 11.100405862834373], [76.74523599266291, 11.095326956162184], [76.75145637610382, 11.09342296181653], [76.75467145695856, 11.079011163016162], [76.75416311829183, 11.077789378766793], [76.74258726737447, 11.073303492240235], [76.74182472917667, 11.069281393784546], [76.74415688910756, 11.057362190465676], [76.76199771508723, 11.048782871040382], [76.76966735605774, 11.043217958841744], [76.77856773756636, 11.042285967730518], [76.78887271996176, 11.04567047297414], [76.79254704853854, 11.0508786445215], [76.7957620412688, 11.055538414014645], [76.79859352180198, 11.056363356114321], [76.80085878314478, 11.053964387604122], [76.79157495531787, 11.037202571359343], [76.77781413415602, 11.034125832228522], [76.76659952085106, 11.029091490281955], [76.74899948522338, 11.034562844060545], [76.73696433098549, 11.03966401697141], [76.71444144339577, 11.040894738042256], [76.71139137302336, 11.038839076729616], [76.70215209954937, 11.028409273590354], [76.6941346734207, 11.021470885698827], [76.6888149303359, 11.0066889353389], [76.68638923853204, 10.996259141935496], [76.68597894639498, 10.989561597511688], [76.67183472783111, 10.972630343849493], [76.66036587374761, 10.942205881452287], [76.6557953491957, 10.93900425571828], [76.66123544089442, 10.930099422291606], [76.67347563124586, 10.920155661460342], [76.69693047933796, 10.910247539146107], [76.70727114605099, 10.910091486518237], [76.71449490947477, 10.908459435358354], [76.74225729558734, 10.891372119292434], [76.751697210636, 10.894176975636], [76.76191750225951, 10.892576140235315], [76.76430757594159, 10.891403345528435], [76.76560961640676, 10.88936559988119], [76.77347096576128, 10.888879544299876], [76.78178273825093, 10.890284142612039], [76.79887449214485, 10.880197612075332], [76.82656553235338, 10.871778889687803], [76.83077933724061, 10.866017714410416], [76.83263877627131, 10.859944394157194], [76.84882536602916, 10.848368593844658], [76.85249519497233, 10.840056850429853], [76.85388640907438, 10.834612224248293], [76.84994007850521, 10.82952441232667], [76.84681869990463, 10.827219085574137], [76.84594030030613, 10.82457038908167], [76.84760356135011, 10.820414448717125], [76.85018538605233, 10.81742687294855], [76.8601737767098, 10.818323138077238], [76.86520365179402, 10.81427430382848], [76.86574760716334, 10.812410423316072], [76.87005957618939, 10.808325846074567], [76.894330439011, 10.809039285775087], [76.90068021396928, 10.80730476079418], [76.90753385627579, 10.777986160398388], [76.90002031702376, 10.75507086028499], [76.89074092757251, 10.738246628000285], [76.89051795397897, 10.72439221897039], [76.8890687477211, 10.717155119599854], [76.8822061604867, 10.717337943400222], [76.86955126890133, 10.697022237512243], [76.86614895196398, 10.684839940512768], [76.86840523854632, 10.67798186014489], [76.87855419143354, 10.671890789111913], [76.88384711868484, 10.647682314802843], [76.88266541987086, 10.641778471207997], [76.86838737984836, 10.63384125119818], [76.8567447189947, 10.632900370761364], [76.843447698645, 10.635580314038652], [76.83498428730562, 10.636151073774577], [76.81617583289976, 10.63516111870914], [76.81043694595692, 10.623812712199266], [76.81731284127396, 10.603202761461892], [76.82549082773637, 10.596398161146032], [76.83110485108261, 10.59824870687705], [76.83281715071374, 10.599251976596614], [76.83753936020821, 10.598257592525039], [76.83836431826155, 10.596411526439176], [76.83579588680311, 10.568921193863561], [76.83570216990366, 10.556810300762832], [76.83808334916432, 10.54335716620188], [76.84205645526295, 10.540784230930717], [76.84309537968028, 10.537283841977857], [76.83085959377406, 10.498141841624873], [76.8283268239185, 10.450202085159393], [76.81638987536658, 10.423541107722953], [76.82253895035683, 10.414582763434847], [76.82746624593581, 10.411345503366222], [76.83061433598088, 10.411167067453045], [76.83285287837093, 10.407907548597372], [76.83347265478714, 10.404157422002715], [76.82365821138573, 10.39506081764026], [76.8442726173772, 10.375454150495328], [76.84821886460831, 10.369287263840766], [76.84445986216569, 10.355637952876357], [76.83630864458529, 10.346019621533793], [76.83618377721696, 10.34026739251915], [76.83765525064686, 10.337765884116603], [76.8319967317552, 10.316304230370388], [76.83282163867123, 10.303194439663466], [76.838440082134, 10.301433061665216], [76.844780940564, 10.294900493816634], [76.84220806644102, 10.29247472640077], [76.84346107337116, 10.28921965384021], [76.84920432892274, 10.285295616332984], [76.8524550737164, 10.285442766372471], [76.85898762823258, 10.292947438619523], [76.87006846143146, 10.298579246266224], [76.87420205301525, 10.29016492269502], [76.87519645900682, 10.27504857330403], [76.88908660342511, 10.265590866477261], [76.89770603230905, 10.262014611486094], [76.90120642273779, 10.251843425156814], [76.9044302927936, 10.250907034787048], [76.90545593997074, 10.247919450951423], [76.90454629636343, 10.243469268170125], [76.91159610007489, 10.235286810161144], [76.92156219160104, 10.2321832088588], [76.93336543438896, 10.235960120960645], [76.93935850912396, 10.238903128111867], [76.94819191445482, 10.234448484702018], [76.96168964692136, 10.2331152194793], [76.97252529343899, 10.22812995939362], [76.97435797908474, 10.225338557240015], [76.98392713887831, 10.22094635409787], [76.99062477799563, 10.227429824851631], [77.00912112744581, 10.239986648222697], [77.01470839105097, 10.245841489314442], [77.03863146053729, 10.252668357950142], [77.05059517377941, 10.261751520808224], [77.05261518742945, 10.272275036948242], [77.04651955541797, 10.280689339954098], [77.04768789701825, 10.284818521516367], [77.06100724584094, 10.29077584526697], [77.0857953633341, 10.308126241833339], [77.09151633031767, 10.313481581374004], [77.09610033634767, 10.308977866597678], [77.09782604372882, 10.311180664799844], [77.11066818647546, 10.315706696621527], [77.1260610508844, 10.32336293126069], [77.15539296558867, 10.342073345207998], [77.16972454551954, 10.35444736811014], [77.17824142653527, 10.357947771935368], [77.19449934219341, 10.35469708177581], [77.22623476263982, 10.35342179000017], [77.235166294232, 10.351254664226852], [77.2363256860346, 10.339553925605447], [77.22921338908564, 10.330653586726891], [77.22807638171071, 10.31498431358694], [77.235705865842, 10.305053881265838], [77.24055286583202, 10.293580593227679], [77.25806828670628, 10.269439034379388], [77.25982513965586, 10.261354702149822], [77.25718980654457, 10.25939265472595], [77.25972254402356, 10.23027474316378], [77.26455180750116, 10.232325920305094], [77.26474795870612, 10.2352154529904], [77.28183973921388, 10.235804052179743], [77.2880869111702, 10.23186219920646], [77.29285820136231, 10.22271215848467], [77.29289826373756, 10.215207433448322], [77.28511266831936, 10.204929215177524], [77.27750997270793, 10.19140033435621], [77.27530263771745, 10.184417377649517], [77.27328718958161, 10.149208300837966], [77.27430381726532, 10.139857521276921], [77.27328271797856, 10.128914938945286], [77.26658064576147, 10.121695655725578], [77.26046280896325, 10.123251897129855], [77.24764737773712, 10.130502374811991], [77.237480593475, 10.129699763310848], [77.23372605044642, 10.127969578288203], [77.23026574486485, 10.121289845634237], [77.22058947215933, 10.118217547096862], [77.20769382398264, 10.116639003574464], [77.20462148647252, 10.11275517409548], [77.20140641715867, 10.105669613300831], [77.20315446346248, 10.089643606585831], [77.22304650793977, 10.07262766444553], [77.25943720493106, 10.033450070260452], [77.26243375698544, 10.027956425412938], [77.26159091045365, 10.021205315587608], [77.25319447177154, 10.012813340025634], [77.25712737089107, 10.00868417808724], [77.26471674289031, 10.00280265364983], [77.2617692661227, 9.991101929542012], [77.27266738870307, 9.976337833547618], [77.27104426471647, 9.962429947246832], [77.26355736758889, 9.95511254834297], [77.25525454895204, 9.95316841521813], [77.24719696194374, 9.948584440355143], [77.23976809773802, 9.93880119517268], [77.23480511666789, 9.929490563250964], [77.23032372151911, 9.913214811619504], [77.21830642075143, 9.904305570667125], [77.21915369963523, 9.890442189257033], [77.21940334706382, 9.884413521022573], [77.21650500092368, 9.88047609218728], [77.21224651988102, 9.877635672593417], [77.21961299435645, 9.864690909663679], [77.22613661115054, 9.860856074932068], [77.23268705725661, 9.861542807791924], [77.23630788170775, 9.859603067049871], [77.23701242230509, 9.851755012655845], [77.22293502097126, 9.844879113279163], [77.22487914213599, 9.840910537318287], [77.22395164490067, 9.826369385396474], [77.24115485694838, 9.815636337402728], [77.24663069493998, 9.807502916552162], [77.24572994155335, 9.797429849320453], [77.2375786478233, 9.79126732807423], [77.22304650793977, 9.788007698220133], [77.22499062726939, 9.775557965088046], [77.22772851473464, 9.772133322709502], [77.22902165197466, 9.76631865596638], [77.2223731110138, 9.750002849063208], [77.2206876282582, 9.74134767750364], [77.22381340561202, 9.731403928344937], [77.21829756108923, 9.726102033419924], [77.20895130036375, 9.724264926236113], [77.20537508110704, 9.72057279246398], [77.20351117578913, 9.702700707308221], [77.20591461331772, 9.696654107931987], [77.20600383328535, 9.693755740240475], [77.20265948604376, 9.68974253207724], [77.1945349634382, 9.67297185807363], [77.18398472891165, 9.660936724177951], [77.17935618575781, 9.652094295109176], [77.17526722160888, 9.631091950125398], [77.17302427752193, 9.626276162949338], [77.16849833327433, 9.621362223019947], [77.16586298284643, 9.612863149352133], [77.17125849966463, 9.609804261328096], [77.18885411703083, 9.60628596795023], [77.19956482137394, 9.614388179748582], [77.20895568668186, 9.613442887132072], [77.21047185165858, 9.61086100230036], [77.210137354859, 9.609509959637457], [77.22697497486271, 9.588378229737957], [77.23555422120944, 9.581212491622104], [77.23779720874272, 9.581430930581393], [77.24210914338337, 9.58475742068621], [77.25306512381864, 9.582964879408028], [77.26369564793929, 9.573859429475137], [77.26971546430529, 9.572766942813569], [77.29048590573487, 9.58594806156537], [77.30380970988634, 9.598741189697868], [77.3169818591829, 9.601795642195011], [77.32599815746205, 9.59811241521126], [77.32725121317414, 9.596703414112211], [77.32483886298898, 9.591463945346574], [77.32407630596565, 9.584766328566547], [77.3253605819835, 9.580035264388332], [77.33597324006641, 9.57675334635638], [77.34195735396507, 9.578603861398664], [77.34492261383481, 9.586487564294044], [77.35458547169975, 9.604069785834422], [77.36580461189556, 9.599744510025188], [77.36614348310235, 9.595954281838193], [77.36238894865984, 9.59556182102748], [77.3612295785588, 9.597532805181219], [77.35858084799692, 9.596101425196515], [77.35597227299475, 9.58815532329098], [77.35761769809777, 9.584864451276465], [77.35584741949994, 9.573993188881085], [77.35297128354617, 9.572860560437412], [77.35044301838757, 9.566515240014523], [77.35290443045673, 9.55958135813035], [77.35706475725604, 9.557971632385389], [77.36537208534246, 9.54970895118282], [77.36452928033965, 9.544090410270595], [77.3655637744411, 9.535092002608026], [77.38388176303151, 9.520747075260811], [77.39795021265572, 9.524702297219601], [77.40246730607907, 9.525054562293054], [77.4021819658765, 9.520640047441026], [77.40417959523687, 9.51628793295378], [77.4116441472412, 9.51156578005766], [77.41196966057838, 9.507985131893271], [77.40900436393463, 9.505456783700847], [77.40084423817208, 9.499231905385715], [77.39834267909808, 9.492271221595912], [77.40050082659165, 9.479504809144304], [77.39578755064426, 9.470577687718986], [77.39261267693541, 9.459354157220607], [77.38331099023083, 9.45439565095939], [77.37719760592017, 9.452776969171673], [77.3736972155676, 9.454342145567917], [77.37289012573886, 9.456629650328525], [77.36600076833263, 9.460081008635168], [77.3587056985545, 9.4535573147011], [77.3524941987306, 9.444581145483543], [77.34539526086462, 9.426660006336583], [77.34390151795262, 9.423222055735305], [77.33884935808364, 9.419226681350775], [77.33638791159572, 9.411900393364007], [77.3399016940493, 9.406487028753071], [77.3420955416603, 9.397836411254712], [77.34049029350587, 9.391477716600312], [77.33600443687695, 9.386238313047052], [77.33457305551349, 9.378211928402415], [77.33662872185702, 9.375126177911564], [77.33781927065905, 9.367679493156928], [77.33332892948538, 9.356326662044385], [77.32410750596003, 9.337041034814368], [77.31561738181894, 9.334860502805599], [77.31011040375239, 9.336189299941136], [77.30446072660772, 9.337807964116685], [77.29997488752691, 9.336653044849724], [77.29863712310902, 9.330272129880013], [77.29965826450129, 9.326615597557495], [77.30205281444192, 9.32292792472663], [77.30233375469167, 9.318535748227589], [77.29777209568483, 9.309617514533738], [77.29368311534007, 9.304761583886787], [77.285563114122, 9.300868802933806], [77.28298569561532, 9.301332509757827], [77.28220094770383, 9.298541121718925], [77.28518850254315, 9.286372204189842], [77.288046759482, 9.280232061741053], [77.28852840349802, 9.27417212784339], [77.28200920925802, 9.272807657191162], [77.28298569561532, 9.268709739729273], [77.28261116347213, 9.258538522068173], [77.27450898297458, 9.236015643886685], [77.27575303352017, 9.228979178199955], [77.27899930416748, 9.223543490527579], [77.27987323755518, 9.21585602188707], [77.2691981443418, 9.200440902531344], [77.26313822894447, 9.19826040390967], [77.25788545323448, 9.198652794633102], [77.25278424096088, 9.191000987347117], [77.25235164672505, 9.18799558066624], [77.25818421262606, 9.184735947947908], [77.26315611690042, 9.18347406991864], [77.26697311643677, 9.170221557021895], [77.26650041533469, 9.156063939215933], [77.26035574179225, 9.14564745528775], [77.25180320650078, 9.135302343935843], [77.24728167812987, 9.124600517789377], [77.23901454706078, 9.122339783997058], [77.23055115462465, 9.117265334137711], [77.22439758830502, 9.106710580360255], [77.21877019243864, 9.101435447165791], [77.21341482128294, 9.100284998287254], [77.20660573732764, 9.086221062890392], [77.20814412733671, 9.072879381117701], [77.20434057604615, 9.065205259252977], [77.1967467059182, 9.056398529733976], [77.1956051750567, 9.048809154592394], [77.19626065077375, 9.04789504950142], [77.18586201506362, 9.045420287314734], [77.1817596742316, 9.047462569090206], [77.17017042976866, 9.046361097303038], [77.16668790734016, 9.044153867838885], [77.16196127576485, 9.033683911766866], [77.14957832964808, 9.018010199889735], [77.15005992393169, 9.010982645370662], [77.15864816011857, 9.000659823856903], [77.16796766983636, 8.993159570954758], [77.17370207932977, 8.98995352524432], [77.17820132519387, 8.969098307334454], [77.1838598679289, 8.96971364157203], [77.19074027560396, 8.964786325796705], [77.19485608058042, 8.956987361897884], [77.19638102418297, 8.949848331585223], [77.19434773244069, 8.931262846183433], [77.19738436513141, 8.924074763239059], [77.20727466221967, 8.92015519136544], [77.21962185392003, 8.912516781150972], [77.2392865169657, 8.893364937857722], [77.23765451271483, 8.885672993431132], [77.24601978652103, 8.879715587779344], [77.25606613509365, 8.878819360277268], [77.26059653317996, 8.846357033595682], [77.26009714918106, 8.839449898408397], [77.24658158384341, 8.82214413805337], [77.24797282312325, 8.816922542671346], [77.24180148529773, 8.809672062035485], [77.23344959460054, 8.807513862161972], [77.23111302566271, 8.798765052985592], [77.2306091311387, 8.788540369985785], [77.22996252913032, 8.785628532415005], [77.22091946579803, 8.780549672836013], [77.2172273791858, 8.772746204682887], [77.21871221011237, 8.769361777238883], [77.21795413901782, 8.768238045314273], [77.20850091235444, 8.76564286904062], [77.20496038532838, 8.769125435683616], [77.1996673815795, 8.769763077940727], [77.19886479515314, 8.765473451360121], [77.19983688208389, 8.76079141866338], [77.19693402086138, 8.749844275036196], [77.19246593043657, 8.744439894354931], [77.19020523678607, 8.74328052786698], [77.18266933862412, 8.742781100854032], [77.17742096969964, 8.745287123931048], [77.17161074469297, 8.75000038815215], [77.16976912524416, 8.74742749050626], [77.16996982155331, 8.742361956184366], [77.17910206650309, 8.73058541375582], [77.17687692033108, 8.725515437644948], [77.18472046717233, 8.71346693448742], [77.19484713142596, 8.70598009830231], [77.2043628594085, 8.687523915280352], [77.20361820682362, 8.666383256867729], [77.21169806865906, 8.654798568890845], [77.2139409829896, 8.649634868181028], [77.2268367391133, 8.639392359122146], [77.24037456571683, 8.623959429088602], [77.24593059678395, 8.611522971880307], [77.246443371076, 8.603465356123957], [77.26907328575841, 8.57881097711879], [77.2741120659128, 8.561790650354414], [77.27895914936703, 8.553608184087038], [77.27967702394446, 8.542304334905939], [77.27428154711973, 8.536694778984744], [77.26636661015128, 8.51594657083464], [77.2603067241114, 8.506002824743023], [77.23687411060901, 8.501191439304685], [77.22966378587734, 8.50898146783865], [77.22000535835284, 8.51268703265537], [77.21431108432807, 8.51281184397073], [77.20260149582084, 8.501405440482838], [77.20447436388699, 8.497035586715116], [77.20768487579811, 8.494154936794057], [77.21174263260886, 8.483965932858405], [77.21164008286459, 8.477134623191889], [77.2137001840329, 8.472077975608695], [77.22741643350412, 8.458477687315032], [77.22882991455224, 8.4496932865071], [77.2280986605996, 8.44725413290154], [77.21258092299291, 8.445309953832902], [77.20428258664654, 8.438634710611193], [77.19788375132133, 8.429868138901895], [77.19088294051576, 8.412571241577123], [77.1794810514769, 8.3946412075356], [77.17139223706288, 8.388099690559827], [77.16663437517956, 8.386926938773204], [77.16094903485549, 8.390173160077044], [77.15211108828885, 8.38654347766784], [77.15110780387755, 8.38447445826338], [77.1519505598399, 8.381758897320816], [77.15532161185152, 8.381098904717803], [77.15592359732882, 8.382650681005572], [77.15995907703648, 8.381241615973316], [77.16129235872963, 8.37398218689385], [77.15937053970083, 8.368412801521512], [77.15603067126037, 8.365929105792501], [77.15353354170128, 8.361305000261389], [77.15301632777407, 8.355142512345418], [77.16993410518201, 8.361982761309985], [77.17429510886467, 8.358634005628943], [77.17547229619184, 8.349862953326125], [77.16798548444032, 8.344422823797927], [77.16713827859635, 8.343267934227665], [77.17054057999673, 8.334590490915259], [77.17964601793189, 8.323750454628675], [77.17436645122397, 8.319955721052613], [77.17223950035181, 8.32100365038865], [77.16548843013481, 8.331335387398655], [77.13906825910047, 8.327897414661047], [77.12121841749527, 8.321614522237805], [77.12447805579363, 8.312072046465271], [77.12046042692924, 8.309258367661235], [77.10701174901095, 8.306248430960737], [77.09740236831348, 8.2960281653024], [77.09606907616728, 8.293169932129063], [77.11147979597544, 8.283101266641289], [77.12700186606456, 8.27007180072325], [77.1339269052317, 8.26651341589538], [77.14941332149994, 8.255584177641117], [77.15563379510674, 8.249216560103463], [77.16973349656796, 8.237738842927108], [77.18134945867517, 8.223978004376779], [77.18738259946439, 8.217565828147327], [77.2115910449315, 8.20458984820229], [77.22470529178086, 8.19549331055643], [77.23201371531825, 8.185166016320007], [77.24040578798963, 8.176506483796423], [77.24512797381074, 8.174905638574655], [77.24867290913903, 8.172832177516277], [77.25709168083267, 8.171953703595305], [77.28463556910638, 8.157216413737784], [77.30042527616855, 8.145016269239287], [77.30247198931883, 8.140735564238332], [77.30189231442073, 8.139946313000921], [77.30415752699945, 8.136361137214179], [77.30431802391227, 8.132379167133198], [77.3081885536873, 8.127599039502249], [77.31236669217643, 8.125556729488842], [77.31300433862975, 8.123982659685948], [77.31443125169193, 8.123790955262043], [77.31658946839848, 8.121717491433778], [77.31805209681028, 8.121757570014584], [77.31900190148062, 8.123880102559152], [77.32216783201699, 8.123447619795693], [77.32388016648389, 8.126412890208051], [77.3365172551604, 8.125476470093881], [77.3614882102985, 8.119519138939673], [77.42573933830128, 8.099832181753264], [77.44985866496556, 8.0939997248467], [77.4834803163627, 8.088836095441406], [77.48631180318809, 8.089660971673037], [77.48675324031097, 8.088140416074216], [77.515657183098, 8.0829991337242], [77.53031418183684, 8.080408366057542], [77.5331234234366, 8.077741853476104], [77.54040961415215, 8.078807532908263], [77.55093309269246, 8.077960287720593], [77.55360852679934, 8.086102671242896], [77.56118901808335, 8.09135098025229], [77.56433272096814, 8.09233647494052], [77.56126038534785, 8.095034183592357], [77.55899961300268, 8.095489069169203], [77.55822373849901, 8.103417304641747], [77.55801417887905, 8.10824653148272], [77.55709555799568, 8.111960974845442], [77.55936082883329, 8.117646347251858], [77.5586116326835, 8.118680813565707], [77.56476519740394, 8.124798739281827], [77.56620105980674, 8.125052843841576], [77.56730693606504, 8.127585686148283], [77.57906555010723, 8.137730129342936], [77.58758693931802, 8.141506929680176], [77.61955869041566, 8.152369329889785], [77.65099536262397, 8.159405788350998], [77.66096588745461, 8.15878596898145], [77.68566479664396, 8.16213028833581], [77.70944523585847, 8.1660855071669], [77.72023176918688, 8.168484517651786], [77.72300090100397, 8.171079703623494], [77.74471226841459, 8.176916702401343], [77.7550886070467, 8.183913007023323], [77.75667604240147, 8.187132502518082], [77.76921058656411, 8.194436502185852], [77.77649227256893, 8.197201158492463], [77.78276174146187, 8.203359134583598], [77.78400583397165, 8.209668758555377], [77.78209731193604, 8.215661829465109], [77.78535692368008, 8.22397800952715], [77.79795838360343, 8.233948569143173], [77.79931837888525, 8.236900508583444], [77.80761675293972, 8.242692857212585], [77.85332704337647, 8.257666585725131], [77.88611482341597, 8.2721452882861], [77.89533624235374, 8.280399021447257], [77.90237266407547, 8.286347488379333], [77.92935470696865, 8.29985856570408], [77.94820332973336, 8.311354144007694], [77.95330455970014, 8.314725175652493], [77.95420970397498, 8.319835364012679], [77.96485360113586, 8.328601969713093], [77.97174740523528, 8.33326167439274], [78.01562047701135, 8.35520496277255], [78.033983077613, 8.361474445332634], [78.05817366931417, 8.36974162174719], [78.0673326942805, 8.373161763879148], [78.06638732275205, 8.374521731582039], [78.06084917024448, 8.374646646597416], [78.05689840780902, 8.379413422298082], [78.05718372570988, 8.391979119352866], [78.06128614205419, 8.403884935037679], [78.063444333467, 8.417070511770353], [78.08382246129689, 8.444467209263316], [78.10210477502828, 8.46602250338529], [78.12696425809577, 8.49163111510582], [78.13060285297902, 8.49722731919158], [78.12607684278649, 8.501213736195432], [78.12487739771063, 8.506034019365153], [78.12189869538906, 8.515696868244495], [78.12524745645871, 8.540904222801544], [78.1295594637043, 8.550607180697774], [78.13208769863621, 8.554477713973855], [78.1327030865028, 8.562624485547627], [78.13781763669233, 8.587537457301075], [78.13301073559444, 8.60017457035004], [78.12705788045663, 8.61660189266097], [78.12760630048923, 8.640056788599336], [78.13041561443194, 8.659899750860044], [78.13133414162836, 8.663302057505229], [78.12629985019494, 8.665272985329029], [78.12883703764851, 8.668278399971756], [78.1292116069933, 8.67296488620477], [78.1320163541311, 8.677107437262467], [78.13324712712087, 8.686065753184224], [78.13754123491124, 8.695603746772951], [78.14881831179225, 8.706934363055678], [78.15463293991736, 8.713404543344385], [78.15428064220539, 8.71687815780467], [78.15565851102062, 8.725889999949546], [78.16224463249064, 8.739343113028632], [78.16330587846107, 8.74153696581468], [78.16544625590367, 8.742286085853092], [78.16675726785834, 8.74350792277913], [78.1792293760369, 8.74979521320001], [78.18644414666046, 8.750374901622129], [78.19098800814278, 8.748029408428682], [78.19271365543219, 8.750820852649472], [78.1961962551016, 8.753197527512958], [78.1954025479818, 8.7572731349155], [78.1972262915932, 8.759012182335196], [78.1965797157532, 8.759908483231087], [78.19767217966488, 8.76010025471965], [78.19683831178493, 8.760934051335097], [78.19767217966488, 8.761790188842856], [78.19869776723138, 8.77214871912328], [78.19967430511981, 8.772001559224575], [78.19851943135752, 8.77404383571921], [78.1971861198372, 8.77197480146011], [78.19632111908619, 8.77161807669874], [78.19610704160684, 8.770378456381433], [78.19590191984433, 8.769714041247802], [78.19514386146957, 8.769442013923195], [78.19505021244777, 8.768139937333947], [78.19515281768548, 8.767413166515926], [78.1887495375751, 8.763783406083775], [78.18198505352325, 8.76650349290273], [78.18036645937212, 8.768755301145712], [78.17999633248279, 8.766904801609279], [78.17907327071377, 8.767078683467998], [78.17591180556413, 8.769210156296428], [78.1688619155272, 8.77100714675083], [78.17015505537832, 8.774663681795511], [78.16808157085032, 8.77713844743215], [78.16369833062735, 8.778253199061119], [78.16303389225043, 8.779238709163426], [78.16238736769319, 8.777798410575075], [78.16013550387105, 8.780357911566114], [78.16002842846063, 8.784317572151249], [78.16153121452993, 8.787006451269223], [78.16288672193345, 8.783653224918258], [78.16388559729313, 8.783893944130195], [78.1610986557937, 8.791871276098396], [78.16237762592938, 8.792983462569145], [78.16160253914646, 8.793605925823027], [78.16155791777614, 8.792870130082873], [78.16017560275797, 8.795099701419177], [78.16088459379768, 8.795902307863154], [78.15807982840622, 8.79696361016973], [78.15967171260247, 8.804160607927587], [78.16346644306522, 8.802385908808873], [78.16400597661877, 8.803014606500485], [78.16123686950553, 8.805123767767272], [78.16355116123582, 8.809524921383042], [78.16657444211617, 8.811745532414628], [78.16364475125086, 8.813029736487621], [78.1642467348586, 8.819080745575269], [78.16802364490097, 8.825854148914964], [78.16520097752866, 8.82939464581901], [78.16547748101765, 8.836992942053884], [78.16669481837782, 8.842388481957004], [78.16578964467193, 8.865727373616254], [78.16846061103797, 8.87711149496746], [78.171639954909, 8.885873587347817], [78.17756168961594, 8.892236749711868], [78.17853372719374, 8.891995962912889], [78.17998293970916, 8.892687124309559], [78.18076328335117, 8.897204213052301], [78.17954593431155, 8.901694476838562], [78.18126715981741, 8.908802352173076], [78.18920885314422, 8.928863803174849], [78.1984035259201, 8.943449503366548], [78.20667066312272, 8.952412306656585], [78.21504486548251, 8.966039372572956], [78.24964751472417, 8.991072774376503], [78.27428401569841, 9.006255978407538], [78.30331722094789, 9.028578215920575], [78.35927450324715, 9.071260789772204], [78.37833711465701, 9.089774930069135], [78.40922975238978, 9.111646823695157], [78.42620999804983, 9.117947576466749], [78.46142798178877, 9.126424311908877], [78.4693251033174, 9.127815555461023], [78.48857061205518, 9.129064064955067], [78.50795431234464, 9.134740506181238], [78.53821822484517, 9.138405919911238], [78.55802109538376, 9.136938815407118], [78.56984658257437, 9.133590039301682], [78.57824752518592, 9.130999286946276], [78.59040750993184, 9.140693378195353], [78.60725844374372, 9.14859051642982], [78.62723972723084, 9.153972637087584], [78.65707555811777, 9.157695924975764], [78.65753485969202, 9.158614532711397], [78.65195202985566, 9.15895787537853], [78.64749734999992, 9.164380147063953], [78.64483083605124, 9.166899578688499], [78.64230701444751, 9.16975782459261], [78.64302048185333, 9.17769952273208], [78.64968679737852, 9.18768791097007], [78.64909370954571, 9.18541819757925], [78.66379988257472, 9.193614009922959], [78.68148910646643, 9.195678620287984], [78.69867446430386, 9.192994184127516], [78.70542998765379, 9.191041101800746], [78.71270284346501, 9.190211696859473], [78.71725556970348, 9.189542888557492], [78.71902582096789, 9.192102405571985], [78.71589111466632, 9.198675144555704], [78.72195990640503, 9.205617892416019], [78.72601326030058, 9.207691377559057], [78.73260379163176, 9.211887414292422], [78.73971603292247, 9.212583032315226], [78.7446344839597, 9.21438898538603], [78.75635741593575, 9.216426763677973], [78.76427229477991, 9.221385301873188], [78.79486620420155, 9.230727099820337], [78.80559031805807, 9.236662203003286], [78.81764772651653, 9.23803113380676], [78.82232533454894, 9.240055592178624], [78.82265536687717, 9.239355474559304], [78.84982016082675, 9.251537742446908], [78.85637062754951, 9.252309194677755], [78.8614985241859, 9.255430535974694], [78.8677413063435, 9.25397683375559], [78.87391269110243, 9.257231999147779], [78.88874814145807, 9.2541151265613], [78.89569538620779, 9.25153776776766], [78.91615375343342, 9.258783767970556], [78.9232035877444, 9.26638206682156], [78.94899057529075, 9.272486563149807], [78.98255868613933, 9.274742935611437], [78.99584238216507, 9.27351221038034], [79.00220100308324, 9.272071942517488], [79.03620166579483, 9.266498041804663], [79.05407379585151, 9.263613029035554], [79.06005787475014, 9.262792521771742], [79.06522593585208, 9.26154396705462], [79.07166047193427, 9.261780272937893], [79.0785007054644, 9.26189179812068], [79.08314712026404, 9.261824865046549], [79.09303294938461, 9.26240457590853], [79.1135715388013, 9.267452261863712], [79.12707820931352, 9.271938116048421], [79.14057589845494, 9.273382888226495], [79.14391569774399, 9.276361591932297], [79.15234792029297, 9.277061638333661], [79.1527046436936, 9.277895462278332], [79.15322637724051, 9.277293488978449], [79.18171557309151, 9.281788292835012], [79.18847996608831, 9.28246161394974], [79.18516687734656, 9.282978854287737], [79.1677897486, 9.284472665526703], [79.156142623702, 9.285297594963728], [79.1398044764028, 9.291874806204575], [79.13588042863509, 9.290947273344162], [79.13213927061811, 9.2880399366351], [79.12125461030509, 9.290902660725258], [79.10056877452415, 9.29183909116016], [79.0827992718448, 9.295415265327378], [79.0778541886279, 9.295468846789298], [79.07081772378989, 9.295143257468421], [79.03398996473398, 9.317296095180787], [79.0064326914096, 9.338195907629306], [78.99412561286694, 9.349544331905289], [78.977921208149, 9.364134527450897], [78.93412840008328, 9.411151236737753], [78.91704110808799, 9.436617155326124], [78.9001411281034, 9.469364858334483], [78.89790714311559, 9.484285019258692], [78.8992760705345, 9.49152657950902], [78.90421227011956, 9.496806123600772], [78.9103167644594, 9.498420299584383], [78.91204693472851, 9.496074879031974], [78.91325982281165, 9.496164071075096], [78.91522624418903, 9.499031218179313], [78.91353178809509, 9.505158037608442], [78.91560526095027, 9.512319314165696], [78.91768766837107, 9.5188697691663], [78.91698317731996, 9.519173002657887], [78.9202026425131, 9.527172591315503], [78.91787052440505, 9.540108438597159], [78.9201402243549, 9.559224657137905], [78.92124164428004, 9.560321596176413], [78.9234667196292, 9.572035647044393], [78.92557140374339, 9.582019575065724], [78.92559367620267, 9.585881129623589], [78.92909410090859, 9.591428261857985], [78.92994577212923, 9.596605318868304], [78.9341864069473, 9.603583816199547], [78.93412391145549, 9.607008358175424], [78.94702414722673, 9.62008245588433], [78.95482308171466, 9.625192572546453], [78.95784194180828, 9.629384122636317], [78.957480694991, 9.630427604544003], [78.959808409141, 9.631546774280537], [78.95818972473765, 9.637022543514316], [78.959264391983, 9.641718038285552], [78.96401330661133, 9.640955525895167], [78.96662631406001, 9.648477971856687], [78.97125484257704, 9.657240133506436], [78.9753840036373, 9.678692895612656], [78.98171593274363, 9.691227389815062], [78.98988950204976, 9.700002955034734], [78.99026848557216, 9.703650433403032], [79.00027024809167, 9.714981075434284], [79.00129139742235, 9.715177217724674], [79.00403821643599, 9.71812027262204], [79.00394902626874, 9.719493683113011], [79.004747163194, 9.71870437671799], [79.00866227706221, 9.725593671983093], [79.01568984776422, 9.732295747907852], [79.02285118176678, 9.74413907530303], [79.02657445762772, 9.749222492526563], [79.02688663569012, 9.748272700762278], [79.0317514806512, 9.755661455285514], [79.03211270802778, 9.756357046806752], [79.04122710546805, 9.766247342980979], [79.05369032204214, 9.771089900304675], [79.0586176022523, 9.7724499543833], [79.06193518790433, 9.781880920291636], [79.07329698711082, 9.796751993586541], [79.07754200415567, 9.799922433192554], [79.079031378661, 9.801442983281424], [79.0802085541938, 9.809326659643643], [79.08492185144983, 9.818739849979263], [79.0939024748497, 9.829361452738382], [79.09041993028738, 9.831978916318416], [79.0867188710699, 9.834154940740413], [79.08883248690289, 9.834484977637361], [79.09424580165216, 9.830039251762846], [79.09871384946733, 9.833838381363522], [79.10415839924573, 9.838168168135068], [79.10061341085273, 9.841097822272628], [79.09882087529814, 9.843322914931935], [79.10025666432227, 9.844254828884132], [79.10350731694804, 9.839706593376556], [79.10594652615816, 9.838903948738437], [79.10867992073693, 9.842257140553594], [79.10894297664034, 9.848597974495537], [79.10648161351253, 9.852209871950775], [79.105995554416, 9.853070487474284], [79.10930865157323, 9.851790684104815], [79.11545770813991, 9.84907512856812], [79.1169337396814, 9.850426247972168], [79.11018259519048, 9.857841691737496], [79.11131079172587, 9.858755849549368], [79.11585463295046, 9.854390360977185], [79.11881544854688, 9.85323098273978], [79.1214597375814, 9.857101478505875], [79.1222043432933, 9.860298677872214], [79.11632728751204, 9.86075800297093], [79.11295619080316, 9.860231821423238], [79.1131478951355, 9.861172682118962], [79.11634512186168, 9.861912844671837], [79.11740638888476, 9.871120882911162], [79.11659928252017, 9.872485418347969], [79.11769173484325, 9.873145318514933], [79.11860144168502, 9.878447228094775], [79.12008181827117, 9.878050390524614], [79.12162911155518, 9.880079244951425], [79.11879761466012, 9.887789034516647], [79.1181599863966, 9.889800070347794], [79.11667957991594, 9.890286136119535], [79.11714327020479, 9.891124472908084], [79.12141511102136, 9.887722121625842], [79.123733855245, 9.884181606277178], [79.12479960573634, 9.886014345074129], [79.12635578159147, 9.891405353574923], [79.12978928876979, 9.896876679602551], [79.12935675828705, 9.898392780103306], [79.13145702380922, 9.897068418578527], [79.1346497588728, 9.899734987668412], [79.13450702530132, 9.900707040182779], [79.13990697701418, 9.90467565264428], [79.14701482300337, 9.911435692669412], [79.13887249097738, 9.920862183394274], [79.14041534395743, 9.920228986003824], [79.1419046832224, 9.918654898567473], [79.14370614009866, 9.918703949657168], [79.1446425568665, 9.9199570020972], [79.14585991930383, 9.918534517148185], [79.15099232468297, 9.920202203991394], [79.15338243168229, 9.92367585139916], [79.15307919320772, 9.928803840948769], [79.16148907216608, 9.937409917245576], [79.17108949687197, 9.946328156226164], [79.18465857831968, 9.961083301658357], [79.19890532581299, 9.974233140648511], [79.20336001158304, 9.98157728119029], [79.21173417550118, 9.992805359410864], [79.21658122932267, 9.997545321994671], [79.24441048627004, 10.027216223745112], [79.26611294228233, 10.039233488754476], [79.25490277999992, 10.045257772233276], [79.24739807971572, 10.052918429409681], [79.24577497924125, 10.056512526813673], [79.24495898746699, 10.056512466268451], [79.2454583573786, 10.055090017297582], [79.24304158538838, 10.056289557972555], [79.2434428793292, 10.057123434602772], [79.24132032124092, 10.057404361219154], [79.24449076123356, 10.05833628914423], [79.24414298860269, 10.062964787178377], [79.23847098114027, 10.062518946750878], [79.2382123292306, 10.064721705263857], [79.24562785345415, 10.064155418493229], [79.25025188088838, 10.067825276931833], [79.24741588935593, 10.071196358671472], [79.24540931530981, 10.070696937003682], [79.24058009482474, 10.071477269153336], [79.23966596781321, 10.07025544016653], [79.23831042085698, 10.070768247501784], [79.23758806827944, 10.073666705995466], [79.23661152825613, 10.07373799344879], [79.23341431910728, 10.077884965705236], [79.23252249554743, 10.077323122592027], [79.23232191152647, 10.07874115352563], [79.23324488704976, 10.078696495606367], [79.23168418745733, 10.081965079013631], [79.23080577161974, 10.079432306271636], [79.22985600968545, 10.079592803643896], [79.23005221027299, 10.083271613650544], [79.22931198117888, 10.084261487617988], [79.23075224719204, 10.084190131896959], [79.22589180963206, 10.101009853271503], [79.22812142379482, 10.10506322171825], [79.2280544733188, 10.106249342720854], [79.22889281375991, 10.107569203519413], [79.2271761096406, 10.10917450205707], [79.22913806694167, 10.116549882646224], [79.23023498624158, 10.118975583551284], [79.23110901876682, 10.122792579643312], [79.23074338381923, 10.125262963379157], [79.23339203222635, 10.127104526097568], [79.23075224719204, 10.129699735288193], [79.22657406392322, 10.134805416482562], [79.22607467974, 10.146711203132549], [79.22818828816867, 10.152285066491178], [79.23181352248186, 10.154144563720656], [79.23880096349791, 10.159865546965586], [79.23865821507914, 10.16543047762497], [79.23610763686378, 10.171597439496974], [79.23999594597461, 10.17895052024087], [79.24266248837984, 10.186294600989456], [79.24811158116016, 10.192265351512908], [79.25488049821746, 10.195600808637922], [79.25694949830375, 10.196260743444535], [79.25691827007616, 10.197009865835946], [79.25997721055231, 10.193723540900507], [79.26388784292442, 10.197451314057307], [79.26335717296863, 10.199841352252887], [79.26449876772169, 10.198962930738801], [79.26489110975018, 10.197455802744518], [79.2716332693102, 10.208215602569787], [79.27734988872928, 10.213294478082], [79.27865636288261, 10.216554123187848], [79.27726964189482, 10.223291783986062], [79.27618161532352, 10.223501383925825], [79.27686384816707, 10.222618486565603], [79.27085741364837, 10.225672934808195], [79.26843166204463, 10.228352919718386], [79.2674818506268, 10.22847777349893], [79.26896677615464, 10.234238883782302], [79.284676143363, 10.251486677354572], [79.30163416483818, 10.265046844664814], [79.31688874748806, 10.275048585260455], [79.3292359778116, 10.284341366473095], [79.34388414880252, 10.288470519902454], [79.35279782848762, 10.288916357879176], [79.36033822888116, 10.291226231569643], [79.37319822311855, 10.307921090038105], [79.37916008653964, 10.313481551095098], [79.38979949952547, 10.317766805330013], [79.39589953759213, 10.31863634142056], [79.4032124210539, 10.317200458356252], [79.45958442746598, 10.316803615410887], [79.50558899440801, 10.314774719534505], [79.51394528408709, 10.313276483597654], [79.52561475559511, 10.318029863737898], [79.52798701875548, 10.319902689372666], [79.54255935122296, 10.324705146497267], [79.54476213932756, 10.324201277706317], [79.54922123917605, 10.31780691165118], [79.54135986631076, 10.31501108607879], [79.53665551344729, 10.312875181396986], [79.53139819688057, 10.311087069612542], [79.53074271574404, 10.309165134436563], [79.53557199669326, 10.30804594818108], [79.55979379060798, 10.305544404011833], [79.5991498238079, 10.301428612055629], [79.6466883036003, 10.293183759557964], [79.65662762452725, 10.289803790715121], [79.67433473493638, 10.28872017792462], [79.71072994450961, 10.279891198979673], [79.73837187663179, 10.275869096222115], [79.74061481189169, 10.276676119238113], [79.74165821540691, 10.275418675476356], [79.74991199454173, 10.274789998970574], [79.75247156596578, 10.27762150354879], [79.75277480108905, 10.276399693498647], [79.75056306051164, 10.273407646522971], [79.7736344545209, 10.271887109450176], [79.77825407187825, 10.272908219696392], [79.77908789558224, 10.27627039642642], [79.77745591016411, 10.281866562992745], [79.77704566371752, 10.285317923858486], [79.77421409044722, 10.288100358732695], [79.77285412994306, 10.29133771425279], [79.7697862297468, 10.290610835463704], [79.76789109859693, 10.288631037318497], [79.75895957994099, 10.292858270938806], [79.75537441811008, 10.294476866842807], [79.75135230798158, 10.29882899872579], [79.75017065885478, 10.300911378718425], [79.74873486136127, 10.300719617245528], [79.74872142738997, 10.314377837518968], [79.75229316671633, 10.314551772562544], [79.75265886340271, 10.313102556065289], [79.76153240910341, 10.312509538227442], [79.76295046204075, 10.312892995219999], [79.76284788388607, 10.310868531164866], [79.76407410858538, 10.308991227978582], [79.76012785139655, 10.309459510869036], [79.76071193860074, 10.307038209645773], [79.77855730473125, 10.293696520208616], [79.78004214708976, 10.291993178988577], [79.78201759307316, 10.29474445476321], [79.78338647996253, 10.296059844855256], [79.78311893112114, 10.29189061054528], [79.78636068269616, 10.288497258129235], [79.78714105978017, 10.2804530196619], [79.78344891931404, 10.277951462593922], [79.7835247018105, 10.27427273345556], [79.78009124508853, 10.272471194652478], [79.80054957628852, 10.274232552063802], [79.8016821542947, 10.278428602229646], [79.80287722904261, 10.275873481603146], [79.80182932680209, 10.274352955776328], [79.81392690955929, 10.275614935024189], [79.81590673144638, 10.277652672571241], [79.81325800961667, 10.281451831744404], [79.81006084952362, 10.284970079633313], [79.814684898852, 10.283181992569594], [79.81293693927057, 10.288283199693913], [79.81444856763525, 10.287534102659587], [79.8191975583654, 10.278834345222652], [79.81617871302153, 10.276127684326475], [79.85424164310906, 10.281228864089453], [79.86404273431519, 10.284136252094468], [79.8716410220335, 10.28962090111244], [79.87642564415587, 10.296024200923618], [79.87599312828613, 10.297397630858557], [79.87816918618584, 10.299555829295127], [79.88077324193469, 10.306837542096712], [79.88121470539159, 10.324392997085607], [79.88008212119091, 10.325155495859917], [79.87784809542777, 10.336726872720002], [79.87251950962235, 10.354398253751638], [79.8671685546724, 10.387672123216975], [79.86632128962422, 10.399279174897018], [79.8658307865188, 10.404688055367783], [79.86606715124803, 10.414716569284185], [79.86647288358574, 10.423416296265437], [79.86406503819111, 10.455566398752055], [79.86355666223827, 10.456079139285482], [79.86288779601657, 10.470245699755509], [79.86203168770362, 10.471454170814724], [79.86135836609196, 10.490432088757112], [79.86061812512825, 10.510212657191222], [79.85785348981611, 10.547896486351279], [79.85883005265936, 10.55547252848473], [79.85717124824018, 10.571195289501093], [79.85280129018129, 10.575498358511329], [79.85466965065034, 10.576394615956602], [79.85694827725118, 10.57357204966509], [79.85343006400323, 10.625284221813473], [79.85333639348273, 10.676479177152501], [79.84147071412892, 10.676086742942275], [79.84902000616984, 10.679524693713773], [79.85184260873523, 10.680140091685361], [79.85310452433045, 10.679368699347442], [79.85246685965348, 10.731076413727108], [79.85061640092903, 10.75935602958355], [79.85069665579799, 10.800419901974639], [79.85081699523045, 10.821127947410984], [79.85017042525863, 10.823201383347568], [79.84912257014457, 10.824802260414112], [79.8524981404568, 10.827210148857642], [79.83519235177224, 10.827731866169536], [79.82961395600722, 10.83818843649807], [79.82711687837401, 10.849032977550497], [79.82063786051168, 10.845969573954953], [79.81048889995017, 10.852604727207634], [79.80793826689647, 10.855614602207929], [79.80749241804007, 10.865442483509545], [79.80965956105959, 10.86566544859948], [79.81355676217731, 10.860568718364188], [79.82490519302071, 10.86482711321536], [79.82480704659919, 10.869032075415527], [79.82240806799177, 10.874240286862802], [79.81110873998149, 10.875573606571484], [79.81110429363446, 10.879889936463682], [79.82744242831869, 10.881464050808523], [79.82881138350231, 10.883466211000298], [79.82713919157808, 10.884687939931668], [79.80033997422765, 10.889022220184723], [79.78881768411244, 10.889766923950123], [79.78847428788877, 10.89571083749811], [79.79194351226738, 10.897084240590745], [79.79540823948373, 10.902738450062735], [79.78977191665999, 10.908325674980777], [79.77706798952153, 10.90712167965543], [79.77408928427037, 10.896393077931506], [79.76403843341052, 10.892558274838168], [79.75642235470923, 10.892036543230237], [79.75586048494456, 10.894600526053713], [79.75715807618434, 10.896954974221043], [79.75772438678587, 10.905529835884442], [79.76245100198942, 10.913105814140673], [79.75976218536167, 10.916155869132188], [79.7435087226777, 10.916071078855923], [79.74379863913714, 10.919161262822358], [79.74209968788719, 10.925109708045936], [79.72470030611464, 10.929720461000272], [79.72628327409772, 10.93727862702724], [79.72458878263086, 10.9408637230965], [79.73439880766264, 10.94829704283394], [79.73268649786705, 10.951427308554953], [79.72085202357998, 10.9518732647408], [79.71974178455547, 10.954446142063698], [79.71834161919821, 10.954834078458992], [79.71838176362571, 10.955913192019858], [79.71974178455547, 10.955944416098266], [79.72010735780466, 10.966771064728501], [79.72176170572419, 10.96917005588494], [79.73171445133994, 10.970008402427856], [79.74184998536475, 10.96643223936565], [79.75274801992471, 10.958258633892019], [79.76388238643453, 10.960439146759201], [79.75291298492412, 10.985173766778326], [79.74827998767876, 10.9917241884976], [79.74697790321481, 11.001993494821141], [79.75815688173138, 11.002274443657615], [79.7665668011743, 10.997877756311095], [79.78455922051083, 10.997084056065331], [79.78807743480843, 10.988411098705088], [79.7942890084891, 10.982997796651443], [79.7994749649717, 10.982846138867362], [79.80535651951821, 10.992691842166163], [79.80313137810404, 10.995541194198895], [79.80596741671872, 10.998979148575668], [79.81486325839042, 11.001895424763097], [79.82844121286078, 11.00069148338179], [79.82941331356369, 11.002136209502957], [79.83327493813613, 11.002760478888417], [79.83951762090825, 11.001659126064112], [79.85068323725736, 10.989971800815384], [79.8519451694302, 10.983845021677608], [79.85381799222617, 10.983220764018522], [79.85626158459712, 11.023308047197348], [79.85656925091519, 11.03049162096143], [79.85597622312794, 11.047592336372514], [79.8575279664655, 11.093989252284269], [79.85784007236386, 11.135409848101316], [79.85580230515805, 11.179835896335746], [79.85349698366639, 11.201819201625486], [79.84704015622748, 11.242191934141994], [79.83925015600914, 11.279131122557663], [79.83448779471522, 11.318576316613049], [79.83622686592346, 11.334530983246097], [79.84249635072095, 11.351154502461325], [79.8353885359761, 11.35544865092674], [79.83218687502624, 11.35648311638556], [79.83018920827857, 11.36395214259931], [79.82149847389212, 11.38367031512647], [79.81427465345004, 11.41557518019358], [79.80845106726738, 11.43947593595896], [79.80062534419028, 11.458048133905233], [79.79636248671879, 11.46545911940825], [79.79596113626846, 11.464647578287863], [79.79481959090796, 11.465882760421001], [79.79814164550619, 11.458783865254793], [79.79607265594495, 11.459760389280088], [79.79144412951935, 11.466881550928637], [79.79029363129388, 11.471527982143536], [79.78423821736128, 11.478983602395394], [79.7795472309049, 11.48584171247304], [79.77687620982678, 11.48969436048459], [79.77608693194772, 11.495112147694323], [79.77824517589177, 11.50151984566448], [79.77463778002085, 11.5009491515292], [79.77489192436296, 11.502911113422387], [79.77427208804897, 11.503686993428461], [79.77272923631445, 11.501069476067453], [79.77115521939024, 11.506121702485492], [79.77355421536569, 11.50455655799801], [79.77358988672614, 11.506995648533877], [79.769830799447, 11.51157066570995], [79.7594902020941, 11.541424409395962], [79.75701536431824, 11.560906143516887], [79.7582014572533, 11.604435923063413], [79.76464490943891, 11.646199893948735], [79.77699211598078, 11.70000336641225], [79.78425600813372, 11.727284154177214], [79.7881265283675, 11.741446233520179], [79.79090899404109, 11.759487768315292], [79.79500243756377, 11.77825165136081], [79.79586304330832, 11.78572070105945], [79.78399290961633, 11.786273609806132], [79.78048804830283, 11.781109977514804], [79.77084306457287, 11.782666238458656], [79.77070482301035, 11.787843212513959], [79.76881860835319, 11.790728253923835], [79.76591131798999, 11.791825170682769], [79.76199619831368, 11.790790657824141], [79.75746574439388, 11.782701875044959], [79.75673892359639, 11.779683093555093], [79.74611733791161, 11.777993101187029], [79.7261806537736, 11.782519087466335], [79.71897922014008, 11.785662700422716], [79.71235750135315, 11.791508612277507], [79.71386467494628, 11.796159453835418], [79.71795814913202, 11.797541737374623], [79.73109012110766, 11.809358362497724], [79.73463064476516, 11.816020243744475], [79.73059518973666, 11.837053860465609], [79.73752911401361, 11.843965447659977], [79.76522460392235, 11.832652689670093], [79.76522905256671, 11.826802400861824], [79.773353531618, 11.824773478082754], [79.77470458814612, 11.8286439991802], [79.77837895774833, 11.831716286740233], [79.78648555717514, 11.830985005614753], [79.7950693159004, 11.82568756196594], [79.79822194797676, 11.835676000572604], [79.80075917785412, 11.836425154168422], [79.80462966266272, 11.83351775410971], [79.8070643531424, 11.833535644906013], [79.80782684764752, 11.836576697316058], [79.80691718932317, 11.836875498695065], [79.80515582210899, 11.848585101360134], [79.80217267135951, 11.85450229920949], [79.78873745866274, 11.855469903369913], [79.78125504789962, 11.85436851422729], [79.77790182434887, 11.8470645772207], [79.77588180580312, 11.838413846622545], [79.77243496570168, 11.836621334709411], [79.7658309863202, 11.841071527240006], [79.76217012933905, 11.848393346496758], [79.76584441771199, 11.8549661029212], [79.7707315987753, 11.862492981948611], [79.77009393987076, 11.87460392043073], [79.76159041496966, 11.876927161518642], [79.75742561753805, 11.876066487669085], [79.75373789090352, 11.864196420531618], [79.75392963488828, 11.850123439415922], [79.75104461866708, 11.848000939865507], [79.74302720940446, 11.848593966240346], [79.743045008413, 11.852794477643732], [79.74405278590784, 11.852919323816996], [79.74332149159463, 11.859706046880527], [79.74016443227563, 11.86447286309276], [79.73398408390263, 11.865355806065057], [79.7229165984105, 11.862555453581805], [79.71629037760715, 11.8561120277628], [79.7082640278023, 11.869083556575665], [79.71026614574092, 11.886161900913818], [79.71009228478593, 11.888855222026333], [79.69685765912773, 11.888583199575086], [79.68793496393972, 11.886500791920522], [79.6850588640768, 11.880984884439096], [79.67404485037646, 11.880695034254792], [79.67384865323518, 11.890732528970432], [79.68201774782395, 11.891900771626807], [79.68687817556604, 11.889666763428757], [79.69551989364601, 11.896997515727694], [79.69790105953737, 11.90473412352743], [79.69775388662052, 11.907596833729158], [79.6955912131031, 11.9082924160916], [79.69617537982208, 11.918980886350466], [79.71859130183756, 11.919038892622543], [79.71795361253433, 11.913362479699899], [79.70659633245195, 11.91156541101781], [79.70528088490991, 11.893920795039866], [79.70977563612308, 11.891668962392181], [79.7274872353551, 11.890282109004714], [79.73051046145603, 11.892890712669802], [79.73731508458799, 11.909416118841024], [79.72645718917364, 11.92195515926795], [79.71752999601308, 11.928987099791177], [79.72089216688069, 11.944901652495842], [79.71145226050865, 11.94902189503357], [79.70938322649381, 11.948910403428503], [79.70793846967445, 11.946301807335832], [79.70935651792249, 11.937067033298609], [79.70661413871592, 11.936647882036116], [79.6989534373086, 11.941650986247948], [79.69177430097406, 11.95201396684592], [79.6956893307749, 11.963910857264349], [79.70136576038712, 11.963362326045834], [79.71502848629255, 11.967638618949016], [79.71551006487711, 11.971535841356369], [79.71001198847512, 11.976561287328527], [79.71242435612956, 11.986554171337179], [79.71729366351569, 11.990371091911369], [79.70878570591032, 11.993247229084142], [79.68511238132002, 11.990754624669213], [79.68327522314028, 11.988275385116514], [79.67426339858639, 11.992935082413789], [79.66138099249355, 11.989515010525839], [79.65702446189988, 11.99138775559625]], [[79.87545799162497, 10.29902072102448], [79.87484714747872, 10.299444302838323], [79.87542680441287, 10.297919290211157], [79.87545799162497, 10.29902072102448]], [[79.85986010237005, 10.472537703394533], [79.85968174815405, 10.471770770921015], [79.86043088471249, 10.472078463261672], [79.85986010237005, 10.472537703394533]], [[79.2220926780678, 10.106356316053073], [79.22312720058967, 10.105308432878743], [79.22405026632349, 10.105312937316803], [79.2220926780678, 10.106356316053073]], [[79.22025106043054, 10.110721783208936], [79.21969372280925, 10.109892403729212], [79.22042051588778, 10.109705097454754], [79.22025106043054, 10.110721783208936]], [[79.14491455698857, 9.922891122674478], [79.14401380122577, 9.92084882664243], [79.1446425568665, 9.9199570020972], [79.14491455698857, 9.922891122674478]], [[79.11689807119932, 9.880337889943675], [79.11582335805802, 9.879548641171084], [79.11820900836713, 9.879437151351969], [79.11689807119932, 9.880337889943675]], [[78.99940073582405, 9.718392225578082], [78.99854907200728, 9.716550613904792], [78.99966383312166, 9.716474866117526], [78.99940073582405, 9.718392225578082]], [[79.77132459863547, 11.50737021969619], [79.76737832065345, 11.513889456089057], [79.76720884834793, 11.512863825180506], [79.77115521939024, 11.506121702485492], [79.77132459863547, 11.50737021969619]], [[79.69906935906383, 11.861284613266315], [79.69974271252784, 11.874269484798011], [79.69712075779142, 11.871709954621625], [79.69599703942613, 11.860352671940786], [79.69906935906383, 11.861284613266315]], [[79.72230127946952, 10.935182851452542], [79.72293448701856, 10.93626195699504], [79.72192672798938, 10.938228367558445], [79.7205978963819, 10.936208383465424], [79.72230127946952, 10.935182851452542]], [[79.13925148800251, 9.907471476403519], [79.13738758328843, 9.908568431171808], [79.13789596371862, 9.906272019704454], [79.1395726006619, 9.905362361582046], [79.13925148800251, 9.907471476403519]], [[79.80912444994212, 10.877883339266003], [79.81027042860646, 10.879542143006686], [79.80918242474465, 10.880607868096572], [79.80632853160337, 10.879894418633546], [79.80655599132511, 10.878186561799074], [79.80912444994212, 10.877883339266003]], [[79.69676399478969, 11.813737186029483], [79.70423303313737, 11.813469652989564], [79.70200348224533, 11.822905084295149], [79.69459239306708, 11.823038890936315], [79.69334389518535, 11.814869784533128], [79.69676399478969, 11.813737186029483]], [[79.07722990485543, 9.802481981518316], [79.07671258142896, 9.812461415838307], [79.07582522991186, 9.812207247384531], [79.07607493034105, 9.807097172190772], [79.07677946645475, 9.801050632275462], [79.07722990485543, 9.802481981518316]], [[79.79064591522862, 12.017745569914792], [79.80111586709918, 12.016987485679113], [79.80521379950693, 12.021656177306035], [79.80566863857457, 12.024492187727612], [79.80494623093382, 12.025250180739164], [79.78906742598663, 12.026454176023053], [79.78928586402274, 12.018797898734478], [79.79064591522862, 12.017745569914792]], [[79.68142466891332, 11.796244167122419], [79.68393516585482, 11.802170268919205], [79.68966063098198, 11.80213908591578], [79.69061934909205, 11.808569155530346], [79.68740879756837, 11.812256805138347], [79.67593109575108, 11.814299094980695], [79.67480736893859, 11.8067943842799], [79.68142466891332, 11.796244167122419]], [[80.29937140842938, 13.098038542588556], [80.29843944140171, 13.099594837677309], [80.29682078213149, 13.099073080232463], [80.2948899481171, 13.093075637894065], [80.30031220769911, 13.091051147931012], [80.30190860911345, 13.092286335520473], [80.30339793870726, 13.096584890056494], [80.301641042235, 13.098564750244797], [80.29937140842938, 13.098038542588556]], [[79.6463360518905, 11.816243188459547], [79.65837556311558, 11.813648053294042], [79.67129359809819, 11.814878741265161], [79.67131141137023, 11.823649763415759], [79.66943860054221, 11.823988658628108], [79.66063189289616, 11.832625937172306], [79.66177789455458, 11.839417183751086], [79.65174937126577, 11.843635478206629], [79.64534610756279, 11.839060468316072], [79.64144884567193, 11.824604055331148], [79.6463360518905, 11.816243188459547]], [[79.65852271492031, 11.951117639003847], [79.67321552701995, 11.94787144751752], [79.68395742931061, 11.953730709346674], [79.68389500599177, 11.960432698654829], [79.68767192395228, 11.969114615788916], [79.6866730157258, 11.972824543783869], [79.68073353779569, 11.972873586089682], [79.66247799331734, 11.965930810439371], [79.65379609241808, 11.9606690140416], [79.65310046599389, 11.958689185166177], [79.65445162610598, 11.953922444188649], [79.65852271492031, 11.951117639003847]], [[79.60087547757459, 11.873315270503896], [79.60205712088643, 11.858346037965351], [79.61695057143838, 11.862684754168294], [79.61965275498478, 11.868914111047527], [79.62138290180319, 11.869855020753725], [79.62845507105884, 11.869797030249002], [79.6285709980265, 11.865315648841984], [79.62634145557372, 11.854667304413256], [79.6471341844439, 11.85015914903901], [79.65203033348222, 11.850337496392157], [79.6579029283924, 11.853111065505095], [79.66344111269694, 11.861583358877002], [79.66275446830385, 11.867050212067742], [79.64864133958977, 11.872949636063325], [79.64588117228047, 11.880561330259885], [79.6411456620789, 11.885898868377264], [79.63483151856188, 11.887539799441509], [79.63410918615665, 11.881056288915227], [79.62993546352618, 11.88163594342309], [79.62973034519477, 11.888279986470172], [79.62495911331669, 11.890799389045876], [79.62199377084659, 11.89063889941445], [79.61940305447115, 11.88763339490174], [79.60719405164778, 11.87859932354799], [79.60458988411345, 11.881346111667419], [79.59940840827187, 11.88300491175868], [79.60087547757459, 11.873315270503896]], [[79.62581972732164, 11.922088889351619], [79.62691664698136, 11.909915538864286], [79.62536037433185, 11.903021823102971], [79.62982844904971, 11.901612741285172], [79.64071311610338, 11.902205759947307], [79.64828018660123, 11.907730570306017], [79.65602564124883, 11.909469674219283], [79.66270093774237, 11.91516836335551], [79.6689927445463, 11.922209286367783], [79.66988453996885, 11.929762983831623], [79.66933608640315, 11.937472842217714], [79.65208823900082, 11.945552673305732], [79.6438568016714, 11.943086852974014], [79.64257256076547, 11.944415660267996], [79.64222920248227, 11.953989343194559], [79.644918036368, 11.953717342050549], [79.64743743355523, 11.95773498600786], [79.64845408160329, 11.967393392118067], [79.64438742058177, 11.96949803038737], [79.63674445918141, 11.978826469620202], [79.63806887777363, 11.993537120989416], [79.63983910817751, 11.998254852058794], [79.64582771735067, 12.007088328012005], [79.64899812237044, 12.019908206464601], [79.64837827027667, 12.023747491666093], [79.6447084118093, 12.027065042634984], [79.63983019842755, 12.0278319902007], [79.63017622421441, 12.031145118145004], [79.62552985794913, 12.032170723945892], [79.62730907399316, 12.023265927959013], [79.62088350964957, 12.012590844745034], [79.61945652505787, 12.006151891783329], [79.61968394607803, 12.000421974539075], [79.62593120211193, 12.00037731368626], [79.62361248099873, 11.989323196059848], [79.62202504681915, 11.98931432595619], [79.6208522332818, 11.98238488222034], [79.62875821162517, 11.959603332005466], [79.6284059755576, 11.945164739491696], [79.62539164913855, 11.943550521413425], [79.61891701909717, 11.943242919996823], [79.61848445227075, 11.926061964575306], [79.62581972732164, 11.922088889351619]]]}]}}]}